arrival_date,terminal,vessel_calls,avg_turnaround,avg_dwell,total_teu,delay_count,delay_rate
2019-01-01,APM Terminals,7,90.89999999999999,1.885714285714286,51230,1,0.143
2019-01-01,China Shipping,3,91.2,2.0666666666666664,31432,0,0.0
2019-01-01,Everport,8,91.4875,1.975,69001,1,0.125
2019-01-01,TraPac,6,87.51666666666667,1.8166666666666667,50964,1,0.167
2019-01-01,Yang Ming,4,92.2,2.425,48156,1,0.25
2019-01-02,APM Terminals,5,83.94,2.7,58561,0,0.0
2019-01-02,China Shipping,5,84.03999999999999,1.86,49300,0,0.0
2019-01-02,Everport,5,81.6,1.8199999999999998,33362,1,0.2
2019-01-02,TraPac,4,100.525,1.75,35308,0,0.0
2019-01-02,Yang Ming,1,96.0,3.4,16197,0,0.0
2019-01-03,APM Terminals,4,105.35000000000001,2.2,45922,1,0.25
2019-01-03,China Shipping,4,97.45,1.85,38788,2,0.5
2019-01-03,Everport,5,76.3,2.58,44367,2,0.4
2019-01-03,TraPac,4,88.6,1.9500000000000002,36015,1,0.25
2019-01-03,Yang Ming,5,103.67999999999999,1.94,32778,2,0.4
2019-01-04,APM Terminals,8,80.3625,2.15,63921,0,0.0
2019-01-04,China Shipping,7,93.39999999999999,1.742857142857143,55157,0,0.0
2019-01-04,Everport,3,87.96666666666665,1.8999999999999997,29268,0,0.0
2019-01-04,TraPac,5,90.47999999999999,2.18,51373,1,0.2
2019-01-04,Yang Ming,4,101.125,1.6,33009,2,0.5
2019-01-05,APM Terminals,4,78.75,2.275,46523,0,0.0
2019-01-05,China Shipping,4,101.825,2.2,42976,0,0.0
2019-01-05,Everport,3,106.66666666666667,1.8333333333333333,19765,0,0.0
2019-01-05,TraPac,2,97.30000000000001,1.6,17626,0,0.0
2019-01-05,Yang Ming,4,91.825,1.95,46329,1,0.25
2019-01-06,APM Terminals,1,93.6,2.1,10481,0,0.0
2019-01-06,China Shipping,4,89.15,2.375,39978,1,0.25
2019-01-06,Everport,3,80.13333333333333,1.9000000000000001,35038,0,0.0
2019-01-06,TraPac,8,89.6,2.05,79528,3,0.375
2019-01-06,Yang Ming,5,83.14,2.32,44392,0,0.0
2019-01-07,APM Terminals,4,85.125,2.4,45409,1,0.25
2019-01-07,China Shipping,7,99.7,2.185714285714286,63729,2,0.286
2019-01-07,Everport,5,95.06,1.58,22258,1,0.2
2019-01-07,TraPac,4,90.525,2.7,40108,0,0.0
2019-01-07,Yang Ming,7,94.34285714285714,2.3000000000000003,67436,1,0.143
2019-01-08,APM Terminals,4,91.19999999999999,2.675,33603,1,0.25
2019-01-08,China Shipping,4,95.075,1.85,32495,1,0.25
2019-01-08,Everport,2,100.9,1.95,8040,0,0.0
2019-01-08,TraPac,4,97.925,2.65,58668,0,0.0
2019-01-09,APM Terminals,5,96.06,1.6,27390,1,0.2
2019-01-09,China Shipping,3,95.2,1.9000000000000001,24561,0,0.0
2019-01-09,Everport,6,82.13333333333334,2.3333333333333335,64051,2,0.333
2019-01-09,TraPac,5,94.82000000000001,2.2800000000000002,47597,2,0.4
2019-01-09,Yang Ming,7,88.15714285714286,2.542857142857143,88810,1,0.143
2019-01-10,APM Terminals,6,103.85000000000001,2.3666666666666667,72540,1,0.167
2019-01-10,China Shipping,5,93.66,1.86,47468,1,0.2
2019-01-10,Everport,7,91.7,2.257142857142857,74001,3,0.429
2019-01-10,TraPac,9,89.51111111111112,2.4444444444444446,107406,0,0.0
2019-01-10,Yang Ming,2,88.5,1.55,18116,0,0.0
2019-01-11,APM Terminals,4,93.95,2.475,47875,0,0.0
2019-01-11,China Shipping,2,94.5,2.05,21834,1,0.5
2019-01-11,Everport,6,77.78333333333333,2.3000000000000003,71204,0,0.0
2019-01-11,TraPac,6,90.86666666666667,2.1,53795,0,0.0
2019-01-11,Yang Ming,4,96.075,1.65,21536,0,0.0
2019-01-12,APM Terminals,6,89.53333333333335,2.0833333333333335,48669,2,0.333
2019-01-12,China Shipping,4,90.2,1.975,19132,1,0.25
2019-01-12,Everport,3,85.7,1.9000000000000001,23369,0,0.0
2019-01-12,TraPac,4,86.675,1.95,36209,1,0.25
2019-01-12,Yang Ming,1,83.4,1.1,878,0,0.0
2019-01-13,APM Terminals,4,84.25,1.625,31055,0,0.0
2019-01-13,China Shipping,5,89.46,1.78,42121,2,0.4
2019-01-13,Everport,6,88.68333333333334,2.216666666666667,70192,2,0.333
2019-01-13,TraPac,5,94.34,2.1399999999999997,38046,0,0.0
2019-01-13,Yang Ming,2,92.25,2.55,27268,1,0.5
2019-01-14,APM Terminals,4,92.375,2.15,37298,0,0.0
2019-01-14,China Shipping,4,93.2,1.825,36398,0,0.0
2019-01-14,Everport,4,94.9,2.125,39008,1,0.25
2019-01-14,TraPac,2,73.35,2.05,18036,2,1.0
2019-01-14,Yang Ming,7,90.7,1.6428571428571428,50010,2,0.286
2019-01-15,APM Terminals,3,93.5,1.9666666666666668,34174,2,0.667
2019-01-15,China Shipping,8,100.5625,2.1125,99179,0,0.0
2019-01-15,Everport,4,82.875,1.9249999999999998,48820,1,0.25
2019-01-15,TraPac,6,93.85000000000001,2.0,47734,1,0.167
2019-01-15,Yang Ming,5,96.36,1.6,49159,1,0.2
2019-01-16,APM Terminals,8,93.08749999999999,1.7374999999999998,47559,0,0.0
2019-01-16,China Shipping,5,85.08,2.44,63006,0,0.0
2019-01-16,Everport,6,84.10000000000001,1.95,58721,0,0.0
2019-01-16,TraPac,3,84.53333333333333,2.766666666666667,38093,0,0.0
2019-01-16,Yang Ming,3,76.86666666666667,1.7666666666666666,15426,1,0.333
2019-01-17,APM Terminals,6,97.91666666666667,2.3666666666666667,75306,2,0.333
2019-01-17,China Shipping,6,90.61666666666667,2.0833333333333335,66896,1,0.167
2019-01-17,Everport,5,91.52000000000001,1.6800000000000002,30867,2,0.4
2019-01-17,TraPac,1,95.0,2.8,17500,0,0.0
2019-01-17,Yang Ming,3,93.63333333333333,2.4,35142,1,0.333
2019-01-18,APM Terminals,4,101.19999999999999,2.125,35693,1,0.25
2019-01-18,China Shipping,6,84.88333333333334,1.8,54594,0,0.0
2019-01-18,Everport,1,98.7,2.5,10464,0,0.0
2019-01-18,TraPac,5,88.02000000000001,1.6800000000000002,21300,0,0.0
2019-01-18,Yang Ming,4,88.525,2.3,45147,0,0.0
2019-01-19,APM Terminals,7,97.91428571428571,2.1714285714285713,81919,1,0.143
2019-01-19,China Shipping,5,87.56,2.4200000000000004,55851,1,0.2
2019-01-19,Everport,5,91.6,1.9600000000000002,45394,1,0.2
2019-01-19,TraPac,3,99.76666666666667,2.1666666666666665,25166,2,0.667
2019-01-19,Yang Ming,3,89.0,1.9333333333333333,28452,1,0.333
2019-01-20,APM Terminals,4,76.475,1.875,35970,0,0.0
2019-01-20,China Shipping,6,103.25,2.3666666666666667,69923,0,0.0
2019-01-20,Everport,4,89.525,2.5,43752,1,0.25
2019-01-20,TraPac,2,87.5,0.75,8913,0,0.0
2019-01-20,Yang Ming,6,85.11666666666667,2.0500000000000003,47733,0,0.0
2019-01-21,APM Terminals,6,94.43333333333334,2.033333333333333,65897,2,0.333
2019-01-21,China Shipping,3,85.03333333333333,1.9000000000000001,31507,0,0.0
2019-01-21,Everport,7,93.51428571428572,2.1,68928,3,0.429
2019-01-21,TraPac,6,92.60000000000001,2.283333333333333,62437,3,0.5
2019-01-21,Yang Ming,6,93.51666666666667,1.8166666666666667,43867,1,0.167
2019-01-22,APM Terminals,3,92.7,2.0333333333333337,39740,1,0.333
2019-01-22,China Shipping,3,91.5,2.6333333333333333,39234,0,0.0
2019-01-22,Everport,10,93.47,1.95,74392,0,0.0
2019-01-22,TraPac,2,86.55000000000001,2.65,32987,0,0.0
2019-01-22,Yang Ming,3,85.10000000000001,2.3333333333333335,36971,1,0.333
2019-01-23,APM Terminals,3,105.36666666666667,2.3666666666666667,33719,0,0.0
2019-01-23,China Shipping,4,86.275,2.55,54485,0,0.0
2019-01-23,Everport,3,88.23333333333333,2.033333333333333,27986,1,0.333
2019-01-23,TraPac,5,101.56,2.3,52219,0,0.0
2019-01-23,Yang Ming,7,93.3,2.1571428571428575,71125,0,0.0
2019-01-24,APM Terminals,3,99.63333333333333,2.066666666666667,24254,1,0.333
2019-01-24,China Shipping,4,83.65,2.125,40373,1,0.25
2019-01-24,Everport,3,98.93333333333334,2.766666666666667,38294,0,0.0
2019-01-24,TraPac,6,79.73333333333333,1.9166666666666667,56977,0,0.0
2019-01-24,Yang Ming,4,95.975,2.7,57365,1,0.25
2019-01-25,APM Terminals,7,81.31428571428572,2.4714285714285715,72415,2,0.286
2019-01-25,China Shipping,6,93.8,2.4833333333333334,56597,2,0.333
2019-01-25,Everport,5,95.22,2.56,56724,1,0.2
2019-01-25,TraPac,3,93.06666666666668,2.1999999999999997,22929,1,0.333
2019-01-25,Yang Ming,2,98.44999999999999,1.75,13592,0,0.0
2019-01-26,APM Terminals,6,100.11666666666667,1.75,35874,2,0.333
2019-01-26,China Shipping,5,82.64,2.2,50117,1,0.2
2019-01-26,Everport,2,67.6,1.25,12025,0,0.0
2019-01-26,TraPac,6,90.66666666666667,1.4666666666666668,47712,1,0.167
2019-01-26,Yang Ming,8,90.7875,2.1125000000000003,64461,0,0.0
2019-01-27,APM Terminals,1,74.2,1.1,6730,0,0.0
2019-01-27,China Shipping,6,88.91666666666667,2.5500000000000003,85294,0,0.0
2019-01-27,Everport,4,78.675,1.4,22463,0,0.0
2019-01-27,Yang Ming,4,84.6,2.0,35994,0,0.0
2019-01-28,APM Terminals,5,76.4,1.98,41137,0,0.0
2019-01-28,China Shipping,9,87.87777777777778,2.3111111111111113,92327,1,0.111
2019-01-28,Everport,1,77.8,2.4,10972,0,0.0
2019-01-28,TraPac,2,98.69999999999999,2.25,22913,1,0.5
2019-01-28,Yang Ming,9,87.66666666666667,2.088888888888889,86468,1,0.111
2019-01-29,APM Terminals,3,73.06666666666666,2.6999999999999997,42160,0,0.0
2019-01-29,China Shipping,5,99.7,2.7800000000000002,65624,0,0.0
2019-01-29,Everport,2,94.55,2.55,16942,0,0.0
2019-01-29,TraPac,6,88.63333333333333,2.15,48383,1,0.167
2019-01-29,Yang Ming,6,96.8,2.1,68781,0,0.0
2019-01-30,APM Terminals,4,85.85,1.7,40184,0,0.0
2019-01-30,China Shipping,3,95.63333333333333,2.066666666666667,35670,0,0.0
2019-01-30,Everport,6,82.88333333333334,2.25,67326,0,0.0
2019-01-30,TraPac,6,96.89999999999999,1.8,35457,3,0.5
2019-01-30,Yang Ming,7,86.42857142857143,2.142857142857143,69627,0,0.0
2019-01-31,APM Terminals,3,88.2,1.8,30646,1,0.333
2019-01-31,China Shipping,11,92.75454545454545,2.4272727272727272,124795,2,0.182
2019-01-31,Everport,6,80.68333333333334,2.4833333333333334,81908,0,0.0
2019-01-31,TraPac,3,82.3,1.9000000000000001,34016,0,0.0
2019-01-31,Yang Ming,2,89.80000000000001,2.4,27106,1,0.5
2019-02-01,APM Terminals,3,80.36666666666666,2.3666666666666667,42586,0,0.0
2019-02-01,China Shipping,6,77.38333333333334,2.15,63163,2,0.333
2019-02-01,Everport,7,91.31428571428572,2.4,86803,0,0.0
2019-02-01,TraPac,4,96.5,2.2,38740,0,0.0
2019-02-01,Yang Ming,6,90.18333333333334,2.1,53470,2,0.333
2019-02-02,APM Terminals,5,90.62,2.4,53362,1,0.2
2019-02-02,China Shipping,7,89.24285714285715,2.1714285714285713,59863,0,0.0
2019-02-02,Everport,2,77.25,2.35,21912,0,0.0
2019-02-02,TraPac,7,91.72857142857143,2.3285714285714287,67317,0,0.0
2019-02-02,Yang Ming,4,88.94999999999999,2.225,50537,2,0.5
2019-02-03,APM Terminals,3,86.76666666666667,1.6666666666666667,19589,0,0.0
2019-02-03,China Shipping,4,93.9,1.95,31193,1,0.25
2019-02-03,Everport,3,81.83333333333333,2.1666666666666665,33620,1,0.333
2019-02-03,TraPac,2,86.7,2.5,11906,0,0.0
2019-02-03,Yang Ming,3,77.2,2.2666666666666666,39502,1,0.333
2019-02-04,APM Terminals,3,95.7,1.7000000000000002,19032,1,0.333
2019-02-04,China Shipping,4,92.75,2.25,39133,2,0.5
2019-02-04,Everport,3,90.56666666666666,1.7333333333333334,24334,1,0.333
2019-02-04,TraPac,5,92.5,2.1399999999999997,43798,0,0.0
2019-02-04,Yang Ming,3,86.03333333333335,2.966666666666667,50116,0,0.0
2019-02-05,APM Terminals,4,85.15,2.05,45815,1,0.25
2019-02-05,China Shipping,5,92.86,2.5799999999999996,77439,0,0.0
2019-02-05,Everport,3,87.86666666666667,2.8666666666666667,39810,1,0.333
2019-02-05,TraPac,6,92.55,2.066666666666667,48439,1,0.167
2019-02-05,Yang Ming,5,86.47999999999999,1.7,29106,1,0.2
2019-02-06,APM Terminals,5,75.82000000000001,2.2199999999999998,56249,2,0.4
2019-02-06,China Shipping,1,121.5,1.8,6393,1,1.0
2019-02-06,Everport,6,93.25,1.95,49578,2,0.333
2019-02-06,TraPac,8,92.4625,1.9375,74189,0,0.0
2019-02-06,Yang Ming,7,89.32857142857142,2.242857142857143,79666,2,0.286
2019-02-07,APM Terminals,5,101.47999999999999,2.04,44364,0,0.0
2019-02-07,China Shipping,6,93.61666666666667,2.1666666666666665,58982,1,0.167
2019-02-07,Everport,6,94.33333333333333,2.0833333333333335,45338,1,0.167
2019-02-07,TraPac,7,86.62857142857142,2.3285714285714287,82768,2,0.286
2019-02-07,Yang Ming,11,90.98181818181818,2.090909090909091,96466,1,0.091
2019-02-08,APM Terminals,6,94.23333333333333,1.95,55058,0,0.0
2019-02-08,China Shipping,5,81.16,1.8399999999999999,32576,1,0.2
2019-02-08,Everport,6,102.21666666666665,1.7166666666666668,47915,1,0.167
2019-02-08,TraPac,3,89.63333333333333,2.3000000000000003,24893,1,0.333
2019-02-08,Yang Ming,4,93.82499999999999,2.6,56266,0,0.0
2019-02-09,APM Terminals,5,96.3,1.7399999999999998,48109,1,0.2
2019-02-09,China Shipping,5,80.4,2.58,56215,0,0.0
2019-02-09,Everport,7,92.10000000000001,2.0,74195,0,0.0
2019-02-09,TraPac,1,80.4,1.1,7113,0,0.0
2019-02-09,Yang Ming,5,90.53999999999999,2.2800000000000002,54484,0,0.0
2019-02-10,APM Terminals,4,81.5,1.7,35251,2,0.5
2019-02-10,China Shipping,5,83.04,1.98,46850,0,0.0
2019-02-10,Everport,7,84.94285714285715,2.085714285714286,51754,1,0.143
2019-02-10,TraPac,6,88.38333333333333,2.4333333333333336,66509,0,0.0
2019-02-10,Yang Ming,6,95.64999999999999,1.9333333333333333,55122,2,0.333
2019-02-11,APM Terminals,3,96.0,2.1999999999999997,32569,1,0.333
2019-02-11,China Shipping,3,93.76666666666667,2.3333333333333335,23078,0,0.0
2019-02-11,Everport,9,94.16666666666667,2.022222222222222,90020,2,0.222
2019-02-11,TraPac,8,85.8125,1.9625000000000001,44016,0,0.0
2019-02-11,Yang Ming,5,86.7,2.2,43654,1,0.2
2019-02-12,APM Terminals,6,83.61666666666666,2.2666666666666666,76870,0,0.0
2019-02-12,China Shipping,3,75.53333333333333,2.0,13714,0,0.0
2019-02-12,Everport,4,91.17500000000001,2.025,29435,1,0.25
2019-02-12,TraPac,7,94.88571428571429,2.257142857142857,88025,0,0.0
2019-02-12,Yang Ming,3,67.8,2.1666666666666665,26815,0,0.0
2019-02-13,APM Terminals,4,101.55,2.025,25716,0,0.0
2019-02-13,China Shipping,7,89.52857142857144,1.9000000000000001,49598,0,0.0
2019-02-13,Everport,2,75.0,2.9000000000000004,27526,1,0.5
2019-02-13,TraPac,4,84.275,2.675,53548,0,0.0
2019-02-13,Yang Ming,8,89.2125,1.7875,66097,1,0.125
2019-02-14,APM Terminals,3,84.13333333333334,2.0,19980,1,0.333
2019-02-14,China Shipping,8,90.9875,2.1375,82518,3,0.375
2019-02-14,Everport,2,99.5,2.1,16414,0,0.0
2019-02-14,TraPac,8,90.1125,1.6625,71945,0,0.0
2019-02-14,Yang Ming,5,86.97999999999999,1.86,37422,1,0.2
2019-02-15,APM Terminals,6,82.78333333333333,1.9166666666666667,61542,1,0.167
2019-02-15,China Shipping,4,91.225,2.15,35816,0,0.0
2019-02-15,Everport,5,93.84,2.8,64536,2,0.4
2019-02-15,TraPac,3,99.93333333333334,2.433333333333333,28148,0,0.0
2019-02-15,Yang Ming,6,94.43333333333334,2.35,89761,3,0.5
2019-02-16,APM Terminals,2,85.80000000000001,1.9500000000000002,16902,0,0.0
2019-02-16,China Shipping,4,96.775,2.175,45565,2,0.5
2019-02-16,Everport,6,86.41666666666667,2.1666666666666665,52154,1,0.167
2019-02-16,TraPac,6,88.10000000000001,2.3000000000000003,62117,1,0.167
2019-02-16,Yang Ming,2,76.94999999999999,1.55,16985,1,0.5
2019-02-17,APM Terminals,3,84.63333333333333,1.2666666666666668,10705,0,0.0
2019-02-17,China Shipping,5,92.34,2.3,55475,1,0.2
2019-02-17,Everport,4,96.67500000000001,2.25,49643,0,0.0
2019-02-17,TraPac,6,96.2,1.95,58067,1,0.167
2019-02-17,Yang Ming,6,86.03333333333335,1.8499999999999999,56473,1,0.167
2019-02-18,APM Terminals,6,95.38333333333333,2.283333333333333,66546,4,0.667
2019-02-18,China Shipping,4,107.5,2.15,39565,1,0.25
2019-02-18,Everport,6,81.31666666666666,2.0,61769,0,0.0
2019-02-18,TraPac,2,96.9,1.9,18348,0,0.0
2019-02-18,Yang Ming,5,84.28,1.92,52197,1,0.2
2019-02-19,APM Terminals,6,82.8,2.15,62497,0,0.0
2019-02-19,China Shipping,5,90.6,2.34,60022,0,0.0
2019-02-19,Everport,9,83.78888888888889,2.1444444444444444,82006,4,0.444
2019-02-19,TraPac,7,92.7,2.0571428571428574,68295,4,0.571
2019-02-19,Yang Ming,4,90.3,2.05,39500,0,0.0
2019-02-20,APM Terminals,4,94.325,2.075,38106,2,0.5
2019-02-20,China Shipping,6,96.18333333333334,2.35,71935,1,0.167
2019-02-20,Everport,7,95.22857142857143,2.414285714285714,79219,1,0.143
2019-02-20,TraPac,4,95.4,1.875,35608,0,0.0
2019-02-20,Yang Ming,4,83.45,2.25,40291,0,0.0
2019-02-21,APM Terminals,9,95.48888888888888,1.8111111111111111,83219,2,0.222
2019-02-21,China Shipping,2,82.25,1.85,21888,0,0.0
2019-02-21,Everport,11,91.3,2.209090909090909,112845,0,0.0
2019-02-21,TraPac,4,98.1,2.375,53012,0,0.0
2019-02-21,Yang Ming,6,92.89999999999999,2.266666666666667,73177,0,0.0
2019-02-22,APM Terminals,3,80.33333333333333,2.233333333333333,44542,0,0.0
2019-02-22,China Shipping,9,102.8111111111111,1.8111111111111111,77324,1,0.111
2019-02-22,Everport,4,102.6,1.8,38562,0,0.0
2019-02-22,TraPac,6,83.53333333333333,2.316666666666667,62032,1,0.167
2019-02-22,Yang Ming,6,94.8,2.5,61811,2,0.333
2019-02-23,APM Terminals,5,94.32000000000001,2.2,47900,1,0.2
2019-02-23,China Shipping,4,93.325,2.6,55483,0,0.0
2019-02-23,Everport,2,87.75,2.35,25235,1,0.5
2019-02-23,TraPac,5,95.66,2.56,46102,1,0.2
2019-02-23,Yang Ming,3,75.26666666666667,1.8333333333333333,23305,0,0.0
2019-02-24,APM Terminals,4,104.875,2.175,30273,0,0.0
2019-02-24,China Shipping,6,98.25,2.216666666666667,59351,1,0.167
2019-02-24,Everport,7,90.97142857142856,1.9142857142857144,70812,2,0.286
2019-02-24,TraPac,5,85.97999999999999,2.18,61762,1,0.2
2019-02-24,Yang Ming,5,78.42,1.4200000000000002,33194,3,0.6
2019-02-25,APM Terminals,4,89.275,2.225,39257,1,0.25
2019-02-25,China Shipping,7,97.08571428571429,1.957142857142857,70756,2,0.286
2019-02-25,Everport,8,89.1125,1.95,72240,0,0.0
2019-02-25,TraPac,7,92.05714285714285,2.3000000000000003,70760,1,0.143
2019-02-25,Yang Ming,2,105.7,2.15,21570,0,0.0
2019-02-26,APM Terminals,7,88.0,2.1142857142857143,73445,1,0.143
2019-02-26,China Shipping,6,97.88333333333333,2.3833333333333333,61341,0,0.0
2019-02-26,Everport,2,93.6,2.5,21337,2,1.0
2019-02-26,TraPac,4,84.375,2.4,43653,2,0.5
2019-02-26,Yang Ming,3,80.43333333333334,1.5333333333333332,20857,0,0.0
2019-02-27,APM Terminals,6,94.86666666666667,1.7333333333333334,52110,0,0.0
2019-02-27,China Shipping,2,103.95,1.5499999999999998,10817,0,0.0
2019-02-27,Everport,8,88.1375,1.925,72216,2,0.25
2019-02-27,TraPac,4,103.7,2.5,44737,0,0.0
2019-02-27,Yang Ming,7,88.7,1.8857142857142857,50774,1,0.143
2019-02-28,APM Terminals,6,92.73333333333333,1.8833333333333335,41608,1,0.167
2019-02-28,China Shipping,5,90.4,2.3,49332,1,0.2
2019-02-28,Everport,5,81.17999999999999,2.32,52242,1,0.2
2019-02-28,TraPac,5,96.28,1.86,36667,0,0.0
2019-02-28,Yang Ming,6,86.05,2.1333333333333333,65607,2,0.333
2019-03-01,APM Terminals,3,88.39999999999999,2.033333333333333,26408,0,0.0
2019-03-01,China Shipping,5,89.42,2.12,44897,0,0.0
2019-03-01,Everport,8,96.3,2.1875,90542,4,0.5
2019-03-01,TraPac,6,91.88333333333333,2.1166666666666667,53332,0,0.0
2019-03-01,Yang Ming,7,90.74285714285715,2.1714285714285713,59638,0,0.0
2019-03-02,APM Terminals,9,89.9,2.177777777777778,93954,2,0.222
2019-03-02,China Shipping,4,89.775,2.475,44412,1,0.25
2019-03-02,Everport,7,95.61428571428571,2.1142857142857143,73758,3,0.429
2019-03-02,TraPac,3,87.46666666666665,2.266666666666667,23592,0,0.0
2019-03-02,Yang Ming,5,91.94,1.94,45719,1,0.2
2019-03-03,APM Terminals,7,80.91428571428571,2.4857142857142853,83925,1,0.143
2019-03-03,China Shipping,8,97.4875,2.175,89239,2,0.25
2019-03-03,Everport,10,90.13,2.4,106709,2,0.2
2019-03-03,TraPac,6,91.5,1.8666666666666665,40977,2,0.333
2019-03-03,Yang Ming,3,100.83333333333333,2.066666666666667,29397,0,0.0
2019-03-04,APM Terminals,5,84.58000000000001,2.38,51898,1,0.2
2019-03-04,China Shipping,8,88.575,2.0875,78554,1,0.125
2019-03-04,Everport,2,88.44999999999999,1.75,18016,0,0.0
2019-03-04,TraPac,4,85.35,2.325,44890,0,0.0
2019-03-04,Yang Ming,6,94.05,2.5333333333333337,65556,1,0.167
2019-03-05,APM Terminals,5,90.74,2.2,56143,1,0.2
2019-03-05,China Shipping,5,90.7,1.7600000000000002,40079,1,0.2
2019-03-05,Everport,3,89.63333333333333,1.5333333333333332,34829,1,0.333
2019-03-05,TraPac,7,94.3,2.242857142857143,80946,0,0.0
2019-03-05,Yang Ming,9,90.12222222222222,1.8777777777777775,71440,1,0.111
2019-03-06,APM Terminals,6,89.88333333333333,2.8833333333333333,82861,1,0.167
2019-03-06,China Shipping,4,86.8,2.65,38639,1,0.25
2019-03-06,Everport,4,96.35,1.8,34465,1,0.25
2019-03-06,TraPac,1,78.9,2.4,7272,0,0.0
2019-03-06,Yang Ming,2,89.05,1.7999999999999998,27124,0,0.0
2019-03-07,APM Terminals,8,91.425,2.1375,82212,1,0.125
2019-03-07,China Shipping,6,85.98333333333333,1.8833333333333335,41377,2,0.333
2019-03-07,Everport,3,86.7,2.6333333333333333,37809,1,0.333
2019-03-07,TraPac,12,92.88333333333333,2.033333333333333,121583,2,0.167
2019-03-07,Yang Ming,5,82.92,2.5,54016,0,0.0
2019-03-08,APM Terminals,8,91.675,2.1875,80867,1,0.125
2019-03-08,China Shipping,7,90.94285714285715,2.085714285714286,72584,1,0.143
2019-03-08,Everport,8,99.425,2.125,80883,3,0.375
2019-03-08,TraPac,8,85.4125,2.0375,70606,0,0.0
2019-03-08,Yang Ming,4,78.6,2.15,44850,1,0.25
2019-03-09,APM Terminals,8,97.2375,2.05,87182,0,0.0
2019-03-09,China Shipping,9,88.94444444444444,2.322222222222222,100428,2,0.222
2019-03-09,Everport,6,91.93333333333334,2.066666666666667,66830,0,0.0
2019-03-09,TraPac,10,87.71000000000001,2.56,114074,0,0.0
2019-03-09,Yang Ming,6,88.83333333333333,1.8333333333333333,52280,1,0.167
2019-03-10,APM Terminals,2,100.4,2.75,16129,0,0.0
2019-03-10,China Shipping,2,92.6,3.0999999999999996,31729,0,0.0
2019-03-10,Everport,4,89.75,2.475,39521,0,0.0
2019-03-10,TraPac,5,89.7,1.92,43185,1,0.2
2019-03-10,Yang Ming,2,80.15,1.9000000000000001,22431,0,0.0
2019-03-11,APM Terminals,5,84.53999999999999,2.0,40766,1,0.2
2019-03-11,China Shipping,5,94.62,2.2600000000000002,57287,1,0.2
2019-03-11,Everport,7,84.48571428571428,2.257142857142857,76814,2,0.286
2019-03-11,TraPac,2,94.6,1.9,16362,0,0.0
2019-03-11,Yang Ming,7,90.95714285714287,2.0,67148,1,0.143
2019-03-12,APM Terminals,4,84.1,2.175,49073,3,0.75
2019-03-12,China Shipping,5,77.86,2.06,49372,2,0.4
2019-03-12,Everport,6,86.18333333333332,1.6333333333333335,36955,2,0.333
2019-03-12,TraPac,4,93.4,2.625,51273,0,0.0
2019-03-12,Yang Ming,5,94.02000000000001,2.5799999999999996,67947,1,0.2
2019-03-13,APM Terminals,4,89.4,2.575,58928,0,0.0
2019-03-13,China Shipping,4,104.875,2.1,38757,1,0.25
2019-03-13,Everport,8,87.8,2.1625,94193,2,0.25
2019-03-13,TraPac,6,94.2,2.2833333333333337,62469,0,0.0
2019-03-13,Yang Ming,8,91.5125,1.975,59112,0,0.0
2019-03-14,APM Terminals,3,97.83333333333333,1.8666666666666665,29766,1,0.333
2019-03-14,China Shipping,7,84.51428571428572,2.142857142857143,72121,2,0.286
2019-03-14,Everport,4,87.775,2.3,44466,0,0.0
2019-03-14,TraPac,5,95.96000000000001,2.46,65417,0,0.0
2019-03-14,Yang Ming,1,73.0,2.2,10303,0,0.0
2019-03-15,APM Terminals,9,84.33333333333333,2.1888888888888887,95212,1,0.111
2019-03-15,China Shipping,7,90.11428571428571,2.3428571428571425,68639,2,0.286
2019-03-15,Everport,2,67.94999999999999,2.85,26651,1,0.5
2019-03-15,TraPac,6,82.01666666666667,1.9833333333333334,58384,0,0.0
2019-03-15,Yang Ming,6,96.06666666666666,2.35,70093,0,0.0
2019-03-16,APM Terminals,4,91.175,1.85,47036,2,0.5
2019-03-16,China Shipping,2,97.5,2.1500000000000004,26278,0,0.0
2019-03-16,Everport,5,105.4,2.7600000000000002,60826,1,0.2
2019-03-16,TraPac,5,92.16,2.12,60341,1,0.2
2019-03-16,Yang Ming,6,84.25,2.0,59762,0,0.0
2019-03-17,APM Terminals,2,89.25,1.4,13570,0,0.0
2019-03-17,China Shipping,5,87.06,2.92,65987,0,0.0
2019-03-17,Everport,6,82.18333333333334,2.5500000000000003,66859,2,0.333
2019-03-17,TraPac,5,102.0,2.12,61115,1,0.2
2019-03-17,Yang Ming,7,86.05714285714285,1.9142857142857141,62539,0,0.0
2019-03-18,APM Terminals,2,88.1,2.3,28033,0,0.0
2019-03-18,China Shipping,10,87.28999999999999,1.8699999999999999,94003,0,0.0
2019-03-18,Everport,3,86.63333333333333,1.8333333333333333,23849,0,0.0
2019-03-18,TraPac,6,85.5,2.5833333333333335,67312,1,0.167
2019-03-18,Yang Ming,7,90.25714285714285,1.9285714285714286,56214,0,0.0
2019-03-19,APM Terminals,5,90.58,1.9600000000000002,56336,1,0.2
2019-03-19,China Shipping,2,85.44999999999999,2.05,22419,0,0.0
2019-03-19,Everport,8,83.225,2.5124999999999997,106816,2,0.25
2019-03-19,TraPac,3,94.53333333333335,2.4666666666666663,43782,0,0.0
2019-03-19,Yang Ming,4,101.35,1.55,40093,0,0.0
2019-03-20,APM Terminals,7,89.34285714285714,2.2142857142857144,64190,1,0.143
2019-03-20,China Shipping,2,92.25,2.05,13902,0,0.0
2019-03-20,Everport,1,103.9,3.1,15202,0,0.0
2019-03-20,TraPac,5,90.52000000000001,2.54,61067,1,0.2
2019-03-20,Yang Ming,10,89.2,2.0,90574,2,0.2
2019-03-21,APM Terminals,3,105.0,2.1,29225,0,0.0
2019-03-21,China Shipping,6,92.66666666666667,2.1999999999999997,58346,1,0.167
2019-03-21,Everport,7,92.84285714285714,2.1285714285714286,70498,1,0.143
2019-03-21,TraPac,9,95.85555555555555,2.088888888888889,79835,0,0.0
2019-03-21,Yang Ming,5,93.86,1.4,18400,1,0.2
2019-03-22,APM Terminals,6,95.8,1.95,35252,0,0.0
2019-03-22,China Shipping,9,88.23333333333333,2.1555555555555554,77194,3,0.333
2019-03-22,Everport,6,93.06666666666666,2.466666666666667,73600,1,0.167
2019-03-22,TraPac,7,84.25714285714285,2.3285714285714287,80447,2,0.286
2019-03-22,Yang Ming,6,77.18333333333332,1.9000000000000001,52830,1,0.167
2019-03-23,APM Terminals,4,87.775,1.5750000000000002,35500,0,0.0
2019-03-23,China Shipping,5,93.44,2.1,50838,1,0.2
2019-03-23,Everport,7,86.78571428571429,2.4857142857142853,82685,3,0.429
2019-03-23,TraPac,4,93.125,2.1,41781,0,0.0
2019-03-23,Yang Ming,4,101.625,2.1,34120,0,0.0
2019-03-24,APM Terminals,5,85.2,1.8800000000000001,38941,0,0.0
2019-03-24,China Shipping,10,86.97999999999999,2.1100000000000003,116126,3,0.3
2019-03-24,Everport,4,86.65,2.125,24658,1,0.25
2019-03-24,TraPac,9,91.58888888888889,2.566666666666667,93846,2,0.222
2019-03-24,Yang Ming,4,81.3,2.325,48635,1,0.25
2019-03-25,APM Terminals,9,87.86666666666666,2.488888888888889,110860,2,0.222
2019-03-25,China Shipping,5,83.22,1.7399999999999998,32528,1,0.2
2019-03-25,Everport,3,80.26666666666667,2.1999999999999997,39713,1,0.333
2019-03-25,TraPac,6,87.39999999999999,2.2333333333333334,69936,0,0.0
2019-03-25,Yang Ming,5,92.54,1.9,58863,0,0.0
2019-03-26,APM Terminals,4,95.7,2.35,35840,0,0.0
2019-03-26,China Shipping,5,98.08,2.18,46214,0,0.0
2019-03-26,Everport,7,89.62857142857142,2.1142857142857143,76420,4,0.571
2019-03-26,TraPac,7,97.07142857142857,1.9428571428571428,61802,1,0.143
2019-03-26,Yang Ming,6,88.21666666666665,1.7333333333333334,40960,0,0.0
2019-03-27,APM Terminals,5,86.6,1.8199999999999998,40162,1,0.2
2019-03-27,China Shipping,5,76.17999999999999,1.7600000000000002,39214,0,0.0
2019-03-27,Everport,3,80.43333333333332,2.1333333333333333,28514,0,0.0
2019-03-27,TraPac,4,103.375,2.25,44380,1,0.25
2019-03-27,Yang Ming,7,87.32857142857142,2.242857142857143,91431,0,0.0
2019-03-28,APM Terminals,7,86.11428571428571,2.042857142857143,71810,0,0.0
2019-03-28,China Shipping,7,74.01428571428572,2.4,68357,0,0.0
2019-03-28,Everport,3,79.16666666666667,2.733333333333333,37110,2,0.667
2019-03-28,TraPac,7,92.81428571428572,2.142857142857143,83757,1,0.143
2019-03-28,Yang Ming,5,87.0,1.8399999999999999,31140,0,0.0
2019-03-29,APM Terminals,4,90.275,2.275,41656,0,0.0
2019-03-29,China Shipping,7,92.7,1.8714285714285714,63644,1,0.143
2019-03-29,Everport,3,91.03333333333335,2.0,36660,0,0.0
2019-03-29,TraPac,5,82.67999999999999,1.3,27538,2,0.4
2019-03-29,Yang Ming,4,91.2,2.5,34686,0,0.0
2019-03-30,APM Terminals,9,95.26666666666667,2.1444444444444444,93683,0,0.0
2019-03-30,China Shipping,5,93.52000000000001,2.08,56301,1,0.2
2019-03-30,Everport,5,93.97999999999999,2.08,47547,2,0.4
2019-03-30,TraPac,7,89.18571428571428,2.2142857142857144,61166,1,0.143
2019-03-30,Yang Ming,2,89.6,2.05,17305,0,0.0
2019-03-31,APM Terminals,6,88.53333333333335,2.15,59264,2,0.333
2019-03-31,China Shipping,5,91.08,2.18,47012,0,0.0
2019-03-31,Everport,5,85.16,2.1399999999999997,55774,0,0.0
2019-03-31,TraPac,3,92.36666666666667,2.1999999999999997,30774,0,0.0
2019-03-31,Yang Ming,3,105.03333333333335,2.4,35487,1,0.333
2019-04-01,APM Terminals,10,88.33,2.25,107186,2,0.2
2019-04-01,China Shipping,4,91.6,1.925,35326,0,0.0
2019-04-01,Everport,2,91.55000000000001,1.35,8651,0,0.0
2019-04-01,TraPac,6,105.61666666666667,2.0166666666666666,57450,0,0.0
2019-04-01,Yang Ming,8,87.225,2.5,88705,1,0.125
2019-04-02,APM Terminals,3,96.60000000000001,1.6333333333333335,11223,0,0.0
2019-04-02,China Shipping,1,74.3,2.4,6337,1,1.0
2019-04-02,Everport,5,90.03999999999999,2.82,69747,0,0.0
2019-04-02,TraPac,3,89.23333333333333,2.566666666666667,44146,0,0.0
2019-04-02,Yang Ming,6,98.35000000000001,2.5500000000000003,77554,2,0.333
2019-04-03,APM Terminals,5,84.66,2.0,37928,0,0.0
2019-04-03,China Shipping,6,96.5,2.4833333333333334,78178,1,0.167
2019-04-03,Everport,10,98.45,1.8800000000000001,99130,1,0.1
2019-04-03,TraPac,4,98.975,2.3,35675,2,0.5
2019-04-03,Yang Ming,4,94.1,2.05,30989,1,0.25
2019-04-04,APM Terminals,5,90.58,2.54,68404,1,0.2
2019-04-04,China Shipping,1,70.4,2.0,10136,0,0.0
2019-04-04,Everport,4,82.6,2.225,41037,0,0.0
2019-04-04,TraPac,4,68.625,2.05,41016,0,0.0
2019-04-04,Yang Ming,6,84.35000000000001,1.8833333333333335,50512,2,0.333
2019-04-05,APM Terminals,7,80.65714285714286,2.257142857142857,69456,1,0.143
2019-04-05,China Shipping,4,86.8,2.325,55518,0,0.0
2019-04-05,Everport,6,99.25,1.7833333333333332,44953,1,0.167
2019-04-05,TraPac,4,87.15,2.2,57714,0,0.0
2019-04-05,Yang Ming,5,104.52000000000001,2.04,40836,0,0.0
2019-04-06,APM Terminals,4,101.2,2.625,45331,1,0.25
2019-04-06,China Shipping,6,98.18333333333334,2.1,61204,1,0.167
2019-04-06,Everport,3,87.83333333333333,2.266666666666667,24683,2,0.667
2019-04-06,TraPac,4,85.575,2.05,37571,0,0.0
2019-04-06,Yang Ming,3,80.66666666666667,2.433333333333333,33503,0,0.0
2019-04-07,APM Terminals,4,90.75,2.15,45612,0,0.0
2019-04-07,China Shipping,6,93.56666666666666,2.316666666666667,64504,2,0.333
2019-04-07,Everport,9,95.3111111111111,2.0,78254,2,0.222
2019-04-07,TraPac,3,77.73333333333333,2.2666666666666666,29762,0,0.0
2019-04-07,Yang Ming,3,95.26666666666667,1.8666666666666665,27023,1,0.333
2019-04-08,APM Terminals,6,96.58333333333333,2.3833333333333333,71609,1,0.167
2019-04-08,China Shipping,4,90.2,2.7,47177,1,0.25
2019-04-08,Everport,4,96.9,2.0,23865,0,0.0
2019-04-08,TraPac,5,86.94,1.6800000000000002,43345,0,0.0
2019-04-08,Yang Ming,5,84.53999999999999,1.8200000000000003,33677,0,0.0
2019-04-09,APM Terminals,3,92.8,1.6666666666666667,20420,0,0.0
2019-04-09,China Shipping,4,75.55,1.9,34949,0,0.0
2019-04-09,Everport,8,92.0875,2.2875,92781,0,0.0
2019-04-09,TraPac,4,92.5,2.4,54752,1,0.25
2019-04-09,Yang Ming,4,98.575,2.15,43652,0,0.0
2019-04-10,APM Terminals,6,88.98333333333333,1.8666666666666665,54293,1,0.167
2019-04-10,China Shipping,6,85.91666666666667,1.8499999999999999,43019,1,0.167
2019-04-10,Everport,7,87.60000000000001,2.1857142857142855,70979,0,0.0
2019-04-10,TraPac,3,93.66666666666667,2.4333333333333336,37295,1,0.333
2019-04-10,Yang Ming,7,107.74285714285713,2.1714285714285713,68143,0,0.0
2019-04-11,APM Terminals,4,101.2,1.7999999999999998,30133,1,0.25
2019-04-11,China Shipping,9,92.80000000000001,2.2222222222222223,80828,0,0.0
2019-04-11,Everport,7,90.54285714285713,2.0571428571428574,73244,1,0.143
2019-04-11,TraPac,5,99.24,2.16,46791,0,0.0
2019-04-11,Yang Ming,7,94.71428571428571,2.0,65592,1,0.143
2019-04-12,APM Terminals,2,101.0,1.7,22397,0,0.0
2019-04-12,China Shipping,5,91.32000000000001,2.3200000000000003,46937,0,0.0
2019-04-12,Everport,5,96.26,1.9600000000000002,42842,1,0.2
2019-04-12,TraPac,4,101.025,2.625,44282,0,0.0
2019-04-12,Yang Ming,9,91.23333333333333,1.8777777777777775,57280,2,0.222
2019-04-13,APM Terminals,4,85.02499999999999,2.55,51804,0,0.0
2019-04-13,China Shipping,8,84.525,2.125,70454,2,0.25
2019-04-13,Everport,3,84.43333333333334,2.2333333333333334,29550,0,0.0
2019-04-13,TraPac,7,85.52857142857144,1.9857142857142858,73384,0,0.0
2019-04-13,Yang Ming,5,86.82000000000001,2.98,69279,0,0.0
2019-04-14,APM Terminals,2,92.6,1.75,12648,0,0.0
2019-04-14,China Shipping,10,94.53,2.35,88848,4,0.4
2019-04-14,Everport,16,92.05625,2.23125,161390,3,0.188
2019-04-14,TraPac,2,72.5,2.45,26058,0,0.0
2019-04-14,Yang Ming,6,99.35000000000001,2.1166666666666667,51099,3,0.5
2019-04-15,APM Terminals,8,97.8625,2.0875,88055,0,0.0
2019-04-15,China Shipping,5,99.46000000000001,1.94,19704,2,0.4
2019-04-15,Everport,5,94.64,2.2,42528,1,0.2
2019-04-15,TraPac,2,87.4,1.9,19251,2,1.0
2019-04-15,Yang Ming,5,95.02000000000001,1.86,42093,1,0.2
2019-04-16,APM Terminals,5,82.36,2.04,52330,0,0.0
2019-04-16,China Shipping,6,98.08333333333333,2.2666666666666666,56356,2,0.333
2019-04-16,Everport,4,80.375,2.175,26571,1,0.25
2019-04-16,TraPac,7,91.55714285714285,2.185714285714286,58285,0,0.0
2019-04-16,Yang Ming,8,81.7875,2.0625,74857,4,0.5
2019-04-17,APM Terminals,5,91.94,2.0,55400,0,0.0
2019-04-17,China Shipping,4,92.0,1.975,35831,1,0.25
2019-04-17,Everport,3,82.7,1.6333333333333335,23744,1,0.333
2019-04-17,TraPac,6,98.86666666666667,1.75,49686,1,0.167
2019-04-17,Yang Ming,6,109.48333333333333,2.1666666666666665,61847,0,0.0
2019-04-18,APM Terminals,2,76.1,2.95,27769,0,0.0
2019-04-18,China Shipping,6,92.21666666666668,2.3666666666666667,52810,2,0.333
2019-04-18,Everport,5,86.47999999999999,1.72,31841,0,0.0
2019-04-18,TraPac,5,89.82000000000001,2.4,60377,0,0.0
2019-04-18,Yang Ming,9,87.88888888888889,2.0777777777777775,104229,1,0.111
2019-04-19,APM Terminals,3,89.5,1.8666666666666665,28352,0,0.0
2019-04-19,China Shipping,3,87.3,1.5999999999999999,23850,0,0.0
2019-04-19,Everport,6,97.36666666666667,2.25,48144,2,0.333
2019-04-19,TraPac,6,78.16666666666667,2.35,76824,2,0.333
2019-04-19,Yang Ming,4,89.05,2.475,44460,1,0.25
2019-04-20,APM Terminals,1,101.1,2.3,11459,0,0.0
2019-04-20,China Shipping,2,78.6,1.25,3157,0,0.0
2019-04-20,Everport,3,95.0,2.1,31292,1,0.333
2019-04-20,TraPac,4,85.725,2.35,36038,1,0.25
2019-04-20,Yang Ming,5,95.88,2.34,50865,1,0.2
2019-04-21,APM Terminals,5,90.28,1.8199999999999998,41206,1,0.2
2019-04-21,China Shipping,4,94.275,2.1500000000000004,46328,0,0.0
2019-04-21,Everport,11,91.54545454545455,2.0272727272727273,108182,1,0.091
2019-04-21,TraPac,8,86.4875,1.95,82661,0,0.0
2019-04-21,Yang Ming,5,88.9,2.0799999999999996,46548,1,0.2
2019-04-22,APM Terminals,4,88.725,2.15,43578,1,0.25
2019-04-22,China Shipping,9,84.6,2.111111111111111,90347,1,0.111
2019-04-22,Everport,6,86.55,2.066666666666667,49822,2,0.333
2019-04-22,TraPac,12,90.43333333333334,1.9416666666666667,100704,3,0.25
2019-04-22,Yang Ming,2,90.45,2.25,21345,0,0.0
2019-04-23,APM Terminals,7,78.91428571428571,1.6999999999999997,54560,0,0.0
2019-04-23,China Shipping,7,94.10000000000001,1.957142857142857,59679,2,0.286
2019-04-23,Everport,5,91.08,1.86,35581,1,0.2
2019-04-23,TraPac,6,94.18333333333334,2.433333333333333,57817,0,0.0
2019-04-23,Yang Ming,5,93.96000000000001,2.2399999999999998,51419,1,0.2
2019-04-24,APM Terminals,5,97.34,2.56,53928,0,0.0
2019-04-24,China Shipping,8,86.1375,2.4875,99356,1,0.125
2019-04-24,Everport,4,86.7,2.625,49187,1,0.25
2019-04-24,TraPac,4,85.45,2.1500000000000004,35701,1,0.25
2019-04-24,Yang Ming,2,88.55000000000001,1.9,18015,0,0.0
2019-04-25,APM Terminals,9,79.56666666666666,2.211111111111111,101566,2,0.222
2019-04-25,China Shipping,7,97.71428571428571,2.3714285714285714,75654,1,0.143
2019-04-25,Everport,7,98.85714285714286,2.042857142857143,68205,0,0.0
2019-04-25,TraPac,5,84.78,1.9600000000000002,52060,1,0.2
2019-04-25,Yang Ming,5,90.97999999999999,1.7399999999999998,36786,2,0.4
2019-04-26,APM Terminals,6,90.58333333333333,2.2166666666666663,66386,0,0.0
2019-04-26,China Shipping,9,91.46666666666667,2.0999999999999996,94782,2,0.222
2019-04-26,Everport,7,102.84285714285714,2.185714285714286,74871,0,0.0
2019-04-26,TraPac,8,92.925,2.425,87527,3,0.375
2019-04-26,Yang Ming,7,96.51428571428572,2.085714285714286,55895,2,0.286
2019-04-27,APM Terminals,11,96.06363636363636,1.9,98942,2,0.182
2019-04-27,China Shipping,5,96.32000000000001,1.7,33158,2,0.4
2019-04-27,Everport,4,81.7,2.075,37505,1,0.25
2019-04-27,TraPac,2,70.25,2.25,17591,0,0.0
2019-04-27,Yang Ming,6,98.25,2.216666666666667,56691,1,0.167
2019-04-28,APM Terminals,6,100.64999999999999,2.0,51598,0,0.0
2019-04-28,China Shipping,5,80.56,2.56,67079,3,0.6
2019-04-28,Everport,10,89.31,2.15,58864,4,0.4
2019-04-28,TraPac,2,95.94999999999999,1.9500000000000002,20456,1,0.5
2019-04-28,Yang Ming,4,75.825,2.95,60856,1,0.25
2019-04-29,APM Terminals,6,83.18333333333334,2.066666666666667,56547,0,0.0
2019-04-29,China Shipping,5,97.26,1.94,44704,0,0.0
2019-04-29,Everport,2,95.85,2.55,20510,0,0.0
2019-04-29,TraPac,3,80.8,2.066666666666667,25031,0,0.0
2019-04-29,Yang Ming,3,93.56666666666666,1.6666666666666667,24665,0,0.0
2019-04-30,APM Terminals,6,89.86666666666667,2.316666666666667,60931,1,0.167
2019-04-30,China Shipping,5,82.16,1.7,35416,1,0.2
2019-04-30,Everport,2,98.44999999999999,1.15,3253,0,0.0
2019-04-30,TraPac,6,90.71666666666665,1.9833333333333334,43401,0,0.0
2019-04-30,Yang Ming,9,88.12222222222222,1.5555555555555556,61573,2,0.222
2019-05-01,APM Terminals,7,91.60000000000001,2.2285714285714286,66601,1,0.143
2019-05-01,China Shipping,5,94.03999999999999,2.2800000000000002,51566,2,0.4
2019-05-01,Everport,5,83.64,2.44,56446,1,0.2
2019-05-01,TraPac,8,96.65,2.0875,83039,3,0.375
2019-05-01,Yang Ming,9,93.54444444444444,1.7222222222222223,77703,1,0.111
2019-05-02,APM Terminals,7,92.78571428571429,1.5714285714285714,44991,1,0.143
2019-05-02,China Shipping,2,90.0,2.15,20304,1,0.5
2019-05-02,Everport,6,83.73333333333333,1.7,43805,0,0.0
2019-05-02,TraPac,9,89.64444444444445,2.011111111111111,66859,2,0.222
2019-05-02,Yang Ming,8,92.375,1.9000000000000001,52418,1,0.125
2019-05-03,APM Terminals,7,72.47142857142856,1.9285714285714286,69419,3,0.429
2019-05-03,China Shipping,6,95.38333333333333,2.4,83423,0,0.0
2019-05-03,Everport,7,85.61428571428571,2.557142857142857,92852,2,0.286
2019-05-03,TraPac,5,91.34,2.08,40704,1,0.2
2019-05-03,Yang Ming,9,92.14444444444445,2.3444444444444446,99480,1,0.111
2019-05-04,APM Terminals,7,83.37142857142858,2.057142857142857,55479,1,0.143
2019-05-04,China Shipping,2,76.1,2.2,21871,1,0.5
2019-05-04,Everport,4,88.3,2.075,25902,1,0.25
2019-05-04,TraPac,7,90.18571428571428,2.3000000000000003,71166,0,0.0
2019-05-04,Yang Ming,4,76.8,2.2,48677,2,0.5
2019-05-05,APM Terminals,3,81.7,1.7333333333333334,10549,0,0.0
2019-05-05,China Shipping,4,84.175,2.2,46316,0,0.0
2019-05-05,Everport,3,83.86666666666667,2.766666666666667,40006,2,0.667
2019-05-05,TraPac,8,89.7875,2.025,82869,1,0.125
2019-05-05,Yang Ming,7,93.10000000000001,2.185714285714286,70297,1,0.143
2019-05-06,APM Terminals,5,95.24,2.2800000000000002,47408,0,0.0
2019-05-06,China Shipping,4,82.275,2.625,47475,1,0.25
2019-05-06,Everport,4,87.94999999999999,1.825,26244,0,0.0
2019-05-06,TraPac,2,98.9,2.9,23046,0,0.0
2019-05-06,Yang Ming,9,86.80000000000001,2.0,72982,3,0.333
2019-05-07,APM Terminals,7,86.08571428571429,2.3714285714285714,84764,1,0.143
2019-05-07,China Shipping,6,93.23333333333333,2.266666666666667,65525,0,0.0
2019-05-07,Everport,4,79.25,2.5,42863,0,0.0
2019-05-07,TraPac,6,87.16666666666667,2.1,55896,0,0.0
2019-05-07,Yang Ming,7,80.32857142857142,2.457142857142857,88457,0,0.0
2019-05-08,APM Terminals,4,92.4,2.225,46840,1,0.25
2019-05-08,China Shipping,3,96.10000000000001,1.8666666666666665,30211,1,0.333
2019-05-08,Everport,3,85.3,2.1999999999999997,39160,0,0.0
2019-05-08,TraPac,9,91.19999999999999,2.288888888888889,106410,0,0.0
2019-05-08,Yang Ming,11,93.10909090909091,2.1545454545454543,109204,1,0.091
2019-05-09,APM Terminals,2,94.05,2.65,20121,0,0.0
2019-05-09,China Shipping,1,76.0,2.2,6756,0,0.0
2019-05-09,Everport,2,106.75,1.3,7564,0,0.0
2019-05-09,TraPac,4,105.05,2.1,35462,0,0.0
2019-05-09,Yang Ming,10,91.38,1.8699999999999999,94576,2,0.2
2019-05-10,APM Terminals,7,91.02857142857144,2.2714285714285714,57960,2,0.286
2019-05-10,China Shipping,2,92.15,1.9000000000000001,13234,0,0.0
2019-05-10,Everport,5,96.4,1.8,17209,0,0.0
2019-05-10,TraPac,7,85.39999999999999,2.1,67587,2,0.286
2019-05-10,Yang Ming,2,82.55000000000001,1.75,9665,0,0.0
2019-05-11,APM Terminals,8,83.9375,2.0125,75516,2,0.25
2019-05-11,China Shipping,8,97.4,2.175,69766,3,0.375
2019-05-11,Everport,2,100.1,2.3,23736,0,0.0
2019-05-11,TraPac,8,83.5875,2.075,90576,1,0.125
2019-05-11,Yang Ming,8,91.55,2.1375,64342,1,0.125
2019-05-12,APM Terminals,7,92.07142857142857,2.4714285714285715,83527,0,0.0
2019-05-12,China Shipping,4,74.675,2.125,34821,1,0.25
2019-05-12,Everport,4,93.2,2.075,36558,1,0.25
2019-05-12,TraPac,3,100.66666666666667,2.5666666666666664,39032,0,0.0
2019-05-12,Yang Ming,7,86.60000000000001,1.9142857142857144,71721,3,0.429
2019-05-13,APM Terminals,4,96.25,2.1,40832,2,0.5
2019-05-13,China Shipping,5,103.96,2.4,55168,0,0.0
2019-05-13,Everport,11,88.31818181818181,2.3272727272727276,119507,2,0.182
2019-05-13,TraPac,5,82.74,2.2600000000000002,48396,0,0.0
2019-05-13,Yang Ming,5,90.4,2.54,72844,2,0.4
2019-05-14,APM Terminals,5,74.78,1.94,44772,0,0.0
2019-05-14,China Shipping,6,83.31666666666668,2.2333333333333334,69409,1,0.167
2019-05-14,Everport,6,87.25,2.4,76911,1,0.167
2019-05-14,TraPac,2,105.5,2.0,16285,0,0.0
2019-05-14,Yang Ming,2,94.1,1.9,17372,0,0.0
2019-05-15,APM Terminals,8,95.2875,2.35,104154,3,0.375
2019-05-15,China Shipping,6,86.71666666666665,1.9833333333333334,52769,0,0.0
2019-05-15,Everport,7,99.31428571428572,1.9000000000000001,69148,1,0.143
2019-05-15,TraPac,3,80.93333333333334,2.6666666666666665,42503,1,0.333
2019-05-15,Yang Ming,4,100.5,1.9,43554,0,0.0
2019-05-16,APM Terminals,4,92.9,2.4,53371,0,0.0
2019-05-16,China Shipping,8,90.225,2.4125,101311,1,0.125
2019-05-16,Everport,7,85.92857142857143,1.5857142857142859,43151,0,0.0
2019-05-16,TraPac,8,94.3625,1.825,69022,0,0.0
2019-05-16,Yang Ming,4,80.875,2.525,50188,0,0.0
2019-05-17,APM Terminals,8,94.25,2.2125,74254,1,0.125
2019-05-17,China Shipping,2,89.75,1.7,22051,0,0.0
2019-05-17,Everport,3,70.73333333333333,2.2666666666666666,43506,0,0.0
2019-05-17,TraPac,6,92.10000000000001,1.7333333333333334,27791,1,0.167
2019-05-17,Yang Ming,8,82.25,2.025,72732,2,0.25
2019-05-18,APM Terminals,7,93.51428571428572,2.242857142857143,52214,0,0.0
2019-05-18,China Shipping,5,93.78,2.06,56199,1,0.2
2019-05-18,Everport,7,90.5,1.8857142857142857,55644,1,0.143
2019-05-18,TraPac,7,86.21428571428571,2.1999999999999997,66903,1,0.143
2019-05-18,Yang Ming,12,91.36666666666667,2.0833333333333335,112035,1,0.083
2019-05-19,APM Terminals,10,87.89,2.1,101379,4,0.4
2019-05-19,China Shipping,5,91.52000000000001,2.0,51638,0,0.0
2019-05-19,Everport,5,85.05999999999999,1.98,50453,0,0.0
2019-05-19,TraPac,8,93.0625,2.1875,85490,2,0.25
2019-05-19,Yang Ming,8,94.3,2.1875,76174,0,0.0
2019-05-20,APM Terminals,4,98.65,2.975,49403,1,0.25
2019-05-20,China Shipping,4,89.8,2.325,56672,1,0.25
2019-05-20,Everport,6,89.75,2.6166666666666667,84271,1,0.167
2019-05-20,TraPac,3,86.86666666666667,2.2666666666666666,32725,0,0.0
2019-05-20,Yang Ming,7,93.17142857142858,2.1285714285714286,51213,1,0.143
2019-05-21,APM Terminals,8,88.6125,1.9500000000000002,70072,2,0.25
2019-05-21,China Shipping,7,95.55714285714285,2.357142857142857,62491,2,0.286
2019-05-21,Everport,5,91.52000000000001,2.52,66104,0,0.0
2019-05-21,TraPac,8,95.7125,2.4375,88167,0,0.0
2019-05-21,Yang Ming,5,105.88,1.7799999999999998,38147,2,0.4
2019-05-22,APM Terminals,5,93.97999999999999,2.2,46377,0,0.0
2019-05-22,China Shipping,3,92.0,2.1333333333333333,23584,0,0.0
2019-05-22,Everport,10,86.37,2.04,95207,3,0.3
2019-05-22,TraPac,6,85.8,2.4499999999999997,68173,1,0.167
2019-05-22,Yang Ming,9,90.9,2.1666666666666665,111295,0,0.0
2019-05-23,APM Terminals,7,81.67142857142858,2.157142857142857,63516,1,0.143
2019-05-23,China Shipping,5,97.67999999999999,2.3400000000000003,64784,1,0.2
2019-05-23,Everport,6,75.85000000000001,2.033333333333333,50880,2,0.333
2019-05-23,TraPac,6,79.28333333333335,2.15,58559,1,0.167
2019-05-23,Yang Ming,7,89.27142857142857,2.0571428571428574,71534,1,0.143
2019-05-24,APM Terminals,11,80.10000000000001,2.4545454545454546,97675,2,0.182
2019-05-24,China Shipping,7,100.78571428571429,2.3857142857142857,81576,1,0.143
2019-05-24,Everport,4,88.30000000000001,1.9000000000000001,36459,0,0.0
2019-05-24,TraPac,7,79.48571428571428,2.357142857142857,81423,1,0.143
2019-05-24,Yang Ming,9,94.65555555555555,2.2777777777777777,106189,1,0.111
2019-05-25,APM Terminals,3,97.03333333333335,2.6666666666666665,39290,0,0.0
2019-05-25,China Shipping,10,81.45,2.16,101705,1,0.1
2019-05-25,Everport,3,92.43333333333334,1.9333333333333333,24722,0,0.0
2019-05-25,TraPac,8,95.2875,2.15,94050,0,0.0
2019-05-25,Yang Ming,2,84.7,2.05,22022,0,0.0
2019-05-26,APM Terminals,5,98.36,1.7600000000000002,42435,1,0.2
2019-05-26,China Shipping,4,90.125,2.05,41425,0,0.0
2019-05-26,Everport,3,95.86666666666667,1.8333333333333333,9522,0,0.0
2019-05-26,TraPac,9,80.38888888888889,2.2555555555555555,97512,2,0.222
2019-05-26,Yang Ming,6,86.86666666666667,1.8499999999999999,52352,1,0.167
2019-05-27,APM Terminals,4,99.025,1.325,26255,1,0.25
2019-05-27,China Shipping,5,81.22,2.2199999999999998,57191,1,0.2
2019-05-27,Everport,2,103.0,1.75,18524,0,0.0
2019-05-27,TraPac,8,81.025,2.3125,92363,0,0.0
2019-05-27,Yang Ming,5,96.9,2.8600000000000003,70957,1,0.2
2019-05-28,APM Terminals,4,92.7,2.225,38849,1,0.25
2019-05-28,China Shipping,7,101.21428571428571,2.542857142857143,80350,1,0.143
2019-05-28,Everport,5,96.92,2.02,40380,0,0.0
2019-05-28,TraPac,3,94.73333333333333,2.4333333333333336,38459,0,0.0
2019-05-28,Yang Ming,3,85.73333333333333,1.8333333333333333,29290,0,0.0
2019-05-29,APM Terminals,2,86.35,2.25,28819,1,0.5
2019-05-29,China Shipping,6,89.53333333333335,1.883333333333333,51435,0,0.0
2019-05-29,Everport,9,96.91111111111111,2.022222222222222,86499,1,0.111
2019-05-29,TraPac,10,96.6,2.35,116798,1,0.1
2019-05-29,Yang Ming,5,100.44,2.52,70399,1,0.2
2019-05-30,APM Terminals,8,82.025,2.175,82555,1,0.125
2019-05-30,China Shipping,4,92.1,1.925,31245,0,0.0
2019-05-30,Everport,9,97.07777777777778,2.4444444444444446,99172,2,0.222
2019-05-30,TraPac,4,82.17500000000001,2.075,26437,2,0.5
2019-05-30,Yang Ming,7,87.54285714285713,2.085714285714286,63118,1,0.143
2019-05-31,APM Terminals,4,78.75,2.1,42070,1,0.25
2019-05-31,China Shipping,6,99.2,2.1833333333333336,62215,0,0.0
2019-05-31,Everport,7,92.85714285714286,1.9857142857142858,60608,0,0.0
2019-05-31,TraPac,5,79.66,2.04,53224,1,0.2
2019-05-31,Yang Ming,5,83.6,2.3,60800,1,0.2
2019-06-01,APM Terminals,11,75.52727272727272,2.109090909090909,108570,2,0.182
2019-06-01,China Shipping,5,98.72,2.3,61589,0,0.0
2019-06-01,Everport,6,87.3,2.35,62408,2,0.333
2019-06-01,TraPac,4,96.875,1.775,29952,0,0.0
2019-06-01,Yang Ming,8,77.575,2.2875,79682,0,0.0
2019-06-02,APM Terminals,4,98.05,2.4,40703,1,0.25
2019-06-02,China Shipping,7,86.41428571428571,2.3000000000000003,69947,1,0.143
2019-06-02,Everport,7,85.3,1.9714285714285715,58935,1,0.143
2019-06-02,TraPac,7,91.51428571428572,1.8857142857142857,58180,1,0.143
2019-06-02,Yang Ming,7,88.65714285714286,2.0142857142857142,72410,1,0.143
2019-06-03,APM Terminals,8,95.3625,2.175,80384,3,0.375
2019-06-03,China Shipping,2,88.80000000000001,2.0,17936,1,0.5
2019-06-03,Everport,5,93.76,1.94,41376,0,0.0
2019-06-03,TraPac,12,88.73333333333333,2.325,148026,1,0.083
2019-06-03,Yang Ming,5,98.64,1.8399999999999999,36325,1,0.2
2019-06-04,APM Terminals,8,91.1625,2.175,71920,1,0.125
2019-06-04,China Shipping,8,97.45,2.1375,80387,0,0.0
2019-06-04,Everport,3,105.36666666666667,1.8,25790,0,0.0
2019-06-04,TraPac,3,94.16666666666667,2.1999999999999997,44068,1,0.333
2019-06-04,Yang Ming,6,91.25,2.316666666666667,57312,1,0.167
2019-06-05,APM Terminals,3,81.86666666666666,1.9333333333333333,25225,0,0.0
2019-06-05,China Shipping,5,96.38,1.94,41855,0,0.0
2019-06-05,Everport,9,98.61111111111111,1.9666666666666666,89691,2,0.222
2019-06-05,TraPac,2,83.25,1.5499999999999998,8651,0,0.0
2019-06-05,Yang Ming,4,80.325,2.325,55582,0,0.0
2019-06-06,APM Terminals,6,86.51666666666667,2.033333333333333,51926,1,0.167
2019-06-06,China Shipping,3,81.03333333333333,2.4,33416,1,0.333
2019-06-06,Everport,7,89.78571428571429,1.7285714285714284,56592,0,0.0
2019-06-06,TraPac,8,95.8875,1.95,51450,2,0.25
2019-06-06,Yang Ming,5,79.03999999999999,1.94,50105,0,0.0
2019-06-07,APM Terminals,7,84.77142857142857,2.1714285714285713,52823,1,0.143
2019-06-07,China Shipping,3,80.53333333333335,2.066666666666667,28190,1,0.333
2019-06-07,Everport,4,86.875,2.5999999999999996,32858,1,0.25
2019-06-07,TraPac,5,88.7,1.52,21733,2,0.4
2019-06-07,Yang Ming,7,97.0,1.7285714285714284,50567,2,0.286
2019-06-08,APM Terminals,5,83.52000000000001,1.8,47043,1,0.2
2019-06-08,China Shipping,9,85.11111111111111,1.9222222222222223,65204,3,0.333
2019-06-08,Everport,9,86.03333333333333,1.7000000000000002,58386,0,0.0
2019-06-08,TraPac,11,90.0909090909091,1.9636363636363638,92030,3,0.273
2019-06-08,Yang Ming,6,90.86666666666666,2.0,58403,2,0.333
2019-06-09,APM Terminals,9,88.95555555555556,2.1555555555555554,91616,0,0.0
2019-06-09,China Shipping,9,89.03333333333333,2.1666666666666665,106923,0,0.0
2019-06-09,Everport,9,95.24444444444445,2.477777777777778,114562,2,0.222
2019-06-09,TraPac,7,91.17142857142856,2.2142857142857144,73852,2,0.286
2019-06-09,Yang Ming,3,84.66666666666667,2.1333333333333333,38965,0,0.0
2019-06-10,APM Terminals,2,102.75,2.7,23344,0,0.0
2019-06-10,China Shipping,7,88.98571428571428,2.1571428571428575,75061,2,0.286
2019-06-10,Everport,8,79.8375,2.4,109220,0,0.0
2019-06-10,TraPac,9,95.52222222222223,1.9222222222222223,77055,2,0.222
2019-06-10,Yang Ming,7,92.07142857142857,2.1857142857142855,64236,2,0.286
2019-06-11,APM Terminals,11,92.93636363636364,2.018181818181818,90310,2,0.182
2019-06-11,China Shipping,7,86.54285714285713,1.7142857142857142,61503,0,0.0
2019-06-11,Everport,6,80.60000000000001,2.1999999999999997,49618,0,0.0
2019-06-11,TraPac,3,100.06666666666666,1.8666666666666665,17199,0,0.0
2019-06-11,Yang Ming,7,84.08571428571429,2.085714285714286,67515,1,0.143
2019-06-12,APM Terminals,4,89.4,2.2,45733,0,0.0
2019-06-12,China Shipping,10,92.66,2.37,121873,1,0.1
2019-06-12,Everport,5,84.66,2.44,82044,0,0.0
2019-06-12,TraPac,8,87.0,2.15,79916,0,0.0
2019-06-12,Yang Ming,5,94.46000000000001,1.8599999999999999,39203,0,0.0
2019-06-13,APM Terminals,7,89.54285714285713,2.1285714285714286,63267,1,0.143
2019-06-13,China Shipping,7,96.25714285714285,2.185714285714286,69644,0,0.0
2019-06-13,Everport,6,89.03333333333335,2.1666666666666665,70595,2,0.333
2019-06-13,TraPac,9,92.54444444444444,2.0999999999999996,97561,1,0.111
2019-06-13,Yang Ming,3,87.10000000000001,2.066666666666667,25579,0,0.0
2019-06-14,APM Terminals,6,98.11666666666667,1.9166666666666667,57527,2,0.333
2019-06-14,China Shipping,6,91.16666666666667,1.9833333333333334,38890,0,0.0
2019-06-14,Everport,7,103.12857142857142,1.9285714285714286,64037,1,0.143
2019-06-14,TraPac,4,94.45,2.0,42946,0,0.0
2019-06-14,Yang Ming,2,96.1,1.65,17725,0,0.0
2019-06-15,APM Terminals,6,84.55,2.6166666666666667,81995,0,0.0
2019-06-15,China Shipping,7,103.74285714285715,2.3857142857142857,71059,1,0.143
2019-06-15,Everport,6,86.93333333333334,2.183333333333333,56997,2,0.333
2019-06-15,TraPac,2,88.95,3.0,28064,0,0.0
2019-06-15,Yang Ming,6,90.33333333333333,1.5666666666666667,59663,1,0.167
2019-06-16,APM Terminals,6,81.03333333333335,2.2833333333333337,60193,0,0.0
2019-06-16,China Shipping,8,83.7,1.9875,63712,0,0.0
2019-06-16,Everport,9,78.0,1.9333333333333331,67461,2,0.222
2019-06-16,TraPac,8,92.3625,1.925,59228,0,0.0
2019-06-16,Yang Ming,6,96.96666666666665,2.35,76226,1,0.167
2019-06-17,APM Terminals,9,90.08888888888889,2.2777777777777777,108137,0,0.0
2019-06-17,China Shipping,4,81.925,2.6,55219,0,0.0
2019-06-17,Everport,4,87.175,1.625,27854,0,0.0
2019-06-17,TraPac,11,95.76363636363637,2.4181818181818184,115297,2,0.182
2019-06-17,Yang Ming,7,83.72857142857143,1.9428571428571428,65860,0,0.0
2019-06-18,APM Terminals,10,88.67999999999999,2.0300000000000002,72294,1,0.1
2019-06-18,China Shipping,1,96.2,1.7,7333,0,0.0
2019-06-18,Everport,7,84.61428571428571,2.085714285714286,77415,2,0.286
2019-06-18,TraPac,6,92.18333333333334,2.0833333333333335,62670,0,0.0
2019-06-18,Yang Ming,4,84.275,2.5,46747,0,0.0
2019-06-19,APM Terminals,8,95.60000000000001,2.425,82562,1,0.125
2019-06-19,China Shipping,6,86.88333333333333,1.9000000000000001,48399,0,0.0
2019-06-19,Everport,6,89.31666666666666,2.65,81046,1,0.167
2019-06-19,TraPac,9,91.14444444444445,2.0999999999999996,91223,1,0.111
2019-06-19,Yang Ming,8,92.475,1.7249999999999999,56143,1,0.125
2019-06-20,APM Terminals,6,85.58333333333333,2.15,64340,0,0.0
2019-06-20,China Shipping,2,79.9,2.05,22694,0,0.0
2019-06-20,Everport,7,82.60000000000001,2.085714285714286,62548,2,0.286
2019-06-20,TraPac,13,83.5923076923077,2.4076923076923076,133413,0,0.0
2019-06-20,Yang Ming,5,94.34,1.94,41984,2,0.4
2019-06-21,APM Terminals,5,92.94,1.94,47251,0,0.0
2019-06-21,China Shipping,10,87.58,2.02,97839,0,0.0
2019-06-21,Everport,5,94.14,2.6399999999999997,40632,1,0.2
2019-06-21,TraPac,6,80.26666666666667,2.35,67797,1,0.167
2019-06-21,Yang Ming,4,95.95,2.3,38538,1,0.25
2019-06-22,APM Terminals,7,99.22857142857143,2.1,87106,0,0.0
2019-06-22,China Shipping,9,83.16666666666667,1.7555555555555555,65095,0,0.0
2019-06-22,Everport,3,83.43333333333334,1.8,25754,0,0.0
2019-06-22,TraPac,13,86.72307692307693,2.246153846153846,151862,3,0.231
2019-06-22,Yang Ming,10,92.15,2.2,102429,2,0.2
2019-06-23,APM Terminals,8,89.325,2.0625,93104,1,0.125
2019-06-23,China Shipping,4,97.4,2.175,39537,1,0.25
2019-06-23,Everport,5,93.0,2.62,70338,3,0.6
2019-06-23,TraPac,11,87.72727272727273,2.0090909090909093,110750,2,0.182
2019-06-23,Yang Ming,6,84.43333333333334,2.25,60561,0,0.0
2019-06-24,APM Terminals,1,90.1,3.6,15606,1,1.0
2019-06-24,China Shipping,5,83.67999999999999,2.12,50211,1,0.2
2019-06-24,Everport,5,90.08,1.7600000000000002,42474,0,0.0
2019-06-24,TraPac,8,92.33749999999999,2.025,76701,2,0.25
2019-06-24,Yang Ming,6,88.91666666666667,1.9666666666666668,44233,1,0.167
2019-06-25,APM Terminals,9,90.34444444444445,1.7555555555555555,67508,4,0.444
2019-06-25,China Shipping,9,92.76666666666667,1.9777777777777779,80684,1,0.111
2019-06-25,Everport,9,94.07777777777778,2.211111111111111,92906,1,0.111
2019-06-25,TraPac,5,105.7,2.08,46215,0,0.0
2019-06-25,Yang Ming,4,75.9,2.25,44972,0,0.0
2019-06-26,APM Terminals,3,106.53333333333335,2.1999999999999997,27935,0,0.0
2019-06-26,China Shipping,1,70.6,3.2,15774,0,0.0
2019-06-26,Everport,7,82.52857142857144,1.5142857142857142,37787,0,0.0
2019-06-26,TraPac,7,87.2,2.442857142857143,72925,1,0.143
2019-06-26,Yang Ming,8,86.9,2.0125,65676,1,0.125
2019-06-27,APM Terminals,4,95.175,1.8499999999999999,35934,1,0.25
2019-06-27,China Shipping,5,92.94,2.2,31886,1,0.2
2019-06-27,Everport,8,90.625,2.35,80357,1,0.125
2019-06-27,TraPac,8,95.7375,2.3875,103622,0,0.0
2019-06-27,Yang Ming,3,76.89999999999999,2.9,42664,1,0.333
2019-06-28,APM Terminals,5,89.56,1.9599999999999997,42623,1,0.2
2019-06-28,China Shipping,7,95.95714285714287,2.042857142857143,64491,1,0.143
2019-06-28,Everport,4,96.65,2.025,27789,0,0.0
2019-06-28,TraPac,5,93.44,2.24,59797,1,0.2
2019-06-28,Yang Ming,3,79.7,2.1666666666666665,28512,1,0.333
2019-06-29,APM Terminals,7,86.47142857142856,1.9714285714285715,56187,1,0.143
2019-06-29,China Shipping,5,95.72,1.3,21079,1,0.2
2019-06-29,Everport,2,81.6,2.4,24244,0,0.0
2019-06-29,TraPac,9,82.85555555555555,2.3444444444444446,95674,2,0.222
2019-06-29,Yang Ming,10,86.14,2.38,97841,0,0.0
2019-06-30,APM Terminals,5,94.22,1.6800000000000002,38862,2,0.4
2019-06-30,China Shipping,6,91.89999999999999,1.9666666666666668,60791,1,0.167
2019-06-30,Everport,5,88.02000000000001,1.64,34867,2,0.4
2019-06-30,TraPac,3,97.33333333333333,2.1666666666666665,27821,0,0.0
2019-06-30,Yang Ming,8,89.3125,2.3,93636,0,0.0
2019-07-01,APM Terminals,7,93.84285714285714,1.9000000000000001,64424,1,0.143
2019-07-01,China Shipping,7,80.24285714285715,2.3428571428571425,70753,0,0.0
2019-07-01,Everport,8,87.9125,1.7875,51140,1,0.125
2019-07-01,TraPac,7,88.74285714285715,1.9571428571428573,54422,2,0.286
2019-07-01,Yang Ming,2,91.0,2.35,20776,0,0.0
2019-07-02,APM Terminals,10,82.03,1.89,87669,3,0.3
2019-07-02,China Shipping,5,90.82000000000001,2.1399999999999997,55271,0,0.0
2019-07-02,Everport,8,92.5625,1.925,71170,0,0.0
2019-07-02,TraPac,9,89.57777777777777,1.8333333333333333,70060,4,0.444
2019-07-02,Yang Ming,8,82.7125,2.5875,117184,2,0.25
2019-07-03,APM Terminals,9,89.7,2.1333333333333333,99045,0,0.0
2019-07-03,China Shipping,10,81.97999999999999,1.98,93743,2,0.2
2019-07-03,Everport,8,96.175,1.8875000000000002,65102,0,0.0
2019-07-03,TraPac,5,99.72,2.46,50846,0,0.0
2019-07-03,Yang Ming,7,87.95714285714287,2.185714285714286,70988,0,0.0
2019-07-04,APM Terminals,5,88.5,2.08,50325,0,0.0
2019-07-04,China Shipping,7,84.98571428571428,1.842857142857143,66080,1,0.143
2019-07-04,Everport,4,85.275,2.325,39271,0,0.0
2019-07-04,TraPac,6,86.08333333333333,2.1999999999999997,58594,3,0.5
2019-07-04,Yang Ming,3,82.43333333333334,1.7333333333333334,25325,0,0.0
2019-07-05,APM Terminals,7,93.21428571428571,2.1142857142857143,56661,0,0.0
2019-07-05,China Shipping,6,88.0,1.8999999999999997,64316,1,0.167
2019-07-05,Everport,6,105.28333333333335,2.1,46424,2,0.333
2019-07-05,TraPac,7,82.72857142857143,1.9285714285714286,57906,2,0.286
2019-07-05,Yang Ming,8,87.625,2.225,83056,1,0.125
2019-07-06,APM Terminals,5,89.42,1.7399999999999998,27836,0,0.0
2019-07-06,China Shipping,2,89.6,3.1500000000000004,32603,0,0.0
2019-07-06,Everport,5,89.32000000000001,1.9600000000000002,37156,0,0.0
2019-07-06,TraPac,4,90.95,2.075,39082,2,0.5
2019-07-06,Yang Ming,7,93.52857142857144,1.9000000000000001,77815,0,0.0
2019-07-07,APM Terminals,9,87.72222222222223,2.4555555555555557,106188,1,0.111
2019-07-07,China Shipping,6,92.21666666666665,1.8833333333333335,45236,0,0.0
2019-07-07,Everport,5,94.2,2.2399999999999998,42747,0,0.0
2019-07-07,TraPac,3,83.53333333333333,2.1333333333333333,30562,0,0.0
2019-07-07,Yang Ming,7,91.05714285714285,2.4714285714285715,72819,2,0.286
2019-07-08,APM Terminals,6,90.10000000000001,2.0833333333333335,63477,0,0.0
2019-07-08,China Shipping,5,78.1,2.2800000000000002,60184,1,0.2
2019-07-08,Everport,11,92.28181818181818,1.9636363636363638,103274,2,0.182
2019-07-08,TraPac,4,97.675,1.825,30299,1,0.25
2019-07-08,Yang Ming,5,86.1,1.6800000000000002,21449,2,0.4
2019-07-09,APM Terminals,3,96.43333333333334,2.5,28455,0,0.0
2019-07-09,China Shipping,3,94.56666666666666,1.5666666666666667,19213,0,0.0
2019-07-09,Everport,4,91.975,2.6,45297,1,0.25
2019-07-09,TraPac,6,81.48333333333333,2.4,80436,0,0.0
2019-07-09,Yang Ming,9,96.11111111111111,2.088888888888889,91108,1,0.111
2019-07-10,APM Terminals,5,89.38000000000001,1.86,46146,1,0.2
2019-07-10,China Shipping,2,111.95,1.9,17353,1,0.5
2019-07-10,Everport,5,87.58,2.2,56344,0,0.0
2019-07-10,TraPac,8,86.9,2.1125,74943,0,0.0
2019-07-10,Yang Ming,11,97.65454545454546,1.7363636363636366,71213,1,0.091
2019-07-11,APM Terminals,8,82.2375,2.15,68662,3,0.375
2019-07-11,China Shipping,4,90.65,2.05,45017,1,0.25
2019-07-11,Everport,4,99.525,2.125,45062,1,0.25
2019-07-11,TraPac,9,88.33333333333333,2.066666666666667,102620,2,0.222
2019-07-11,Yang Ming,7,88.75714285714285,2.5142857142857147,89484,0,0.0
2019-07-12,APM Terminals,7,83.78571428571429,2.1285714285714286,72254,1,0.143
2019-07-12,China Shipping,2,60.15,1.9500000000000002,22927,0,0.0
2019-07-12,Everport,6,89.26666666666667,2.066666666666667,54913,1,0.167
2019-07-12,TraPac,3,98.39999999999999,2.6333333333333333,34712,1,0.333
2019-07-12,Yang Ming,8,85.2125,2.0375,68831,1,0.125
2019-07-13,APM Terminals,10,86.37,2.1100000000000003,91519,1,0.1
2019-07-13,China Shipping,6,90.93333333333334,1.95,53302,0,0.0
2019-07-13,Everport,6,91.43333333333334,2.0833333333333335,47197,0,0.0
2019-07-13,TraPac,5,103.64000000000001,1.8199999999999998,36120,1,0.2
2019-07-13,Yang Ming,2,82.85,1.25,9483,0,0.0
2019-07-14,APM Terminals,6,92.11666666666667,2.283333333333333,56120,0,0.0
2019-07-14,China Shipping,7,95.77142857142857,1.8571428571428572,64806,3,0.429
2019-07-14,Everport,6,98.18333333333334,2.5166666666666666,65120,0,0.0
2019-07-14,TraPac,6,95.43333333333334,2.2333333333333334,57414,1,0.167
2019-07-14,Yang Ming,7,93.84285714285714,2.2285714285714286,84336,2,0.286
2019-07-15,APM Terminals,5,87.76,2.2,68500,0,0.0
2019-07-15,China Shipping,15,88.36666666666666,2.106666666666667,154661,4,0.267
2019-07-15,Everport,8,91.6375,1.7125000000000001,51654,1,0.125
2019-07-15,TraPac,3,78.0,2.566666666666667,37268,1,0.333
2019-07-15,Yang Ming,8,89.9625,2.45,81997,1,0.125
2019-07-16,APM Terminals,5,87.94,2.12,46441,0,0.0
2019-07-16,China Shipping,7,86.98571428571428,1.9285714285714286,59483,2,0.286
2019-07-16,Everport,9,86.30000000000001,2.211111111111111,91525,3,0.333
2019-07-16,TraPac,7,89.0,2.257142857142857,74373,1,0.143
2019-07-16,Yang Ming,6,95.96666666666665,2.5,77436,1,0.167
2019-07-17,APM Terminals,13,91.43846153846154,2.0615384615384618,127512,1,0.077
2019-07-17,China Shipping,5,91.44,2.06,69353,1,0.2
2019-07-17,Everport,4,106.25,2.25,32514,0,0.0
2019-07-17,TraPac,5,82.74,2.1399999999999997,47662,0,0.0
2019-07-17,Yang Ming,4,94.625,1.875,22797,1,0.25
2019-07-18,APM Terminals,5,95.53999999999999,2.4200000000000004,70214,0,0.0
2019-07-18,China Shipping,8,88.325,2.175,50011,2,0.25
2019-07-18,Everport,9,93.27777777777777,2.111111111111111,96445,1,0.111
2019-07-18,TraPac,7,95.0,1.9142857142857144,54452,2,0.286
2019-07-18,Yang Ming,7,84.42857142857143,1.7571428571428573,53112,1,0.143
2019-07-19,APM Terminals,7,77.18571428571428,2.0571428571428574,59541,0,0.0
2019-07-19,China Shipping,4,99.65,2.6,55017,0,0.0
2019-07-19,Everport,6,84.88333333333334,1.9333333333333336,61156,3,0.5
2019-07-19,TraPac,4,94.5,2.05,34833,0,0.0
2019-07-19,Yang Ming,7,90.41428571428571,2.4714285714285715,84546,3,0.429
2019-07-20,APM Terminals,8,91.9875,2.5125,85725,1,0.125
2019-07-20,China Shipping,5,92.2,2.08,45480,0,0.0
2019-07-20,Everport,7,94.2,2.2142857142857144,71381,2,0.286
2019-07-20,TraPac,6,77.10000000000001,2.6,90628,2,0.333
2019-07-20,Yang Ming,6,93.71666666666665,1.7333333333333334,50238,1,0.167
2019-07-21,APM Terminals,7,93.75714285714285,2.1142857142857143,78217,2,0.286
2019-07-21,China Shipping,9,87.43333333333334,2.2444444444444445,110834,0,0.0
2019-07-21,Everport,7,94.61428571428571,2.085714285714286,52517,1,0.143
2019-07-21,TraPac,4,97.4,2.6,50703,3,0.75
2019-07-21,Yang Ming,10,88.97,2.05,94134,1,0.1
2019-07-22,APM Terminals,6,87.51666666666665,2.1166666666666667,41437,2,0.333
2019-07-22,China Shipping,3,77.46666666666665,2.0,28631,0,0.0
2019-07-22,Everport,7,98.21428571428571,2.157142857142857,72071,0,0.0
2019-07-22,TraPac,7,96.10000000000001,2.0285714285714285,59132,1,0.143
2019-07-22,Yang Ming,5,88.1,2.82,76382,0,0.0
2019-07-23,APM Terminals,5,90.84,1.94,41734,1,0.2
2019-07-23,China Shipping,6,84.14999999999999,1.95,50679,2,0.333
2019-07-23,Everport,4,88.225,2.0,39661,1,0.25
2019-07-23,TraPac,5,83.5,1.9600000000000002,37921,0,0.0
2019-07-23,Yang Ming,9,83.8111111111111,1.9333333333333331,76771,1,0.111
2019-07-24,APM Terminals,8,92.9625,1.8624999999999998,63233,1,0.125
2019-07-24,China Shipping,7,98.02857142857144,1.8571428571428572,47834,1,0.143
2019-07-24,Everport,3,85.5,2.6333333333333333,39255,0,0.0
2019-07-24,TraPac,9,92.30000000000001,2.2777777777777777,98684,3,0.333
2019-07-24,Yang Ming,5,88.78,1.5,22934,1,0.2
2019-07-25,APM Terminals,5,85.96000000000001,2.18,39136,1,0.2
2019-07-25,China Shipping,5,84.53999999999999,2.1799999999999997,61064,1,0.2
2019-07-25,Everport,5,102.8,2.12,62460,2,0.4
2019-07-25,TraPac,8,88.5125,2.2125,79054,0,0.0
2019-07-25,Yang Ming,4,100.3,1.7,25385,1,0.25
2019-07-26,APM Terminals,8,83.6,2.1,79185,1,0.125
2019-07-26,China Shipping,11,88.72727272727273,1.9181818181818182,93962,0,0.0
2019-07-26,Everport,5,85.6,2.2,49357,2,0.4
2019-07-26,TraPac,7,85.3,2.185714285714286,75951,2,0.286
2019-07-26,Yang Ming,5,91.52000000000001,2.12,48366,1,0.2
2019-07-27,APM Terminals,4,91.95,2.575,48110,1,0.25
2019-07-27,China Shipping,9,93.15555555555555,2.1666666666666665,82202,1,0.111
2019-07-27,Everport,7,92.48571428571428,1.842857142857143,71091,1,0.143
2019-07-27,TraPac,6,93.25,1.8499999999999999,50218,1,0.167
2019-07-27,Yang Ming,9,88.18888888888888,1.9000000000000001,88271,1,0.111
2019-07-28,APM Terminals,2,81.5,2.0999999999999996,22396,0,0.0
2019-07-28,China Shipping,2,93.75,2.3,16386,0,0.0
2019-07-28,Everport,9,89.62222222222222,2.3444444444444446,107813,2,0.222
2019-07-28,TraPac,10,87.6,2.02,91818,2,0.2
2019-07-28,Yang Ming,10,89.34,2.35,107637,0,0.0
2019-07-29,APM Terminals,5,86.97999999999999,1.9,30489,1,0.2
2019-07-29,China Shipping,4,95.075,2.0,36205,0,0.0
2019-07-29,Everport,7,94.05714285714285,2.257142857142857,77640,1,0.143
2019-07-29,TraPac,9,86.6888888888889,2.0777777777777775,85749,2,0.222
2019-07-29,Yang Ming,6,89.45,2.3833333333333333,65091,2,0.333
2019-07-30,APM Terminals,5,96.7,2.16,52667,0,0.0
2019-07-30,China Shipping,8,86.625,2.1875,85223,1,0.125
2019-07-30,Everport,4,100.025,1.9500000000000002,40651,0,0.0
2019-07-30,TraPac,3,92.10000000000001,2.2666666666666666,33602,0,0.0
2019-07-30,Yang Ming,7,88.75714285714285,2.157142857142857,72257,2,0.286
2019-07-31,APM Terminals,5,94.86,2.2,58876,1,0.2
2019-07-31,China Shipping,8,90.0,2.1625,73722,1,0.125
2019-07-31,Everport,10,85.07000000000001,2.0100000000000002,76250,2,0.2
2019-07-31,TraPac,5,95.32,1.9600000000000002,41771,1,0.2
2019-07-31,Yang Ming,4,84.175,2.6,47988,0,0.0
2019-08-01,APM Terminals,2,104.9,1.55,14331,1,0.5
2019-08-01,China Shipping,6,126.08333333333333,1.4666666666666668,49542,0,0.0
2019-08-01,Everport,5,121.46,2.44,59488,2,0.4
2019-08-01,TraPac,5,110.85999999999999,2.44,58623,2,0.4
2019-08-01,Yang Ming,10,125.35999999999999,2.2199999999999998,101470,2,0.2
2019-08-02,APM Terminals,1,107.8,3.2,16981,0,0.0
2019-08-02,China Shipping,4,117.75,2.05,43099,1,0.25
2019-08-02,Everport,4,130.925,2.075,43713,0,0.0
2019-08-02,TraPac,3,117.06666666666666,2.1999999999999997,28408,0,0.0
2019-08-02,Yang Ming,10,122.91,2.05,97944,2,0.2
2019-08-03,APM Terminals,4,106.0,2.225,43658,0,0.0
2019-08-03,China Shipping,4,122.3,1.75,30279,2,0.5
2019-08-03,Everport,6,118.16666666666667,1.8166666666666667,50716,2,0.333
2019-08-03,TraPac,3,109.3,2.1,28727,0,0.0
2019-08-03,Yang Ming,8,116.0375,1.9625,80738,1,0.125
2019-08-04,APM Terminals,8,129.5625,1.7375,57735,1,0.125
2019-08-04,China Shipping,6,118.94999999999999,2.15,60901,1,0.167
2019-08-04,Everport,9,115.8777777777778,1.7777777777777777,81301,1,0.111
2019-08-04,TraPac,8,114.10000000000001,1.7625,46208,1,0.125
2019-08-04,Yang Ming,6,119.41666666666667,2.1166666666666667,74049,1,0.167
2019-08-05,APM Terminals,6,110.21666666666665,2.4166666666666665,55804,1,0.167
2019-08-05,China Shipping,7,110.28571428571429,2.0,41403,0,0.0
2019-08-05,Everport,10,130.18,2.0,80843,3,0.3
2019-08-05,TraPac,9,110.1888888888889,2.1666666666666665,83172,1,0.111
2019-08-05,Yang Ming,9,113.71111111111111,2.022222222222222,92273,2,0.222
2019-08-06,APM Terminals,6,116.66666666666667,2.0500000000000003,72150,2,0.333
2019-08-06,China Shipping,3,140.4,2.6999999999999997,42849,0,0.0
2019-08-06,Everport,1,97.7,1.8,11483,1,1.0
2019-08-06,TraPac,9,119.86666666666666,2.1333333333333333,89849,1,0.111
2019-08-06,Yang Ming,5,121.54,1.9799999999999998,50086,2,0.4
2019-08-07,APM Terminals,8,120.8125,2.2375,89102,2,0.25
2019-08-07,China Shipping,6,109.51666666666667,1.6000000000000003,42527,2,0.333
2019-08-07,Everport,4,104.85,1.875,35858,2,0.5
2019-08-07,TraPac,7,123.31428571428572,2.0142857142857142,69413,1,0.143
2019-08-07,Yang Ming,11,118.30909090909091,1.8727272727272728,89506,3,0.273
2019-08-08,APM Terminals,10,111.16,2.04,66485,0,0.0
2019-08-08,China Shipping,1,108.8,3.5,16862,0,0.0
2019-08-08,Everport,8,117.3875,2.0375,54054,1,0.125
2019-08-08,TraPac,5,126.66,1.78,33863,1,0.2
2019-08-08,Yang Ming,6,103.11666666666667,2.25,74220,1,0.167
2019-08-09,APM Terminals,8,116.0875,1.875,69180,0,0.0
2019-08-09,China Shipping,3,132.76666666666668,1.5,19695,0,0.0
2019-08-09,Everport,7,116.22857142857143,2.0,65806,2,0.286
2019-08-09,TraPac,7,117.41428571428571,2.4857142857142853,83611,1,0.143
2019-08-09,Yang Ming,4,113.525,2.075,35885,0,0.0
2019-08-10,APM Terminals,6,126.35000000000001,2.0166666666666666,52855,1,0.167
2019-08-10,China Shipping,6,101.63333333333333,2.6666666666666665,85466,1,0.167
2019-08-10,Everport,4,115.125,1.975,34927,0,0.0
2019-08-10,TraPac,6,118.51666666666667,2.4833333333333334,84117,1,0.167
2019-08-10,Yang Ming,6,124.3,2.2333333333333334,57003,0,0.0
2019-08-11,APM Terminals,3,131.03333333333333,1.7333333333333334,29810,1,0.333
2019-08-11,China Shipping,7,110.18571428571428,1.7714285714285716,59405,0,0.0
2019-08-11,Everport,3,118.56666666666666,1.8666666666666665,36169,0,0.0
2019-08-11,TraPac,5,121.7,1.86,49169,2,0.4
2019-08-11,Yang Ming,11,115.9,2.0636363636363635,109596,1,0.091
2019-08-12,APM Terminals,6,121.41666666666667,2.1,50089,0,0.0
2019-08-12,China Shipping,9,119.77777777777777,2.3666666666666667,95656,1,0.111
2019-08-12,Everport,8,116.6,2.2125,87226,2,0.25
2019-08-12,TraPac,5,112.52000000000001,2.54,58798,1,0.2
2019-08-12,Yang Ming,2,127.55,1.55,8379,1,0.5
2019-08-13,APM Terminals,9,117.61111111111111,2.522222222222222,110526,4,0.444
2019-08-13,China Shipping,6,111.81666666666666,2.316666666666667,58917,0,0.0
2019-08-13,Everport,11,118.24545454545455,2.109090909090909,99294,1,0.091
2019-08-13,TraPac,4,118.575,1.875,37523,1,0.25
2019-08-13,Yang Ming,3,118.26666666666667,1.7,25189,1,0.333
2019-08-14,APM Terminals,8,124.05,2.475,87668,3,0.375
2019-08-14,China Shipping,3,117.36666666666667,2.3000000000000003,33338,0,0.0
2019-08-14,Everport,4,127.625,2.45,46348,1,0.25
2019-08-14,TraPac,8,111.1,2.425,93314,2,0.25
2019-08-14,Yang Ming,6,129.11666666666667,2.6166666666666667,90291,2,0.333
2019-08-15,APM Terminals,2,132.14999999999998,2.3,21384,0,0.0
2019-08-15,China Shipping,8,118.3875,2.2125,87267,2,0.25
2019-08-15,Everport,5,125.22,1.64,37817,0,0.0
2019-08-15,TraPac,5,116.3,1.9600000000000002,35266,1,0.2
2019-08-15,Yang Ming,3,109.46666666666665,1.8666666666666665,28660,0,0.0
2019-08-16,APM Terminals,7,119.51428571428572,1.6857142857142857,63544,0,0.0
2019-08-16,China Shipping,4,110.575,1.875,36413,0,0.0
2019-08-16,Everport,5,119.17999999999999,2.5200000000000005,71198,1,0.2
2019-08-16,TraPac,8,110.775,2.1625,85795,1,0.125
2019-08-16,Yang Ming,6,121.48333333333333,2.233333333333333,72530,2,0.333
2019-08-17,APM Terminals,3,119.39999999999999,1.7333333333333334,14601,1,0.333
2019-08-17,China Shipping,6,119.63333333333333,2.2333333333333334,59997,0,0.0
2019-08-17,Everport,6,117.60000000000001,1.9000000000000001,47826,1,0.167
2019-08-17,TraPac,5,127.0,1.98,53832,0,0.0
2019-08-17,Yang Ming,5,120.8,2.2,56262,0,0.0
2019-08-18,APM Terminals,7,120.60000000000001,1.842857142857143,32353,1,0.143
2019-08-18,China Shipping,7,121.22857142857143,2.257142857142857,80162,1,0.143
2019-08-18,Everport,6,121.68333333333334,1.8666666666666665,53112,0,0.0
2019-08-18,TraPac,7,124.89999999999999,2.1142857142857143,73482,1,0.143
2019-08-18,Yang Ming,9,118.43333333333334,1.8444444444444446,71333,2,0.222
2019-08-19,APM Terminals,2,139.64999999999998,1.75,18111,0,0.0
2019-08-19,China Shipping,5,127.25999999999999,2.38,52839,1,0.2
2019-08-19,Everport,4,128.225,1.625,27455,0,0.0
2019-08-19,TraPac,12,127.13333333333333,2.058333333333333,127752,3,0.25
2019-08-19,Yang Ming,5,108.44000000000001,2.2800000000000002,54870,1,0.2
2019-08-20,APM Terminals,7,124.98571428571428,1.7,58354,4,0.571
2019-08-20,China Shipping,6,124.23333333333333,2.2166666666666663,71546,2,0.333
2019-08-20,Everport,4,117.75,1.7750000000000001,29659,1,0.25
2019-08-20,TraPac,4,116.55,2.025,40585,0,0.0
2019-08-20,Yang Ming,8,113.225,2.0375,60341,1,0.125
2019-08-21,APM Terminals,5,116.34,1.72,29098,1,0.2
2019-08-21,China Shipping,7,116.08571428571429,2.5,92418,0,0.0
2019-08-21,Everport,7,119.68571428571428,2.2714285714285714,75973,1,0.143
2019-08-21,TraPac,2,111.75,3.25,33154,0,0.0
2019-08-21,Yang Ming,6,123.88333333333333,2.6166666666666667,79568,2,0.333
2019-08-22,APM Terminals,3,118.06666666666666,1.7666666666666666,29893,1,0.333
2019-08-22,China Shipping,4,113.625,2.025,37255,0,0.0
2019-08-22,Everport,6,124.75,1.8166666666666667,37904,1,0.167
2019-08-22,TraPac,5,111.64000000000001,2.4,49733,2,0.4
2019-08-22,Yang Ming,2,118.85,0.8999999999999999,9402,1,0.5
2019-08-23,APM Terminals,7,103.04285714285713,1.7285714285714284,38163,1,0.143
2019-08-23,China Shipping,12,113.74166666666667,2.15,122719,1,0.083
2019-08-23,Everport,12,114.19166666666666,1.9000000000000001,93465,1,0.083
2019-08-23,TraPac,8,116.5625,2.125,68688,0,0.0
2019-08-23,Yang Ming,7,116.28571428571429,2.0142857142857142,58899,1,0.143
2019-08-24,APM Terminals,5,110.04,1.92,40409,0,0.0
2019-08-24,China Shipping,6,119.88333333333333,2.433333333333333,45889,1,0.167
2019-08-24,Everport,1,102.4,1.6,947,0,0.0
2019-08-24,TraPac,4,114.175,2.0,39884,2,0.5
2019-08-24,Yang Ming,9,122.88888888888889,2.177777777777778,107378,1,0.111
2019-08-25,APM Terminals,6,125.2,1.95,55652,0,0.0
2019-08-25,China Shipping,5,112.26000000000002,2.06,63112,0,0.0
2019-08-25,Everport,11,118.9090909090909,2.1818181818181817,118080,3,0.273
2019-08-25,TraPac,4,124.3,2.025,32684,1,0.25
2019-08-25,Yang Ming,3,99.89999999999999,2.0666666666666664,22400,0,0.0
2019-08-26,APM Terminals,6,115.64999999999999,2.3000000000000003,69125,2,0.333
2019-08-26,China Shipping,8,109.575,2.25,94642,3,0.375
2019-08-26,Everport,3,139.4,1.5999999999999999,23325,0,0.0
2019-08-26,TraPac,6,118.33333333333333,2.033333333333333,67382,0,0.0
2019-08-26,Yang Ming,7,123.78571428571429,1.7285714285714284,50483,2,0.286
2019-08-27,APM Terminals,4,115.975,1.775,20432,0,0.0
2019-08-27,China Shipping,6,108.83333333333333,2.0,65152,1,0.167
2019-08-27,Everport,5,107.75999999999999,2.7600000000000002,71986,0,0.0
2019-08-27,TraPac,2,115.35,2.9000000000000004,28004,0,0.0
2019-08-27,Yang Ming,4,121.7,1.875,30729,0,0.0
2019-08-28,APM Terminals,3,101.66666666666667,1.9666666666666668,26864,0,0.0
2019-08-28,China Shipping,9,117.76666666666668,2.177777777777778,108335,3,0.333
2019-08-28,Everport,8,122.8125,2.0375,75587,2,0.25
2019-08-28,TraPac,5,124.0,2.2600000000000002,56101,1,0.2
2019-08-28,Yang Ming,6,121.60000000000001,2.283333333333333,75764,0,0.0
2019-08-29,APM Terminals,4,117.52499999999999,2.4,44074,0,0.0
2019-08-29,China Shipping,5,134.06,1.98,44499,1,0.2
2019-08-29,Everport,5,122.34,2.22,56259,0,0.0
2019-08-29,TraPac,5,113.5,2.32,54557,1,0.2
2019-08-29,Yang Ming,5,121.6,1.52,27771,1,0.2
2019-08-30,APM Terminals,2,99.30000000000001,2.15,16201,0,0.0
2019-08-30,China Shipping,4,120.25,2.5,37567,0,0.0
2019-08-30,Everport,5,130.24,2.58,66445,1,0.2
2019-08-30,TraPac,2,114.05000000000001,2.05,13321,0,0.0
2019-08-30,Yang Ming,11,112.30909090909091,2.3272727272727276,135331,3,0.273
2019-08-31,APM Terminals,5,124.08,1.94,38904,0,0.0
2019-08-31,China Shipping,8,113.52499999999999,1.875,65411,0,0.0
2019-08-31,Everport,4,107.175,2.075,40440,0,0.0
2019-08-31,TraPac,9,119.0111111111111,2.5555555555555554,118183,2,0.222
2019-08-31,Yang Ming,6,127.95,2.5,71275,1,0.167
2019-09-01,APM Terminals,7,109.41428571428571,2.2714285714285714,70015,1,0.143
2019-09-01,China Shipping,7,112.11428571428571,2.457142857142857,86414,2,0.286
2019-09-01,Everport,5,124.08,1.42,37430,2,0.4
2019-09-01,TraPac,8,123.0125,2.0375,60020,2,0.25
2019-09-01,Yang Ming,4,119.85,2.125,34796,0,0.0
2019-09-02,APM Terminals,6,123.66666666666667,1.7833333333333332,57145,1,0.167
2019-09-02,China Shipping,7,116.97142857142856,2.142857142857143,75668,2,0.286
2019-09-02,Everport,5,128.42000000000002,2.0,47145,2,0.4
2019-09-02,TraPac,3,117.13333333333333,2.5,38967,0,0.0
2019-09-02,Yang Ming,2,108.80000000000001,1.75,8566,0,0.0
2019-09-03,APM Terminals,4,111.025,2.1,43834,0,0.0
2019-09-03,China Shipping,4,117.82499999999999,2.05,30219,0,0.0
2019-09-03,Everport,9,119.55555555555556,2.4000000000000004,103122,0,0.0
2019-09-03,TraPac,4,110.475,1.975,42846,0,0.0
2019-09-03,Yang Ming,8,116.475,2.375,102801,1,0.125
2019-09-04,APM Terminals,8,110.575,2.25,77298,2,0.25
2019-09-04,China Shipping,5,116.4,2.0,51748,0,0.0
2019-09-04,Everport,2,129.85,1.7999999999999998,13449,0,0.0
2019-09-04,TraPac,8,107.3125,2.3625000000000003,85770,1,0.125
2019-09-04,Yang Ming,6,113.89999999999999,2.1166666666666667,63481,0,0.0
2019-09-05,APM Terminals,5,114.5,1.7,32421,2,0.4
2019-09-05,China Shipping,9,118.65555555555557,2.0444444444444443,73306,2,0.222
2019-09-05,Everport,7,112.64285714285714,1.7285714285714284,55774,1,0.143
2019-09-05,TraPac,3,111.23333333333333,1.6333333333333335,13031,1,0.333
2019-09-05,Yang Ming,9,114.23333333333332,2.211111111111111,81707,1,0.111
2019-09-06,APM Terminals,9,117.94444444444444,2.1222222222222222,91434,3,0.333
2019-09-06,China Shipping,6,128.25,2.3833333333333333,61332,0,0.0
2019-09-06,Everport,10,121.85999999999999,2.1399999999999997,110206,3,0.3
2019-09-06,TraPac,6,108.43333333333334,2.1999999999999997,73144,0,0.0
2019-09-06,Yang Ming,4,125.925,1.75,16084,1,0.25
2019-09-07,APM Terminals,7,115.04285714285713,2.5,101100,2,0.286
2019-09-07,China Shipping,4,114.05,2.075,49764,0,0.0
2019-09-07,Everport,7,115.84285714285714,2.085714285714286,64537,2,0.286
2019-09-07,TraPac,10,120.99000000000001,2.12,91103,2,0.2
2019-09-07,Yang Ming,4,118.95,2.6,48923,0,0.0
2019-09-08,APM Terminals,7,121.72857142857141,1.7571428571428573,61218,1,0.143
2019-09-08,China Shipping,10,120.68999999999998,2.1100000000000003,86873,4,0.4
2019-09-08,Everport,6,122.28333333333335,2.266666666666667,65199,0,0.0
2019-09-08,TraPac,5,120.2,2.5200000000000005,55298,1,0.2
2019-09-08,Yang Ming,9,128.2888888888889,2.3777777777777778,101010,3,0.333
2019-09-09,APM Terminals,3,109.13333333333333,2.1999999999999997,47975,0,0.0
2019-09-09,China Shipping,8,121.025,1.7125,58581,1,0.125
2019-09-09,Everport,9,123.57777777777778,2.433333333333333,101030,3,0.333
2019-09-09,TraPac,8,114.6,2.3375,92141,1,0.125
2019-09-09,Yang Ming,6,120.56666666666666,2.216666666666667,46303,0,0.0
2019-09-10,APM Terminals,5,113.72,1.8399999999999999,33780,0,0.0
2019-09-10,China Shipping,8,112.0125,2.1,86564,2,0.25
2019-09-10,Everport,8,113.2875,2.1375,82951,1,0.125
2019-09-10,TraPac,4,109.475,2.35,49589,1,0.25
2019-09-10,Yang Ming,6,121.11666666666667,2.35,77662,2,0.333
2019-09-11,APM Terminals,5,121.25999999999999,2.18,56461,0,0.0
2019-09-11,China Shipping,8,125.125,1.9625,65929,1,0.125
2019-09-11,Everport,6,114.96666666666665,2.0833333333333335,48103,0,0.0
2019-09-11,TraPac,8,114.125,2.1125,78866,0,0.0
2019-09-11,Yang Ming,4,113.225,1.825,34365,2,0.5
2019-09-12,APM Terminals,9,116.1888888888889,2.011111111111111,73692,4,0.444
2019-09-12,China Shipping,6,109.28333333333335,1.7666666666666666,22294,1,0.167
2019-09-12,Everport,6,122.34999999999998,1.95,43484,1,0.167
2019-09-12,TraPac,9,110.88888888888889,2.022222222222222,72099,3,0.333
2019-09-12,Yang Ming,2,137.25,2.0,22511,0,0.0
2019-09-13,APM Terminals,6,121.66666666666667,2.466666666666667,81141,1,0.167
2019-09-13,China Shipping,4,110.3,1.95,40131,0,0.0
2019-09-13,Everport,9,116.39999999999999,2.066666666666667,71127,5,0.556
2019-09-13,TraPac,7,129.9142857142857,2.442857142857143,82602,3,0.429
2019-09-13,Yang Ming,9,116.74444444444445,1.9666666666666666,82530,1,0.111
2019-09-14,APM Terminals,6,121.14999999999999,2.1833333333333336,69435,1,0.167
2019-09-14,China Shipping,7,116.61428571428571,1.957142857142857,60614,0,0.0
2019-09-14,Everport,4,123.375,2.025,36656,1,0.25
2019-09-14,TraPac,7,126.48571428571428,2.6571428571428575,85926,3,0.429
2019-09-14,Yang Ming,5,107.72,2.2800000000000002,55895,0,0.0
2019-09-15,APM Terminals,9,122.6222222222222,2.011111111111111,67477,0,0.0
2019-09-15,China Shipping,11,122.06363636363636,2.6727272727272724,120578,1,0.091
2019-09-15,Everport,6,119.89999999999999,2.783333333333333,77730,1,0.167
2019-09-15,TraPac,6,116.31666666666666,1.75,46798,2,0.333
2019-09-15,Yang Ming,7,111.14285714285714,1.8857142857142857,61400,2,0.286
2019-09-16,APM Terminals,10,116.12,1.55,62245,3,0.3
2019-09-16,China Shipping,2,122.3,2.05,22369,0,0.0
2019-09-16,Everport,4,109.725,2.65,53883,1,0.25
2019-09-16,TraPac,6,120.98333333333333,1.9666666666666668,47948,0,0.0
2019-09-16,Yang Ming,6,119.91666666666667,2.0,47009,1,0.167
2019-09-17,APM Terminals,6,119.03333333333335,2.3666666666666667,61317,2,0.333
2019-09-17,China Shipping,4,128.175,2.05,39606,1,0.25
2019-09-17,Everport,6,122.63333333333333,2.6833333333333336,73362,0,0.0
2019-09-17,TraPac,4,110.125,1.85,29134,1,0.25
2019-09-17,Yang Ming,7,115.55714285714285,1.957142857142857,62714,1,0.143
2019-09-18,APM Terminals,4,118.375,2.2,30282,1,0.25
2019-09-18,China Shipping,10,117.35,2.23,107009,1,0.1
2019-09-18,Everport,7,124.37142857142858,2.1,63433,1,0.143
2019-09-18,TraPac,4,108.15,1.875,36438,0,0.0
2019-09-18,Yang Ming,6,108.16666666666667,2.066666666666667,52588,1,0.167
2019-09-19,APM Terminals,6,116.46666666666665,2.4833333333333334,76403,0,0.0
2019-09-19,China Shipping,10,116.39000000000001,2.41,119202,4,0.4
2019-09-19,Everport,4,120.95,2.225,51065,0,0.0
2019-09-19,TraPac,8,117.375,2.2875,88262,3,0.375
2019-09-19,Yang Ming,10,109.13,1.8800000000000001,94973,0,0.0
2019-09-20,APM Terminals,7,120.5,2.3285714285714287,64751,0,0.0
2019-09-20,China Shipping,5,107.08,2.34,46056,2,0.4
2019-09-20,Everport,1,146.1,2.4,11456,0,0.0
2019-09-20,TraPac,7,120.02857142857144,1.8571428571428572,63087,1,0.143
2019-09-20,Yang Ming,7,125.4857142857143,2.4,77661,0,0.0
2019-09-21,APM Terminals,11,124.37272727272726,2.0,93035,2,0.182
2019-09-21,China Shipping,2,116.05,1.95,24076,0,0.0
2019-09-21,Everport,6,112.01666666666667,1.8333333333333333,46936,2,0.333
2019-09-21,TraPac,7,121.72857142857141,1.9714285714285715,65129,5,0.714
2019-09-21,Yang Ming,6,121.48333333333333,1.9166666666666667,57340,0,0.0
2019-09-22,APM Terminals,6,119.06666666666666,1.6333333333333335,43866,3,0.5
2019-09-22,China Shipping,6,118.89999999999999,2.4833333333333334,79511,2,0.333
2019-09-22,Everport,5,124.14000000000001,2.06,41707,1,0.2
2019-09-22,TraPac,4,119.30000000000001,1.7999999999999998,23639,2,0.5
2019-09-22,Yang Ming,3,120.26666666666667,2.1999999999999997,40378,0,0.0
2019-09-23,APM Terminals,5,116.6,2.08,53793,1,0.2
2019-09-23,China Shipping,5,114.44000000000001,2.2600000000000002,45612,2,0.4
2019-09-23,Everport,4,117.35,2.025,31946,0,0.0
2019-09-23,TraPac,5,117.2,2.16,66013,0,0.0
2019-09-23,Yang Ming,2,125.19999999999999,2.3,16965,1,0.5
2019-09-24,APM Terminals,6,111.06666666666666,1.9000000000000001,43829,1,0.167
2019-09-24,China Shipping,9,120.55555555555556,2.088888888888889,89023,0,0.0
2019-09-24,Everport,10,110.85999999999999,2.2399999999999998,93071,1,0.1
2019-09-24,TraPac,7,119.77142857142857,2.0,54044,0,0.0
2019-09-24,Yang Ming,4,105.4,2.0,34694,1,0.25
2019-09-25,APM Terminals,7,108.07142857142857,2.4857142857142853,82793,2,0.286
2019-09-25,China Shipping,4,121.575,1.8,35028,1,0.25
2019-09-25,Everport,10,120.88,2.2199999999999998,88285,1,0.1
2019-09-25,TraPac,7,112.71428571428571,2.1999999999999997,67080,3,0.429
2019-09-25,Yang Ming,6,120.0,1.866666666666667,49777,1,0.167
2019-09-26,APM Terminals,7,123.7,2.1857142857142855,58931,3,0.429
2019-09-26,China Shipping,4,117.65,2.2,43504,1,0.25
2019-09-26,Everport,8,116.7375,2.2875,96160,1,0.125
2019-09-26,TraPac,6,108.39999999999999,2.1166666666666667,71869,1,0.167
2019-09-26,Yang Ming,5,110.16,1.92,35371,0,0.0
2019-09-27,APM Terminals,6,119.26666666666667,1.8166666666666667,57009,1,0.167
2019-09-27,China Shipping,6,111.21666666666665,2.5500000000000003,70635,2,0.333
2019-09-27,Everport,11,112.9909090909091,1.9,86561,2,0.182
2019-09-27,TraPac,7,110.25714285714285,2.0142857142857142,61471,3,0.429
2019-09-27,Yang Ming,5,108.05999999999999,2.2199999999999998,46606,1,0.2
2019-09-28,APM Terminals,5,119.66,2.0,48215,0,0.0
2019-09-28,China Shipping,7,120.8,2.6142857142857143,87978,1,0.143
2019-09-28,Everport,7,117.74285714285715,2.1142857142857143,67384,2,0.286
2019-09-28,TraPac,7,113.18571428571428,2.642857142857143,91024,1,0.143
2019-09-28,Yang Ming,9,119.64444444444445,2.088888888888889,90428,1,0.111
2019-09-29,APM Terminals,6,112.61666666666667,2.4,69979,2,0.333
2019-09-29,China Shipping,5,121.18000000000002,2.42,52936,2,0.4
2019-09-29,Everport,3,108.90000000000002,1.8666666666666665,20438,1,0.333
2019-09-29,TraPac,5,103.44000000000001,2.02,45002,0,0.0
2019-09-29,Yang Ming,1,97.3,2.2,11547,0,0.0
2019-09-30,APM Terminals,6,112.23333333333333,2.0333333333333337,48848,0,0.0
2019-09-30,China Shipping,5,120.14000000000001,1.48,33684,2,0.4
2019-09-30,Everport,5,117.88,2.3,45698,2,0.4
2019-09-30,TraPac,11,116.82727272727271,2.3272727272727276,123754,4,0.364
2019-09-30,Yang Ming,13,120.26153846153846,2.1153846153846154,136272,1,0.077
2019-10-01,APM Terminals,10,117.84,2.35,120881,2,0.2
2019-10-01,China Shipping,7,116.27142857142857,1.9428571428571428,55978,1,0.143
2019-10-01,Everport,8,114.9875,2.4375,101128,4,0.5
2019-10-01,TraPac,2,118.4,2.0999999999999996,22566,0,0.0
2019-10-01,Yang Ming,7,113.21428571428571,2.3857142857142857,78055,1,0.143
2019-10-02,APM Terminals,5,108.72,2.2600000000000002,50019,0,0.0
2019-10-02,China Shipping,6,125.60000000000001,2.25,62699,1,0.167
2019-10-02,Everport,6,118.23333333333333,1.8499999999999999,41531,2,0.333
2019-10-02,TraPac,6,113.89999999999999,2.2166666666666663,58532,0,0.0
2019-10-02,Yang Ming,5,117.12,2.6,61288,2,0.4
2019-10-03,APM Terminals,6,116.13333333333333,1.8666666666666665,52170,3,0.5
2019-10-03,China Shipping,5,129.16,2.5,68122,2,0.4
2019-10-03,Everport,6,120.71666666666665,1.8333333333333333,56059,2,0.333
2019-10-03,TraPac,5,126.97999999999999,2.54,69089,1,0.2
2019-10-03,Yang Ming,7,116.67142857142858,2.2857142857142856,81998,3,0.429
2019-10-04,APM Terminals,8,129.4875,1.8625,72286,4,0.5
2019-10-04,China Shipping,9,110.48888888888888,1.8666666666666667,60672,2,0.222
2019-10-04,Everport,4,108.2,1.7,27710,2,0.5
2019-10-04,TraPac,2,124.15,2.3,27109,1,0.5
2019-10-04,Yang Ming,1,141.1,1.7,10069,0,0.0
2019-10-05,APM Terminals,7,116.27142857142857,2.3285714285714287,69718,1,0.143
2019-10-05,China Shipping,9,119.0111111111111,2.1888888888888887,69830,2,0.222
2019-10-05,Everport,8,116.25,1.7125,61076,1,0.125
2019-10-05,TraPac,10,119.2,2.5300000000000002,118051,1,0.1
2019-10-05,Yang Ming,10,111.83,2.07,98430,2,0.2
2019-10-06,APM Terminals,7,117.97142857142856,2.514285714285714,94128,1,0.143
2019-10-06,China Shipping,3,120.96666666666665,1.4666666666666668,18380,1,0.333
2019-10-06,Everport,6,113.08333333333333,1.8666666666666665,49129,1,0.167
2019-10-06,TraPac,5,125.74000000000001,2.08,50482,1,0.2
2019-10-06,Yang Ming,9,123.5,2.088888888888889,87798,1,0.111
2019-10-07,APM Terminals,5,118.02000000000001,2.32,52051,1,0.2
2019-10-07,China Shipping,4,105.45,1.9,31034,1,0.25
2019-10-07,Everport,6,120.78333333333332,2.0833333333333335,52121,1,0.167
2019-10-07,TraPac,8,119.3,2.3,89419,1,0.125
2019-10-07,Yang Ming,6,118.43333333333334,2.0500000000000003,66438,2,0.333
2019-10-08,APM Terminals,4,117.675,1.8,30628,1,0.25
2019-10-08,China Shipping,10,116.25999999999999,2.27,107740,0,0.0
2019-10-08,Everport,5,120.94000000000001,2.32,62125,1,0.2
2019-10-08,TraPac,9,115.42222222222222,2.0,81031,2,0.222
2019-10-08,Yang Ming,5,111.7,2.06,37967,2,0.4
2019-10-09,APM Terminals,7,114.67142857142858,2.185714285714286,68427,0,0.0
2019-10-09,China Shipping,5,116.58,2.0,51963,1,0.2
2019-10-09,Everport,5,114.17999999999999,2.38,47313,2,0.4
2019-10-09,TraPac,5,118.2,2.16,48651,2,0.4
2019-10-09,Yang Ming,7,121.35714285714286,1.5857142857142856,48027,1,0.143
2019-10-10,APM Terminals,9,131.9888888888889,2.011111111111111,90042,2,0.222
2019-10-10,China Shipping,7,116.85714285714286,2.4,84389,0,0.0
2019-10-10,Everport,6,113.83333333333333,2.183333333333333,52387,2,0.333
2019-10-10,TraPac,7,119.87142857142858,2.5142857142857147,84581,0,0.0
2019-10-10,Yang Ming,11,118.19090909090909,1.9727272727272727,83250,3,0.273
2019-10-11,APM Terminals,4,114.0,2.175,34325,0,0.0
2019-10-11,China Shipping,3,113.16666666666667,1.3666666666666665,15067,0,0.0
2019-10-11,Everport,10,121.07000000000001,1.9300000000000002,82325,3,0.3
2019-10-11,TraPac,8,122.95,1.925,54596,1,0.125
2019-10-11,Yang Ming,9,116.61111111111111,1.9888888888888887,78950,1,0.111
2019-10-12,APM Terminals,7,113.11428571428571,2.1,57710,1,0.143
2019-10-12,China Shipping,8,120.97500000000001,2.075,77630,0,0.0
2019-10-12,Everport,10,108.42,2.18,109923,1,0.1
2019-10-12,TraPac,3,121.63333333333333,3.033333333333333,42681,0,0.0
2019-10-12,Yang Ming,4,119.05,2.35,40848,1,0.25
2019-10-13,APM Terminals,6,111.78333333333335,2.1333333333333333,58388,0,0.0
2019-10-13,China Shipping,9,113.47777777777777,2.2222222222222223,86099,1,0.111
2019-10-13,Everport,6,120.43333333333334,2.4833333333333334,63677,2,0.333
2019-10-13,TraPac,6,121.23333333333333,2.2666666666666666,53125,1,0.167
2019-10-13,Yang Ming,9,119.43333333333332,2.1555555555555554,84885,1,0.111
2019-10-14,APM Terminals,8,123.4375,1.9,61116,2,0.25
2019-10-14,China Shipping,7,121.28571428571429,2.3714285714285714,81647,1,0.143
2019-10-14,Everport,6,120.23333333333333,2.283333333333333,62943,2,0.333
2019-10-14,TraPac,6,109.7,2.283333333333333,77162,0,0.0
2019-10-14,Yang Ming,6,120.93333333333334,2.283333333333333,63488,2,0.333
2019-10-15,APM Terminals,6,112.60000000000001,2.033333333333333,43856,1,0.167
2019-10-15,China Shipping,5,122.82000000000001,1.86,44912,1,0.2
2019-10-15,Everport,3,107.66666666666667,1.9333333333333333,24536,0,0.0
2019-10-15,TraPac,7,109.24285714285715,1.8285714285714287,56504,3,0.429
2019-10-15,Yang Ming,5,108.94000000000001,2.2399999999999998,41765,1,0.2
2019-10-16,APM Terminals,5,113.22,1.8800000000000001,41363,1,0.2
2019-10-16,China Shipping,7,110.18571428571428,1.7142857142857142,48904,2,0.286
2019-10-16,Everport,12,112.575,1.9166666666666667,111620,2,0.167
2019-10-16,TraPac,7,110.9,2.242857142857143,84648,1,0.143
2019-10-16,Yang Ming,8,115.875,2.55,108741,1,0.125
2019-10-17,APM Terminals,8,108.3875,1.7125000000000001,62165,0,0.0
2019-10-17,China Shipping,6,109.7,1.8,51326,1,0.167
2019-10-17,Everport,4,124.32499999999999,2.15,38927,1,0.25
2019-10-17,TraPac,7,118.74285714285715,2.2285714285714286,59876,1,0.143
2019-10-17,Yang Ming,5,109.46,2.32,56109,2,0.4
2019-10-18,APM Terminals,6,120.21666666666665,1.95,56057,1,0.167
2019-10-18,China Shipping,7,115.22857142857143,1.7857142857142858,58171,0,0.0
2019-10-18,Everport,3,117.76666666666667,2.566666666666667,34345,1,0.333
2019-10-18,TraPac,5,135.0,1.8800000000000001,57831,1,0.2
2019-10-18,Yang Ming,7,121.05714285714285,1.9000000000000001,57056,3,0.429
2019-10-19,APM Terminals,7,126.08571428571429,2.257142857142857,88097,1,0.143
2019-10-19,China Shipping,12,116.72500000000001,2.0916666666666663,123348,4,0.333
2019-10-19,Everport,6,112.23333333333333,2.2666666666666666,73125,2,0.333
2019-10-19,TraPac,8,121.7625,2.1125,78016,0,0.0
2019-10-19,Yang Ming,4,105.475,2.275,44978,0,0.0
2019-10-20,APM Terminals,12,119.90833333333335,2.1750000000000003,117237,2,0.167
2019-10-20,China Shipping,6,112.3,2.0500000000000003,57888,1,0.167
2019-10-20,Everport,6,115.86666666666667,2.1333333333333333,61382,2,0.333
2019-10-20,TraPac,8,116.2375,2.025,54802,2,0.25
2019-10-20,Yang Ming,5,106.42,1.86,37714,2,0.4
2019-10-21,APM Terminals,4,115.375,1.875,36710,0,0.0
2019-10-21,China Shipping,4,123.225,2.375,48582,0,0.0
2019-10-21,Everport,5,123.92,2.2399999999999998,60753,0,0.0
2019-10-21,TraPac,7,114.52857142857144,1.8142857142857143,68519,2,0.286
2019-10-21,Yang Ming,9,120.6222222222222,2.111111111111111,95768,0,0.0
2019-10-22,APM Terminals,4,116.85,1.9249999999999998,21858,0,0.0
2019-10-22,China Shipping,5,103.85999999999999,2.02,51117,0,0.0
2019-10-22,Everport,11,112.41818181818181,2.3636363636363638,115976,2,0.182
2019-10-22,TraPac,5,124.96,2.3,61443,2,0.4
2019-10-22,Yang Ming,1,104.2,2.5,11409,0,0.0
2019-10-23,APM Terminals,3,125.33333333333333,2.066666666666667,33739,0,0.0
2019-10-23,China Shipping,4,108.925,2.5,51363,0,0.0
2019-10-23,Everport,11,119.22727272727273,2.0545454545454547,99740,6,0.545
2019-10-23,TraPac,5,124.96,1.72,31870,0,0.0
2019-10-23,Yang Ming,4,111.375,2.6,58340,1,0.25
2019-10-24,APM Terminals,7,119.62857142857142,2.2285714285714286,83497,1,0.143
2019-10-24,China Shipping,4,115.4,2.25,34652,1,0.25
2019-10-24,Everport,4,122.625,2.1,35301,1,0.25
2019-10-24,TraPac,4,112.6,1.8,21439,1,0.25
2019-10-24,Yang Ming,3,123.13333333333334,2.1,37231,0,0.0
2019-10-25,APM Terminals,4,114.975,2.4,44489,1,0.25
2019-10-25,China Shipping,2,105.75,2.8499999999999996,32782,0,0.0
2019-10-25,Everport,8,127.7,2.1625,84091,1,0.125
2019-10-25,TraPac,6,124.66666666666667,1.9000000000000001,47310,2,0.333
2019-10-25,Yang Ming,9,121.02222222222223,2.0555555555555554,89941,0,0.0
2019-10-26,APM Terminals,7,124.67142857142858,2.0,63336,1,0.143
2019-10-26,China Shipping,4,117.975,1.5750000000000002,30147,1,0.25
2019-10-26,Everport,3,120.76666666666667,1.3666666666666665,20217,2,0.667
2019-10-26,TraPac,5,122.5,2.02,43715,2,0.4
2019-10-26,Yang Ming,6,126.81666666666666,2.15,52260,1,0.167
2019-10-27,APM Terminals,6,106.85000000000001,2.4833333333333334,70253,4,0.667
2019-10-27,China Shipping,6,120.48333333333333,1.75,44199,2,0.333
2019-10-27,Everport,2,104.45,2.1500000000000004,17560,1,0.5
2019-10-27,TraPac,5,122.22,2.56,55466,2,0.4
2019-10-27,Yang Ming,2,130.2,2.65,23562,0,0.0
2019-10-28,APM Terminals,1,91.6,1.9,11578,0,0.0
2019-10-28,China Shipping,7,109.75714285714285,2.1714285714285713,67543,1,0.143
2019-10-28,Everport,5,118.6,2.0,47607,0,0.0
2019-10-28,TraPac,6,114.96666666666665,2.216666666666667,55770,2,0.333
2019-10-28,Yang Ming,3,121.06666666666666,1.5333333333333332,14623,1,0.333
2019-10-29,APM Terminals,3,114.0,1.8999999999999997,30144,1,0.333
2019-10-29,China Shipping,6,120.41666666666667,2.3833333333333333,62444,0,0.0
2019-10-29,Everport,2,106.8,1.4500000000000002,13025,0,0.0
2019-10-29,TraPac,7,122.17142857142858,2.1142857142857143,71014,1,0.143
2019-10-29,Yang Ming,4,120.2,1.825,37846,2,0.5
2019-10-30,APM Terminals,9,114.17777777777776,2.2222222222222223,99434,2,0.222
2019-10-30,China Shipping,8,113.2,2.45,99186,1,0.125
2019-10-30,Everport,4,115.325,2.35,49271,1,0.25
2019-10-30,TraPac,8,115.2,2.2375,85355,0,0.0
2019-10-30,Yang Ming,5,118.1,1.72,27484,1,0.2
2019-10-31,APM Terminals,6,124.41666666666667,1.8499999999999999,39182,2,0.333
2019-10-31,China Shipping,4,116.75,2.325,40921,1,0.25
2019-10-31,Everport,1,95.0,3.0,14763,0,0.0
2019-10-31,TraPac,7,110.72857142857143,1.9285714285714286,55685,0,0.0
2019-10-31,Yang Ming,4,108.225,2.025,35271,0,0.0
2019-11-01,APM Terminals,4,81.675,2.4,38726,0,0.0
2019-11-01,China Shipping,1,94.7,2.1,7264,0,0.0
2019-11-01,Everport,10,94.17,2.16,114338,2,0.2
2019-11-01,TraPac,7,88.18571428571428,1.8571428571428572,52252,3,0.429
2019-11-01,Yang Ming,5,94.96000000000001,2.54,65663,2,0.4
2019-11-02,APM Terminals,3,88.93333333333334,1.9000000000000001,27837,1,0.333
2019-11-02,China Shipping,7,80.94285714285715,2.0285714285714285,65332,2,0.286
2019-11-02,Everport,4,93.175,1.975,34101,0,0.0
2019-11-02,TraPac,3,75.83333333333333,1.7666666666666666,19716,0,0.0
2019-11-02,Yang Ming,7,91.27142857142857,2.0285714285714285,70934,1,0.143
2019-11-03,APM Terminals,2,92.8,1.0,13534,1,0.5
2019-11-03,China Shipping,9,92.9,2.088888888888889,97906,0,0.0
2019-11-03,Everport,5,83.92,2.46,61431,0,0.0
2019-11-03,TraPac,10,92.28,1.67,80932,0,0.0
2019-11-03,Yang Ming,4,84.6,2.225,39066,0,0.0
2019-11-04,APM Terminals,4,85.55,2.85,65177,0,0.0
2019-11-04,China Shipping,2,86.7,1.35,12864,0,0.0
2019-11-04,Everport,8,86.8875,2.3375,81571,1,0.125
2019-11-04,TraPac,6,85.83333333333333,1.55,43817,1,0.167
2019-11-04,Yang Ming,3,89.5,1.9333333333333333,18619,1,0.333
2019-11-05,APM Terminals,7,95.28571428571429,2.0571428571428574,59398,1,0.143
2019-11-05,China Shipping,1,109.4,1.7,7348,0,0.0
2019-11-05,Everport,6,76.66666666666667,2.0833333333333335,47066,0,0.0
2019-11-05,TraPac,7,88.92857142857143,1.7142857142857142,52748,2,0.286
2019-11-05,Yang Ming,1,91.6,1.6,6938,1,1.0
2019-11-06,APM Terminals,6,83.05,2.1166666666666667,50209,0,0.0
2019-11-06,China Shipping,5,82.47999999999999,2.04,44584,0,0.0
2019-11-06,Everport,4,86.875,2.4,56015,2,0.5
2019-11-06,TraPac,7,86.45714285714287,1.957142857142857,49194,2,0.286
2019-11-06,Yang Ming,5,88.62,2.12,46954,1,0.2
2019-11-07,APM Terminals,6,86.98333333333333,2.0833333333333335,60003,1,0.167
2019-11-07,China Shipping,3,75.53333333333333,2.1999999999999997,31962,0,0.0
2019-11-07,Everport,7,87.85714285714286,1.8714285714285714,38913,2,0.286
2019-11-07,TraPac,8,88.375,2.45,94896,0,0.0
2019-11-07,Yang Ming,6,99.71666666666665,2.0666666666666664,49793,2,0.333
2019-11-08,APM Terminals,7,91.02857142857144,1.7428571428571427,55337,1,0.143
2019-11-08,China Shipping,2,101.4,1.75,13681,0,0.0
2019-11-08,Everport,8,94.0375,1.625,69293,0,0.0
2019-11-08,TraPac,5,88.1,2.3600000000000003,59329,0,0.0
2019-11-08,Yang Ming,6,97.23333333333333,2.2333333333333334,73638,3,0.5
2019-11-09,APM Terminals,8,90.65,2.175,92650,3,0.375
2019-11-09,China Shipping,7,91.02857142857144,1.9857142857142858,78249,0,0.0
2019-11-09,Everport,4,86.7,1.8,22524,0,0.0
2019-11-09,TraPac,5,94.26,2.4,64171,2,0.4
2019-11-09,Yang Ming,4,97.525,2.075,33340,0,0.0
2019-11-10,APM Terminals,8,88.4375,2.2375,89458,1,0.125
2019-11-10,China Shipping,5,99.0,2.38,64633,0,0.0
2019-11-10,Everport,8,91.475,1.6875,73121,2,0.25
2019-11-10,TraPac,9,81.6,2.177777777777778,86010,1,0.111
2019-11-10,Yang Ming,8,89.0375,1.9125,57873,1,0.125
2019-11-11,APM Terminals,4,87.775,1.925,25648,0,0.0
2019-11-11,China Shipping,7,99.02857142857144,2.5,77631,3,0.429
2019-11-11,Everport,4,84.525,2.0,25468,1,0.25
2019-11-11,TraPac,10,80.92,1.92,72142,0,0.0
2019-11-11,Yang Ming,4,93.975,2.775,64208,0,0.0
2019-11-12,APM Terminals,9,86.62222222222222,2.111111111111111,94187,0,0.0
2019-11-12,China Shipping,6,89.51666666666667,2.316666666666667,78385,1,0.167
2019-11-12,Everport,3,92.93333333333334,2.6,32430,0,0.0
2019-11-12,TraPac,4,91.55,2.85,40718,0,0.0
2019-11-12,Yang Ming,3,92.89999999999999,2.566666666666667,42953,0,0.0
2019-11-13,APM Terminals,9,84.30000000000001,2.0555555555555554,71851,2,0.222
2019-11-13,China Shipping,6,87.88333333333333,2.0166666666666666,53361,0,0.0
2019-11-13,Everport,5,83.6,2.44,60423,0,0.0
2019-11-13,TraPac,7,91.28571428571429,2.042857142857143,67967,2,0.286
2019-11-13,Yang Ming,9,89.14444444444445,1.7333333333333334,56610,1,0.111
2019-11-14,APM Terminals,3,99.06666666666666,1.8999999999999997,23664,0,0.0
2019-11-14,China Shipping,3,103.23333333333333,2.1999999999999997,33270,2,0.667
2019-11-14,Everport,6,97.45,2.283333333333333,64830,0,0.0
2019-11-14,TraPac,10,92.67,1.9899999999999998,92343,2,0.2
2019-11-14,Yang Ming,5,92.58,2.04,37087,1,0.2
2019-11-15,APM Terminals,9,85.45555555555556,1.7555555555555555,60139,2,0.222
2019-11-15,China Shipping,3,82.06666666666666,1.8,19643,2,0.667
2019-11-15,Everport,4,86.025,1.8250000000000002,30711,0,0.0
2019-11-15,TraPac,5,85.0,2.34,50344,0,0.0
2019-11-15,Yang Ming,5,83.0,2.2600000000000002,65383,1,0.2
2019-11-16,APM Terminals,4,93.325,1.7,24569,0,0.0
2019-11-16,China Shipping,5,78.5,2.06,30176,1,0.2
2019-11-16,Everport,8,89.0,1.725,53264,1,0.125
2019-11-16,TraPac,9,89.16666666666667,1.9222222222222223,81241,0,0.0
2019-11-16,Yang Ming,5,82.54,2.0,45868,0,0.0
2019-11-17,APM Terminals,11,87.42727272727274,2.3454545454545457,121122,1,0.091
2019-11-17,China Shipping,9,86.19999999999999,1.8555555555555554,69912,4,0.444
2019-11-17,Everport,4,93.625,1.5,31885,0,0.0
2019-11-17,TraPac,7,85.3,1.7428571428571427,72763,2,0.286
2019-11-17,Yang Ming,9,88.24444444444445,2.033333333333333,79664,0,0.0
2019-11-18,APM Terminals,4,84.375,2.425,53223,0,0.0
2019-11-18,China Shipping,8,92.675,2.4125,80567,1,0.125
2019-11-18,Everport,5,92.6,2.42,51421,1,0.2
2019-11-18,TraPac,7,88.61428571428571,2.0714285714285716,83934,1,0.143
2019-11-18,Yang Ming,7,92.58571428571429,2.057142857142857,80679,1,0.143
2019-11-19,APM Terminals,9,94.67777777777778,1.6666666666666667,60494,1,0.111
2019-11-19,China Shipping,5,88.66,2.06,49068,2,0.4
2019-11-19,Everport,7,84.2,1.8714285714285714,62116,3,0.429
2019-11-19,TraPac,3,88.73333333333333,2.2666666666666666,34624,2,0.667
2019-11-19,Yang Ming,3,103.33333333333333,2.1333333333333333,30190,0,0.0
2019-11-20,APM Terminals,8,93.2125,2.2125,83115,2,0.25
2019-11-20,China Shipping,8,97.66250000000001,2.1625,83803,1,0.125
2019-11-20,Everport,7,83.22857142857143,2.3285714285714287,78206,1,0.143
2019-11-20,TraPac,5,87.86,2.3,52167,0,0.0
2019-11-20,Yang Ming,9,96.28888888888889,1.7000000000000002,50194,1,0.111
2019-11-21,APM Terminals,6,94.46666666666665,2.05,52885,4,0.667
2019-11-21,China Shipping,7,85.94285714285715,2.2714285714285714,69582,2,0.286
2019-11-21,Everport,8,88.1125,2.35,78877,1,0.125
2019-11-21,TraPac,5,93.12,2.48,63059,2,0.4
2019-11-21,Yang Ming,4,78.3,2.425,38370,1,0.25
2019-11-22,APM Terminals,6,96.0,1.7833333333333334,39001,1,0.167
2019-11-22,China Shipping,9,91.55555555555556,2.2333333333333334,105006,1,0.111
2019-11-22,Everport,5,84.08,1.4,23427,0,0.0
2019-11-22,TraPac,3,97.13333333333333,2.3333333333333335,29266,0,0.0
2019-11-22,Yang Ming,4,92.775,2.2249999999999996,50015,1,0.25
2019-11-23,APM Terminals,3,82.93333333333334,1.5666666666666667,28683,1,0.333
2019-11-23,China Shipping,3,75.76666666666667,2.5,33579,1,0.333
2019-11-23,Everport,8,85.2125,2.2375,85163,3,0.375
2019-11-23,TraPac,5,91.22,2.32,46972,2,0.4
2019-11-23,Yang Ming,5,82.52000000000001,2.34,69824,3,0.6
2019-11-24,APM Terminals,10,93.21000000000001,2.3600000000000003,120217,0,0.0
2019-11-24,China Shipping,4,86.225,1.525,22736,0,0.0
2019-11-24,Everport,4,100.8,1.675,35208,3,0.75
2019-11-24,TraPac,3,102.23333333333333,1.6333333333333335,24686,2,0.667
2019-11-24,Yang Ming,4,91.6,1.5,23047,1,0.25
2019-11-25,APM Terminals,4,91.6,2.175,30731,0,0.0
2019-11-25,China Shipping,7,98.24285714285715,2.2,60344,1,0.143
2019-11-25,Everport,3,99.76666666666667,1.9333333333333333,27893,0,0.0
2019-11-25,TraPac,5,93.38000000000001,1.8800000000000001,41513,1,0.2
2019-11-25,Yang Ming,3,90.5,1.7666666666666666,19794,1,0.333
2019-11-26,APM Terminals,5,86.12,2.08,48108,1,0.2
2019-11-26,China Shipping,7,80.72857142857143,1.8714285714285714,55188,0,0.0
2019-11-26,Everport,8,82.7625,2.15,92234,2,0.25
2019-11-26,TraPac,4,79.875,1.95,24259,0,0.0
2019-11-26,Yang Ming,9,89.17777777777778,2.1333333333333333,76965,0,0.0
2019-11-27,APM Terminals,5,80.92,2.0799999999999996,37204,1,0.2
2019-11-27,China Shipping,5,107.12,2.66,64862,0,0.0
2019-11-27,Everport,4,95.95,2.0749999999999997,39311,0,0.0
2019-11-27,TraPac,9,97.48888888888888,2.011111111111111,94654,0,0.0
2019-11-27,Yang Ming,6,86.21666666666665,2.1666666666666665,66295,1,0.167
2019-11-28,APM Terminals,8,95.375,2.3125,67008,1,0.125
2019-11-28,China Shipping,6,96.46666666666665,1.9333333333333333,55185,1,0.167
2019-11-28,Everport,8,80.825,1.8875,65850,2,0.25
2019-11-28,TraPac,8,85.1125,1.8875,70420,3,0.375
2019-11-28,Yang Ming,1,86.0,2.4,6853,0,0.0
2019-11-29,APM Terminals,5,95.9,2.2,37544,1,0.2
2019-11-29,China Shipping,4,74.725,2.425,49313,0,0.0
2019-11-29,TraPac,7,84.22857142857143,2.0714285714285716,69877,0,0.0
2019-11-29,Yang Ming,4,102.4,1.725,19490,1,0.25
2019-11-30,APM Terminals,4,105.85000000000001,2.325,42742,0,0.0
2019-11-30,China Shipping,6,88.75,1.9833333333333334,57705,0,0.0
2019-11-30,Everport,6,96.51666666666667,2.4833333333333334,71038,0,0.0
2019-11-30,TraPac,7,94.07142857142857,1.9142857142857144,64656,1,0.143
2019-11-30,Yang Ming,5,84.38,1.98,37271,1,0.2
2019-12-01,APM Terminals,9,86.44444444444444,2.111111111111111,87086,1,0.111
2019-12-01,China Shipping,5,89.47999999999999,1.7600000000000002,38541,0,0.0
2019-12-01,Everport,4,79.675,2.3,40821,0,0.0
2019-12-01,TraPac,7,87.60000000000001,2.414285714285714,74701,2,0.286
2019-12-01,Yang Ming,6,94.36666666666667,2.1666666666666665,71420,0,0.0
2019-12-02,APM Terminals,5,88.62,2.12,49196,0,0.0
2019-12-02,China Shipping,4,87.2,2.75,46473,0,0.0
2019-12-02,Everport,2,92.15,1.7000000000000002,13334,1,0.5
2019-12-02,TraPac,6,88.38333333333333,1.9333333333333333,44897,2,0.333
2019-12-02,Yang Ming,2,99.55,2.3,27430,1,0.5
2019-12-03,APM Terminals,8,90.975,2.0375,64175,4,0.5
2019-12-03,China Shipping,7,85.05714285714285,2.4285714285714284,79711,3,0.429
2019-12-03,Everport,9,93.23333333333333,2.1222222222222222,93187,0,0.0
2019-12-03,TraPac,6,84.2,2.533333333333333,67974,2,0.333
2019-12-03,Yang Ming,7,92.17142857142858,1.8714285714285714,62065,0,0.0
2019-12-04,China Shipping,6,91.61666666666667,1.4833333333333334,43830,1,0.167
2019-12-04,Everport,5,89.2,2.54,55298,0,0.0
2019-12-04,TraPac,8,94.5625,2.2125,87982,2,0.25
2019-12-04,Yang Ming,3,77.93333333333334,2.466666666666667,42461,0,0.0
2019-12-05,APM Terminals,9,89.41111111111111,1.7777777777777777,70637,3,0.333
2019-12-05,China Shipping,8,85.9,2.1625,84880,2,0.25
2019-12-05,Everport,3,81.3,2.1999999999999997,33376,1,0.333
2019-12-05,TraPac,4,89.325,2.675,50179,2,0.5
2019-12-05,Yang Ming,4,91.825,2.025,46855,1,0.25
2019-12-06,APM Terminals,5,94.94,1.98,48534,0,0.0
2019-12-06,China Shipping,9,88.22222222222223,2.0444444444444443,87505,4,0.444
2019-12-06,Everport,10,79.28,2.31,117858,1,0.1
2019-12-06,TraPac,4,91.675,1.525,34275,0,0.0
2019-12-06,Yang Ming,4,95.05000000000001,2.7,42914,1,0.25
2019-12-07,APM Terminals,8,95.0375,2.4875,99822,0,0.0
2019-12-07,China Shipping,2,71.94999999999999,2.4000000000000004,27555,0,0.0
2019-12-07,Everport,5,80.82000000000001,1.8199999999999998,43243,1,0.2
2019-12-07,TraPac,5,96.2,2.1,56775,1,0.2
2019-12-07,Yang Ming,10,93.97999999999999,1.83,81853,1,0.1
2019-12-08,APM Terminals,6,81.68333333333334,2.6,79241,1,0.167
2019-12-08,China Shipping,7,94.25714285714285,2.157142857142857,63366,0,0.0
2019-12-08,Everport,3,83.8,2.4333333333333336,39787,0,0.0
2019-12-08,TraPac,7,92.81428571428572,2.257142857142857,65246,3,0.429
2019-12-08,Yang Ming,8,88.175,1.875,47557,2,0.25
2019-12-09,APM Terminals,3,98.53333333333335,2.8666666666666667,36199,0,0.0
2019-12-09,China Shipping,5,78.75999999999999,1.64,22743,1,0.2
2019-12-09,Everport,3,97.56666666666666,2.3333333333333335,30121,1,0.333
2019-12-09,TraPac,5,81.62,2.54,64715,1,0.2
2019-12-09,Yang Ming,5,97.36,1.8399999999999999,43083,1,0.2
2019-12-10,APM Terminals,6,77.05,2.1333333333333333,69225,2,0.333
2019-12-10,China Shipping,3,80.16666666666667,2.3000000000000003,34109,1,0.333
2019-12-10,Everport,5,105.44000000000001,2.2199999999999998,42903,2,0.4
2019-12-10,TraPac,1,107.4,2.2,7167,0,0.0
2019-12-10,Yang Ming,2,87.1,2.35,24005,1,0.5
2019-12-11,APM Terminals,6,100.33333333333333,2.1333333333333333,73326,2,0.333
2019-12-11,China Shipping,7,83.58571428571429,1.957142857142857,52533,0,0.0
2019-12-11,Everport,5,107.3,1.9200000000000004,60221,1,0.2
2019-12-11,TraPac,4,99.45,2.325,43175,0,0.0
2019-12-11,Yang Ming,6,92.58333333333333,2.0500000000000003,62623,1,0.167
2019-12-12,APM Terminals,3,98.10000000000001,1.9333333333333333,19105,3,1.0
2019-12-12,China Shipping,6,98.0,1.6166666666666665,43366,1,0.167
2019-12-12,Everport,2,85.65,2.5,21366,0,0.0
2019-12-12,TraPac,5,93.16,2.22,44604,1,0.2
2019-12-12,Yang Ming,5,91.22,2.7600000000000002,68570,1,0.2
2019-12-13,APM Terminals,10,93.17,2.2800000000000002,125159,2,0.2
2019-12-13,China Shipping,10,88.82000000000001,2.33,115505,1,0.1
2019-12-13,Everport,7,90.82857142857142,2.314285714285714,66071,2,0.286
2019-12-13,TraPac,7,85.25714285714285,1.8714285714285714,69993,0,0.0
2019-12-13,Yang Ming,8,94.2375,2.075,67588,1,0.125
2019-12-14,APM Terminals,5,93.78,2.1,50389,1,0.2
2019-12-14,China Shipping,1,78.5,2.6,17364,0,0.0
2019-12-14,Everport,5,106.5,2.02,50806,0,0.0
2019-12-14,TraPac,2,90.55000000000001,2.5,33422,2,1.0
2019-12-14,Yang Ming,7,81.35714285714286,2.1142857142857143,63923,1,0.143
2019-12-15,APM Terminals,8,88.4875,1.8875,73056,1,0.125
2019-12-15,China Shipping,8,93.22500000000001,2.1,64225,2,0.25
2019-12-15,Everport,1,73.6,1.3,2089,0,0.0
2019-12-15,TraPac,5,86.44,2.1399999999999997,43168,1,0.2
2019-12-15,Yang Ming,10,95.89,1.98,90661,3,0.3
2019-12-16,APM Terminals,12,87.47500000000001,1.9666666666666668,104890,2,0.167
2019-12-16,China Shipping,9,94.36666666666666,1.9333333333333331,72614,1,0.111
2019-12-16,Everport,7,99.0,1.842857142857143,46825,2,0.286
2019-12-16,TraPac,2,98.35,2.8,26136,1,0.5
2019-12-16,Yang Ming,4,93.875,1.8250000000000002,30648,1,0.25
2019-12-17,APM Terminals,7,90.02857142857144,1.8142857142857143,73438,2,0.286
2019-12-17,China Shipping,7,98.37142857142858,1.9000000000000001,59982,2,0.286
2019-12-17,Everport,8,91.3625,2.4375,85253,2,0.25
2019-12-17,TraPac,6,88.10000000000001,1.4833333333333334,23966,3,0.5
2019-12-17,Yang Ming,4,84.025,1.975,46549,1,0.25
2019-12-18,APM Terminals,10,95.78999999999999,2.37,92040,0,0.0
2019-12-18,China Shipping,8,84.7625,2.125,90994,0,0.0
2019-12-18,Everport,1,71.7,2.0,11477,0,0.0
2019-12-18,TraPac,4,94.325,2.05,34134,0,0.0
2019-12-18,Yang Ming,6,79.58333333333333,2.25,62619,1,0.167
2019-12-19,APM Terminals,2,92.55000000000001,1.0,13476,0,0.0
2019-12-19,China Shipping,8,86.5625,1.925,67746,0,0.0
2019-12-19,Everport,6,82.31666666666666,2.533333333333333,88325,1,0.167
2019-12-19,TraPac,1,99.2,1.8,2162,0,0.0
2019-12-19,Yang Ming,6,82.93333333333334,2.1666666666666665,64403,0,0.0
2019-12-20,APM Terminals,7,93.42857142857143,2.3428571428571425,80189,0,0.0
2019-12-20,China Shipping,4,81.175,2.4,49033,3,0.75
2019-12-20,Everport,2,93.5,1.6,17072,0,0.0
2019-12-20,TraPac,5,90.96000000000001,1.48,18018,0,0.0
2019-12-20,Yang Ming,5,81.6,2.2,54106,0,0.0
2019-12-21,APM Terminals,8,91.6875,2.05,79505,2,0.25
2019-12-21,China Shipping,8,83.03750000000001,2.1375,72032,1,0.125
2019-12-21,Everport,5,96.08,2.58,47052,0,0.0
2019-12-21,TraPac,4,95.55,2.225,50136,1,0.25
2019-12-21,Yang Ming,7,90.54285714285713,1.7714285714285716,56075,2,0.286
2019-12-22,APM Terminals,6,81.81666666666668,2.1166666666666667,58288,0,0.0
2019-12-22,China Shipping,4,94.35,1.525,27350,1,0.25
2019-12-22,Everport,8,91.925,1.9,66505,1,0.125
2019-12-22,TraPac,6,89.01666666666667,2.033333333333333,70233,1,0.167
2019-12-22,Yang Ming,10,85.8,2.2,101561,2,0.2
2019-12-23,APM Terminals,2,88.05000000000001,1.5,13355,0,0.0
2019-12-23,China Shipping,5,93.47999999999999,2.5,59828,1,0.2
2019-12-23,Everport,2,100.75,1.85,24064,0,0.0
2019-12-23,TraPac,9,95.37777777777778,2.211111111111111,99899,1,0.111
2019-12-23,Yang Ming,4,88.275,2.475,56127,1,0.25
2019-12-24,APM Terminals,2,80.30000000000001,2.8,17799,0,0.0
2019-12-24,China Shipping,6,89.51666666666667,1.95,48782,0,0.0
2019-12-24,Everport,5,90.4,2.1,52917,1,0.2
2019-12-24,TraPac,2,88.5,2.25,24334,0,0.0
2019-12-24,Yang Ming,3,88.23333333333333,3.0,44849,1,0.333
2019-12-25,APM Terminals,4,96.05,2.25,51129,1,0.25
2019-12-25,China Shipping,5,85.17999999999999,2.06,38043,1,0.2
2019-12-25,Everport,6,78.21666666666667,2.4,70832,2,0.333
2019-12-25,TraPac,6,86.10000000000001,2.2333333333333334,65780,0,0.0
2019-12-25,Yang Ming,5,90.02000000000001,2.2,52904,0,0.0
2019-12-26,APM Terminals,6,89.06666666666666,2.5166666666666666,77232,2,0.333
2019-12-26,China Shipping,5,88.96000000000001,1.3800000000000001,27737,1,0.2
2019-12-26,Everport,4,95.775,1.9,28343,0,0.0
2019-12-26,TraPac,6,100.61666666666667,1.7,46164,1,0.167
2019-12-26,Yang Ming,6,91.48333333333333,1.7666666666666666,36827,1,0.167
2019-12-27,APM Terminals,5,91.86,1.52,23432,1,0.2
2019-12-27,China Shipping,4,89.27499999999999,2.075,35765,0,0.0
2019-12-27,Everport,5,85.38,2.4400000000000004,62686,0,0.0
2019-12-27,TraPac,8,92.375,2.2875,82470,0,0.0
2019-12-27,Yang Ming,3,90.5,2.733333333333333,43449,0,0.0
2019-12-28,APM Terminals,6,88.58333333333333,1.75,39497,0,0.0
2019-12-28,China Shipping,1,111.8,2.6,11515,0,0.0
2019-12-28,Everport,4,95.725,2.175,41593,0,0.0
2019-12-28,TraPac,4,100.0,2.5999999999999996,51869,2,0.5
2019-12-28,Yang Ming,7,91.67142857142858,2.1714285714285713,76389,0,0.0
2019-12-29,APM Terminals,4,91.85,2.025,39122,2,0.5
2019-12-29,China Shipping,6,82.89999999999999,1.9333333333333333,57719,1,0.167
2019-12-29,Everport,3,95.13333333333333,2.3666666666666667,39500,0,0.0
2019-12-29,TraPac,8,93.275,2.3375,84508,0,0.0
2019-12-29,Yang Ming,4,89.475,2.225,39715,1,0.25
2019-12-30,APM Terminals,3,78.56666666666666,2.2333333333333334,33244,1,0.333
2019-12-30,China Shipping,7,80.97142857142856,1.8714285714285714,53046,2,0.286
2019-12-30,Everport,2,83.65,2.05,18518,0,0.0
2019-12-30,TraPac,12,93.61666666666667,2.525,138754,1,0.083
2019-12-30,Yang Ming,6,97.8,2.183333333333333,73464,0,0.0
2019-12-31,APM Terminals,10,84.75,2.17,86493,1,0.1
2019-12-31,China Shipping,6,95.35000000000001,2.1666666666666665,63529,0,0.0
2019-12-31,Everport,4,102.6,2.0749999999999997,40014,0,0.0
2019-12-31,TraPac,8,85.45,1.925,74342,3,0.375
2019-12-31,Yang Ming,7,106.44285714285715,2.2857142857142856,76552,2,0.286
2020-01-01,APM Terminals,2,92.6,2.6,16176,0,0.0
2020-01-01,China Shipping,10,94.42999999999999,2.15,95475,1,0.1
2020-01-01,Everport,6,88.06666666666666,1.8,42580,1,0.167
2020-01-01,TraPac,7,88.35714285714286,2.4285714285714284,74677,2,0.286
2020-01-01,Yang Ming,3,84.66666666666667,2.1999999999999997,40181,1,0.333
2020-01-02,APM Terminals,5,92.7,2.48,71867,0,0.0
2020-01-02,China Shipping,6,87.21666666666665,2.35,70275,3,0.5
2020-01-02,Everport,9,83.17777777777778,2.3555555555555556,91569,1,0.111
2020-01-02,TraPac,5,95.32000000000001,2.32,55232,2,0.4
2020-01-02,Yang Ming,7,92.28571428571429,2.314285714285714,76261,0,0.0
2020-01-03,APM Terminals,3,99.2,2.066666666666667,32900,1,0.333
2020-01-03,China Shipping,6,97.58333333333333,1.8833333333333335,50419,1,0.167
2020-01-03,Everport,10,92.57000000000001,1.92,101828,1,0.1
2020-01-03,TraPac,4,83.6,2.1500000000000004,47769,0,0.0
2020-01-03,Yang Ming,3,92.5,1.9666666666666668,21095,0,0.0
2020-01-04,APM Terminals,6,90.23333333333333,2.0,58406,1,0.167
2020-01-04,China Shipping,7,86.0,1.9714285714285715,48772,2,0.286
2020-01-04,Everport,3,99.03333333333335,1.9333333333333333,23837,1,0.333
2020-01-04,TraPac,3,85.66666666666667,1.9333333333333333,29639,0,0.0
2020-01-04,Yang Ming,8,87.46249999999999,1.775,62355,2,0.25
2020-01-05,APM Terminals,4,95.625,2.275,40746,1,0.25
2020-01-05,China Shipping,4,74.45,1.575,26316,1,0.25
2020-01-05,Everport,4,85.675,2.5749999999999997,54181,0,0.0
2020-01-05,TraPac,3,80.3,1.7,14695,0,0.0
2020-01-05,Yang Ming,3,89.16666666666667,2.2333333333333334,43472,0,0.0
2020-01-06,APM Terminals,10,88.92,2.4,106323,3,0.3
2020-01-06,China Shipping,7,89.04285714285713,2.242857142857143,79138,0,0.0
2020-01-06,Everport,5,101.03999999999999,1.9799999999999998,45768,0,0.0
2020-01-06,TraPac,5,91.86,2.08,47872,0,0.0
2020-01-06,Yang Ming,4,98.025,2.125,39876,4,1.0
2020-01-07,APM Terminals,3,102.83333333333333,1.9333333333333333,23040,1,0.333
2020-01-07,China Shipping,8,90.6375,2.3874999999999997,86770,1,0.125
2020-01-07,Everport,12,85.66666666666667,2.2666666666666666,130247,0,0.0
2020-01-07,TraPac,4,86.05,2.9,55537,0,0.0
2020-01-07,Yang Ming,5,94.38,1.8399999999999999,22241,2,0.4
2020-01-08,APM Terminals,3,89.46666666666665,2.433333333333333,43832,1,0.333
2020-01-08,China Shipping,4,77.15,1.875,33562,0,0.0
2020-01-08,Everport,4,88.375,2.125,38411,0,0.0
2020-01-08,TraPac,1,90.9,1.8,6650,1,1.0
2020-01-08,Yang Ming,9,92.72222222222223,2.4222222222222225,95935,1,0.111
2020-01-09,APM Terminals,4,82.80000000000001,1.75,38924,1,0.25
2020-01-09,China Shipping,6,88.43333333333334,2.0,47501,2,0.333
2020-01-09,Everport,4,73.525,1.85,21068,1,0.25
2020-01-09,TraPac,3,93.8,2.6,40952,1,0.333
2020-01-09,Yang Ming,6,84.43333333333332,2.0166666666666666,62146,1,0.167
2020-01-10,APM Terminals,5,96.78,2.08,43644,1,0.2
2020-01-10,China Shipping,5,107.3,2.3200000000000003,55700,2,0.4
2020-01-10,Everport,1,105.4,2.0,11149,0,0.0
2020-01-10,TraPac,3,86.63333333333333,1.7,13760,0,0.0
2020-01-10,Yang Ming,5,93.8,1.86,45651,0,0.0
2020-01-11,APM Terminals,1,92.1,1.5,6916,0,0.0
2020-01-11,China Shipping,4,103.05,2.3,53955,0,0.0
2020-01-11,Everport,2,96.55,2.2,13496,0,0.0
2020-01-11,TraPac,5,96.92,2.12,44709,1,0.2
2020-01-11,Yang Ming,8,90.0125,1.875,63969,0,0.0
2020-01-12,APM Terminals,3,80.43333333333332,2.0666666666666664,29692,0,0.0
2020-01-12,China Shipping,8,89.3875,2.025,83624,2,0.25
2020-01-12,Everport,3,86.60000000000001,2.2333333333333334,30836,0,0.0
2020-01-12,TraPac,5,98.56,1.78,46899,0,0.0
2020-01-12,Yang Ming,3,90.40000000000002,2.1333333333333333,38858,0,0.0
2020-01-13,APM Terminals,5,99.38,2.3200000000000003,48955,1,0.2
2020-01-13,China Shipping,3,82.16666666666667,2.6666666666666665,41099,0,0.0
2020-01-13,Everport,3,89.63333333333333,1.9333333333333333,37171,0,0.0
2020-01-13,TraPac,5,93.4,2.32,59286,1,0.2
2020-01-13,Yang Ming,6,87.10000000000001,2.283333333333333,61594,0,0.0
2020-01-14,APM Terminals,5,106.92,2.2,46368,1,0.2
2020-01-14,China Shipping,7,96.58571428571429,1.7142857142857142,58156,1,0.143
2020-01-14,Everport,3,83.53333333333333,2.5666666666666664,31865,1,0.333
2020-01-14,TraPac,6,99.35000000000001,2.3333333333333335,54774,0,0.0
2020-01-14,Yang Ming,7,94.89999999999999,1.9571428571428573,60045,1,0.143
2020-01-15,APM Terminals,10,96.99,1.9899999999999998,107125,4,0.4
2020-01-15,China Shipping,6,84.5,1.9333333333333333,40292,0,0.0
2020-01-15,Everport,3,96.66666666666667,2.0,38746,0,0.0
2020-01-15,TraPac,4,81.8,2.0,35018,1,0.25
2020-01-15,Yang Ming,4,94.3,1.9,34711,1,0.25
2020-01-16,APM Terminals,10,82.9,2.2600000000000002,103832,1,0.1
2020-01-16,China Shipping,4,88.9,2.225,30757,2,0.5
2020-01-16,Everport,3,75.3,1.9000000000000001,28970,0,0.0
2020-01-16,TraPac,4,83.25,2.325,42131,3,0.75
2020-01-16,Yang Ming,6,90.31666666666666,2.0,68280,1,0.167
2020-01-17,APM Terminals,5,81.92,2.56,61587,1,0.2
2020-01-17,China Shipping,2,91.05000000000001,1.35,3009,0,0.0
2020-01-17,Everport,10,92.47999999999999,2.23,93858,2,0.2
2020-01-17,TraPac,7,87.67142857142858,2.2857142857142856,84309,1,0.143
2020-01-17,Yang Ming,3,85.23333333333333,2.1,29690,1,0.333
2020-01-18,APM Terminals,7,89.07142857142857,2.6,75678,1,0.143
2020-01-18,China Shipping,3,92.23333333333333,1.8,20573,1,0.333
2020-01-18,Everport,4,96.025,2.225,45149,0,0.0
2020-01-18,TraPac,5,89.54,2.68,61608,1,0.2
2020-01-18,Yang Ming,5,95.92,1.7,29136,0,0.0
2020-01-19,APM Terminals,4,102.75,1.325,17719,0,0.0
2020-01-19,China Shipping,4,81.44999999999999,2.275,48561,1,0.25
2020-01-19,Everport,2,81.4,2.3,18344,0,0.0
2020-01-19,TraPac,6,89.93333333333334,1.8499999999999999,46886,1,0.167
2020-01-19,Yang Ming,7,90.72857142857143,2.314285714285714,85590,1,0.143
2020-01-20,APM Terminals,4,90.19999999999999,2.55,55304,0,0.0
2020-01-20,China Shipping,4,98.05,2.1750000000000003,41040,0,0.0
2020-01-20,Everport,3,88.23333333333333,2.466666666666667,33480,1,0.333
2020-01-20,TraPac,7,91.71428571428571,2.4,80703,1,0.143
2020-01-20,Yang Ming,4,96.8,2.475,59531,2,0.5
2020-01-21,APM Terminals,8,95.4625,1.6,57988,2,0.25
2020-01-21,China Shipping,7,82.21428571428571,1.957142857142857,70205,0,0.0
2020-01-21,Everport,7,92.97142857142856,2.3000000000000003,73358,2,0.286
2020-01-21,TraPac,4,82.675,1.425,20769,1,0.25
2020-01-21,Yang Ming,5,96.98,2.06,41858,3,0.6
2020-01-22,APM Terminals,6,88.63333333333333,1.9833333333333334,43274,0,0.0
2020-01-22,China Shipping,7,94.57142857142857,1.9000000000000001,67402,1,0.143
2020-01-22,Everport,1,84.5,2.2,15769,0,0.0
2020-01-22,TraPac,7,92.95714285714287,2.3285714285714287,81619,2,0.286
2020-01-22,Yang Ming,2,70.95,1.35,7924,1,0.5
2020-01-23,APM Terminals,13,88.48461538461538,2.269230769230769,145323,4,0.308
2020-01-23,China Shipping,5,95.06,2.12,44138,1,0.2
2020-01-23,Everport,7,92.51428571428572,1.614285714285714,50767,2,0.286
2020-01-23,TraPac,3,88.36666666666667,2.0,18688,1,0.333
2020-01-23,Yang Ming,7,91.39999999999999,2.1714285714285713,80612,1,0.143
2020-01-24,APM Terminals,5,77.44,2.4,68009,1,0.2
2020-01-24,China Shipping,6,91.39999999999999,2.0,58637,2,0.333
2020-01-24,Everport,6,84.64999999999999,2.1833333333333336,52275,2,0.333
2020-01-24,TraPac,5,85.24,1.56,27487,0,0.0
2020-01-24,Yang Ming,2,91.5,1.75,12912,0,0.0
2020-01-25,APM Terminals,5,99.42,2.32,49725,2,0.4
2020-01-25,China Shipping,2,55.05,2.2,18315,1,0.5
2020-01-25,Everport,7,87.04285714285713,2.557142857142857,89201,1,0.143
2020-01-25,TraPac,3,95.06666666666666,1.633333333333333,15857,0,0.0
2020-01-26,APM Terminals,4,94.9,2.125,39186,0,0.0
2020-01-26,China Shipping,5,100.1,2.06,47773,0,0.0
2020-01-26,Everport,6,94.33333333333333,1.7333333333333334,47724,1,0.167
2020-01-26,TraPac,4,89.9,2.25,41167,0,0.0
2020-01-26,Yang Ming,4,83.225,2.275,46256,0,0.0
2020-01-27,APM Terminals,6,94.63333333333334,2.3333333333333335,69299,0,0.0
2020-01-27,China Shipping,3,94.3,2.0,28996,2,0.667
2020-01-27,Everport,3,71.56666666666666,1.1666666666666667,15950,0,0.0
2020-01-27,TraPac,12,86.05,2.1083333333333334,112282,4,0.333
2020-01-27,Yang Ming,5,89.98,1.7,31558,0,0.0
2020-01-28,APM Terminals,6,90.35000000000001,2.1,57812,0,0.0
2020-01-28,China Shipping,10,98.1,2.02,93415,3,0.3
2020-01-28,Everport,3,75.36666666666666,2.466666666666667,39298,0,0.0
2020-01-28,TraPac,3,112.13333333333333,2.2333333333333334,25188,2,0.667
2020-01-28,Yang Ming,8,82.575,2.1375,71800,2,0.25
2020-01-29,APM Terminals,6,88.71666666666665,2.1333333333333333,71214,0,0.0
2020-01-29,China Shipping,2,79.1,2.25,22494,0,0.0
2020-01-29,Everport,4,75.7,2.325,41438,1,0.25
2020-01-29,TraPac,4,85.525,2.4,48670,1,0.25
2020-01-29,Yang Ming,2,88.95,2.45,18213,1,0.5
2020-01-30,APM Terminals,2,89.65,1.4,11315,0,0.0
2020-01-30,China Shipping,5,91.78,2.6,55346,1,0.2
2020-01-30,Everport,5,85.96000000000001,1.72,42671,1,0.2
2020-01-30,TraPac,11,89.81818181818181,2.0727272727272728,96237,0,0.0
2020-01-30,Yang Ming,4,96.525,1.55,26334,1,0.25
2020-01-31,APM Terminals,5,86.67999999999999,2.56,68036,0,0.0
2020-01-31,China Shipping,8,95.2,1.6125,37744,1,0.125
2020-01-31,Everport,2,99.1,2.4000000000000004,21656,1,0.5
2020-01-31,TraPac,6,88.86666666666667,2.1,59573,0,0.0
2020-01-31,Yang Ming,4,86.9,1.3,25246,0,0.0
2020-02-01,APM Terminals,1,67.4,2.4,10780,0,0.0
2020-02-01,China Shipping,7,95.89999999999999,2.4,64677,2,0.286
2020-02-01,Everport,5,90.7,1.9600000000000002,43345,1,0.2
2020-02-01,TraPac,4,94.025,1.625,35902,1,0.25
2020-02-01,Yang Ming,4,85.925,1.9000000000000001,20849,1,0.25
2020-02-02,APM Terminals,1,71.6,1.6,7086,0,0.0
2020-02-02,China Shipping,7,94.15714285714286,1.9142857142857144,58434,1,0.143
2020-02-02,Everport,1,73.7,2.5,7060,0,0.0
2020-02-02,TraPac,4,94.175,1.75,31542,0,0.0
2020-02-02,Yang Ming,6,90.46666666666665,2.1333333333333333,51947,0,0.0
2020-02-03,APM Terminals,4,97.35,2.575,53008,0,0.0
2020-02-03,China Shipping,1,74.2,1.4,2392,0,0.0
2020-02-03,Everport,5,93.03999999999999,2.46,64986,0,0.0
2020-02-03,TraPac,3,95.16666666666667,2.2666666666666666,33752,0,0.0
2020-02-03,Yang Ming,8,87.6875,2.4,78624,2,0.25
2020-02-04,APM Terminals,6,90.60000000000001,2.066666666666667,53866,0,0.0
2020-02-04,China Shipping,6,76.7,2.15,47234,0,0.0
2020-02-04,Everport,2,89.25,2.1,28901,1,0.5
2020-02-04,TraPac,5,83.7,2.1,60880,0,0.0
2020-02-04,Yang Ming,7,90.45714285714287,2.1285714285714286,70443,2,0.286
2020-02-05,APM Terminals,7,84.25714285714287,2.3857142857142857,82428,1,0.143
2020-02-05,China Shipping,6,96.68333333333334,1.75,41066,1,0.167
2020-02-05,Everport,5,86.14000000000001,2.52,61699,2,0.4
2020-02-05,TraPac,8,93.675,1.8875,76395,3,0.375
2020-02-05,Yang Ming,1,112.6,2.3,16636,0,0.0
2020-02-06,APM Terminals,4,83.975,2.325,42792,0,0.0
2020-02-06,China Shipping,2,116.9,1.7,12883,0,0.0
2020-02-06,Everport,5,82.78,1.92,47181,1,0.2
2020-02-06,TraPac,3,84.93333333333334,1.5333333333333332,24249,0,0.0
2020-02-06,Yang Ming,5,84.84,2.38,57018,2,0.4
2020-02-07,APM Terminals,5,88.97999999999999,2.1399999999999997,45716,2,0.4
2020-02-07,China Shipping,7,84.60000000000001,1.6857142857142857,43693,0,0.0
2020-02-07,Everport,1,102.6,1.0,7089,0,0.0
2020-02-07,TraPac,7,89.44285714285715,2.042857142857143,67279,1,0.143
2020-02-07,Yang Ming,2,106.0,1.75,13001,0,0.0
2020-02-08,APM Terminals,4,85.375,2.425,50981,1,0.25
2020-02-08,China Shipping,5,86.22,2.38,49549,2,0.4
2020-02-08,Everport,6,86.41666666666667,2.716666666666667,77503,0,0.0
2020-02-08,TraPac,6,84.95,2.1333333333333333,54327,1,0.167
2020-02-08,Yang Ming,4,84.4,2.025,39506,1,0.25
2020-02-09,APM Terminals,9,95.42222222222222,2.1555555555555554,93770,2,0.222
2020-02-09,China Shipping,4,76.4,1.875,39356,0,0.0
2020-02-09,Everport,3,95.16666666666667,2.8666666666666667,45646,1,0.333
2020-02-09,TraPac,6,90.13333333333333,1.55,32812,0,0.0
2020-02-09,Yang Ming,2,83.6,2.9,20481,1,0.5
2020-02-10,APM Terminals,5,86.7,2.04,55507,0,0.0
2020-02-10,China Shipping,10,94.22,1.7899999999999998,76388,3,0.3
2020-02-10,Everport,12,89.0,2.0416666666666665,117700,1,0.083
2020-02-10,TraPac,9,89.52222222222223,1.822222222222222,61157,1,0.111
2020-02-10,Yang Ming,2,85.9,1.1,9393,0,0.0
2020-02-11,APM Terminals,3,94.39999999999999,2.2333333333333334,29682,1,0.333
2020-02-11,China Shipping,10,86.9,2.17,105972,0,0.0
2020-02-11,Everport,2,89.30000000000001,2.25,16985,0,0.0
2020-02-11,TraPac,3,93.5,2.2666666666666666,28358,1,0.333
2020-02-11,Yang Ming,5,96.96000000000001,2.16,66455,1,0.2
2020-02-12,APM Terminals,5,99.22,2.42,51782,0,0.0
2020-02-12,China Shipping,3,81.3,2.3000000000000003,27603,1,0.333
2020-02-12,Everport,7,87.42857142857143,2.2,70179,1,0.143
2020-02-12,TraPac,5,84.97999999999999,2.3600000000000003,65471,1,0.2
2020-02-12,Yang Ming,5,81.94000000000001,2.16,45592,1,0.2
2020-02-13,APM Terminals,2,94.35,2.45,26660,0,0.0
2020-02-13,China Shipping,10,93.4,2.2600000000000002,122423,2,0.2
2020-02-13,Everport,4,77.025,1.825,26587,0,0.0
2020-02-13,TraPac,5,90.16,2.2600000000000002,58199,1,0.2
2020-02-13,Yang Ming,3,73.3,2.1,27154,0,0.0
2020-02-14,APM Terminals,4,93.0,1.85,35796,1,0.25
2020-02-14,China Shipping,6,95.78333333333335,1.9833333333333332,50369,0,0.0
2020-02-14,Everport,4,82.625,2.7,52912,0,0.0
2020-02-14,TraPac,6,85.13333333333334,2.183333333333333,60003,0,0.0
2020-02-14,Yang Ming,3,70.66666666666667,2.566666666666667,41638,1,0.333
2020-02-15,APM Terminals,6,86.95,2.1166666666666667,51908,1,0.167
2020-02-15,China Shipping,5,93.8,2.56,67327,1,0.2
2020-02-15,Everport,2,87.85,1.6,13031,0,0.0
2020-02-15,TraPac,3,96.06666666666666,2.1333333333333333,28834,0,0.0
2020-02-15,Yang Ming,5,89.02,2.16,36732,0,0.0
2020-02-16,APM Terminals,7,95.54285714285713,2.5285714285714285,102157,1,0.143
2020-02-16,China Shipping,3,85.26666666666667,1.6666666666666667,17216,0,0.0
2020-02-16,Everport,6,96.18333333333334,2.1999999999999997,52496,2,0.333
2020-02-16,TraPac,1,106.3,1.6,6830,0,0.0
2020-02-16,Yang Ming,7,94.21428571428571,2.0571428571428574,73474,1,0.143
2020-02-17,APM Terminals,3,96.43333333333334,2.033333333333333,28432,0,0.0
2020-02-17,China Shipping,4,86.725,2.225,47900,0,0.0
2020-02-17,Everport,6,76.56666666666666,2.1166666666666667,56479,0,0.0
2020-02-17,TraPac,3,87.43333333333334,1.6666666666666667,15683,0,0.0
2020-02-17,Yang Ming,3,100.8,2.066666666666667,24277,0,0.0
2020-02-18,APM Terminals,3,105.66666666666667,2.3666666666666667,29414,1,0.333
2020-02-18,China Shipping,9,91.3111111111111,2.177777777777778,105940,3,0.333
2020-02-18,Everport,5,86.6,2.0,42728,0,0.0
2020-02-18,TraPac,4,96.75,2.3,45981,1,0.25
2020-02-18,Yang Ming,1,74.1,2.7,16286,0,0.0
2020-02-19,APM Terminals,8,94.65,1.7125000000000001,68764,0,0.0
2020-02-19,China Shipping,10,95.0,2.23,90036,1,0.1
2020-02-19,Everport,4,94.94999999999999,2.7,62195,0,0.0
2020-02-19,TraPac,7,98.04285714285713,2.2142857142857144,67167,0,0.0
2020-02-19,Yang Ming,3,95.86666666666667,2.3333333333333335,20630,1,0.333
2020-02-20,APM Terminals,5,96.84,2.5,69205,0,0.0
2020-02-20,China Shipping,3,85.26666666666667,1.8666666666666665,14685,0,0.0
2020-02-20,Everport,8,89.125,2.0625,74693,1,0.125
2020-02-20,TraPac,8,93.6875,2.125,78996,0,0.0
2020-02-20,Yang Ming,5,98.0,1.8800000000000001,54302,2,0.4
2020-02-21,APM Terminals,5,97.66,2.02,42300,2,0.4
2020-02-21,China Shipping,3,95.96666666666665,1.8,19273,0,0.0
2020-02-21,Everport,7,87.89999999999999,1.942857142857143,61852,0,0.0
2020-02-21,TraPac,2,108.15,2.2,17074,0,0.0
2020-02-21,Yang Ming,6,88.76666666666667,1.7333333333333334,44617,1,0.167
2020-02-22,APM Terminals,3,90.3,2.1666666666666665,29796,0,0.0
2020-02-22,China Shipping,6,85.66666666666667,2.1166666666666667,52964,1,0.167
2020-02-22,Everport,5,87.42,2.38,62263,0,0.0
2020-02-22,TraPac,7,90.32857142857142,1.6857142857142857,50560,0,0.0
2020-02-22,Yang Ming,3,87.89999999999999,2.033333333333333,33441,0,0.0
2020-02-23,APM Terminals,4,81.375,2.55,57587,0,0.0
2020-02-23,China Shipping,2,95.85,2.3499999999999996,28385,1,0.5
2020-02-23,Everport,5,80.85999999999999,1.8199999999999998,36683,0,0.0
2020-02-23,TraPac,2,89.30000000000001,2.4,18119,0,0.0
2020-02-23,Yang Ming,2,94.5,1.6,17908,0,0.0
2020-02-24,APM Terminals,9,92.12222222222222,2.2333333333333334,87044,2,0.222
2020-02-24,China Shipping,4,94.1,2.625,49123,0,0.0
2020-02-24,Everport,3,98.43333333333334,1.8333333333333333,25432,0,0.0
2020-02-24,TraPac,9,85.25555555555555,2.033333333333333,75431,3,0.333
2020-02-24,Yang Ming,3,103.03333333333335,1.5333333333333332,19392,0,0.0
2020-02-25,APM Terminals,5,83.72,2.2199999999999998,56367,2,0.4
2020-02-25,China Shipping,6,98.36666666666667,1.45,42026,1,0.167
2020-02-25,Everport,7,85.84285714285714,1.7428571428571427,46745,0,0.0
2020-02-25,TraPac,1,84.8,1.6,6577,0,0.0
2020-02-25,Yang Ming,10,87.62,2.1,98295,1,0.1
2020-02-26,APM Terminals,2,98.75,1.35,17703,1,0.5
2020-02-26,China Shipping,5,96.1,1.56,31121,1,0.2
2020-02-26,Everport,4,87.55,1.8250000000000002,21945,1,0.25
2020-02-26,TraPac,5,86.92,1.72,41009,0,0.0
2020-02-26,Yang Ming,2,95.44999999999999,1.5,8432,0,0.0
2020-02-27,APM Terminals,1,99.8,2.4,17431,0,0.0
2020-02-27,China Shipping,3,111.2,2.2666666666666666,31877,0,0.0
2020-02-27,Everport,7,94.0,2.314285714285714,82906,1,0.143
2020-02-27,TraPac,2,92.15,3.1,32480,0,0.0
2020-02-27,Yang Ming,4,88.525,1.825,35236,1,0.25
2020-02-28,APM Terminals,3,95.03333333333335,1.9666666666666668,23535,0,0.0
2020-02-28,China Shipping,8,85.8125,2.325,85095,0,0.0
2020-02-28,Everport,5,91.03999999999999,2.08,45713,0,0.0
2020-02-28,TraPac,6,69.88333333333334,2.2333333333333334,62853,2,0.333
2020-02-28,Yang Ming,4,88.525,2.3,31212,1,0.25
2020-02-29,APM Terminals,2,84.35,2.5,25200,0,0.0
2020-02-29,China Shipping,9,92.0,2.0444444444444443,77385,2,0.222
2020-02-29,Everport,7,97.8,2.5142857142857147,87214,1,0.143
2020-02-29,TraPac,2,106.0,1.6,7079,1,0.5
2020-02-29,Yang Ming,3,90.26666666666667,1.6666666666666667,19402,1,0.333
2020-03-01,APM Terminals,3,95.5,1.7333333333333334,24016,0,0.0
2020-03-01,China Shipping,4,85.05,1.9500000000000002,25506,0,0.0
2020-03-01,Everport,4,95.2,2.5,48231,0,0.0
2020-03-01,TraPac,10,88.55,1.95,79895,2,0.2
2020-03-01,Yang Ming,5,91.34,2.5,67056,1,0.2
2020-03-02,APM Terminals,9,91.5,1.8333333333333333,65672,1,0.111
2020-03-02,China Shipping,3,83.53333333333333,2.6666666666666665,45502,0,0.0
2020-03-02,Everport,8,83.575,1.95,68088,1,0.125
2020-03-02,TraPac,6,100.93333333333334,1.7,50982,0,0.0
2020-03-02,Yang Ming,5,89.16,2.44,56287,1,0.2
2020-03-03,APM Terminals,8,82.3375,2.3625,93271,0,0.0
2020-03-03,China Shipping,5,86.32000000000001,2.16,64852,1,0.2
2020-03-03,Everport,6,85.3,1.6333333333333335,49466,1,0.167
2020-03-03,TraPac,8,88.2125,2.1,84666,2,0.25
2020-03-03,Yang Ming,9,84.64444444444445,2.4000000000000004,88102,0,0.0
2020-03-04,APM Terminals,8,93.575,1.9875,79403,0,0.0
2020-03-04,China Shipping,3,83.86666666666666,1.6333333333333335,15753,1,0.333
2020-03-04,Everport,4,88.575,2.375,49443,2,0.5
2020-03-04,TraPac,6,92.28333333333335,2.3000000000000003,65891,1,0.167
2020-03-04,Yang Ming,8,93.7375,1.8375,76878,2,0.25
2020-03-05,APM Terminals,6,82.75,2.1999999999999997,62777,1,0.167
2020-03-05,China Shipping,6,99.41666666666667,1.7833333333333332,38002,1,0.167
2020-03-05,Everport,4,86.25,1.725,29400,0,0.0
2020-03-05,TraPac,9,95.46666666666665,2.177777777777778,113176,1,0.111
2020-03-05,Yang Ming,4,87.05,1.9,31120,1,0.25
2020-03-06,APM Terminals,8,100.5875,1.9125,61384,2,0.25
2020-03-06,China Shipping,7,85.97142857142856,2.2285714285714286,62010,4,0.571
2020-03-06,Everport,6,84.75,2.066666666666667,58645,0,0.0
2020-03-06,TraPac,4,89.8,2.625,43519,1,0.25
2020-03-06,Yang Ming,4,94.925,2.375,49287,2,0.5
2020-03-07,APM Terminals,3,97.06666666666666,2.566666666666667,44678,1,0.333
2020-03-07,China Shipping,8,82.5,2.35,88698,2,0.25
2020-03-07,Everport,5,91.42,2.5,50448,0,0.0
2020-03-07,TraPac,4,90.97500000000001,2.6,42134,1,0.25
2020-03-07,Yang Ming,7,77.5,2.0142857142857142,56401,1,0.143
2020-03-08,APM Terminals,3,98.66666666666667,3.0,43468,0,0.0
2020-03-08,China Shipping,5,93.4,1.7399999999999998,33651,2,0.4
2020-03-08,Everport,5,86.14,2.04,44187,1,0.2
2020-03-08,TraPac,2,99.5,1.55,17834,0,0.0
2020-03-08,Yang Ming,8,98.9625,2.3375,78032,2,0.25
2020-03-09,APM Terminals,5,93.1,1.4,38015,0,0.0
2020-03-09,China Shipping,2,102.85,1.85,18787,1,0.5
2020-03-09,Everport,11,83.96363636363637,2.4363636363636365,118816,2,0.182
2020-03-09,TraPac,8,95.325,2.0125,68422,1,0.125
2020-03-09,Yang Ming,1,93.2,2.3,11511,1,1.0
2020-03-10,APM Terminals,3,80.13333333333333,1.5666666666666667,19574,0,0.0
2020-03-10,China Shipping,6,83.05,2.3000000000000003,70644,3,0.5
2020-03-10,Everport,2,117.55000000000001,2.0,21900,1,0.5
2020-03-10,TraPac,6,94.89999999999999,1.9000000000000001,53917,1,0.167
2020-03-10,Yang Ming,4,94.375,1.75,28716,0,0.0
2020-03-11,APM Terminals,8,90.175,1.8375000000000001,70990,3,0.375
2020-03-11,China Shipping,5,90.8,1.6199999999999999,37421,1,0.2
2020-03-11,Everport,7,86.57142857142857,1.9714285714285715,70437,0,0.0
2020-03-11,TraPac,3,80.13333333333333,2.5,37890,1,0.333
2020-03-11,Yang Ming,2,97.55,2.25,26320,0,0.0
2020-03-12,APM Terminals,5,92.82000000000001,2.1399999999999997,48421,2,0.4
2020-03-12,China Shipping,9,89.63333333333334,2.2555555555555555,98922,0,0.0
2020-03-12,Everport,7,85.11428571428571,2.1714285714285713,78232,0,0.0
2020-03-12,TraPac,2,81.65,2.0,17351,0,0.0
2020-03-12,Yang Ming,5,98.7,2.46,59610,0,0.0
2020-03-13,APM Terminals,5,83.96000000000001,2.16,36736,0,0.0
2020-03-13,China Shipping,10,88.96000000000001,2.2199999999999998,104453,1,0.1
2020-03-13,Everport,4,85.525,1.875,39650,0,0.0
2020-03-13,TraPac,3,89.5,2.3333333333333335,34484,0,0.0
2020-03-13,Yang Ming,3,102.36666666666667,2.2666666666666666,40352,1,0.333
2020-03-14,APM Terminals,3,83.3,2.1666666666666665,24634,0,0.0
2020-03-14,China Shipping,11,84.80909090909091,2.090909090909091,104404,0,0.0
2020-03-14,Everport,2,105.65,1.8499999999999999,18278,0,0.0
2020-03-14,TraPac,4,98.6,2.25,36283,0,0.0
2020-03-14,Yang Ming,5,88.0,2.02,56647,0,0.0
2020-03-15,APM Terminals,1,115.4,1.7,2229,0,0.0
2020-03-15,China Shipping,2,91.45,2.55,18117,0,0.0
2020-03-15,Everport,3,91.56666666666666,1.7333333333333334,23241,0,0.0
2020-03-15,TraPac,9,93.11111111111111,2.033333333333333,102568,1,0.111
2020-03-15,Yang Ming,6,88.26666666666667,1.9333333333333333,51008,0,0.0
2020-03-16,APM Terminals,4,86.325,2.05,44920,0,0.0
2020-03-16,China Shipping,5,90.76,2.44,62586,0,0.0
2020-03-16,Everport,6,89.26666666666667,2.15,65621,1,0.167
2020-03-16,TraPac,3,80.2,2.766666666666667,36571,0,0.0
2020-03-16,Yang Ming,1,93.4,1.5,7104,0,0.0
2020-03-17,APM Terminals,8,92.8625,1.9625,71979,1,0.125
2020-03-17,China Shipping,9,95.71111111111111,1.9777777777777779,91415,1,0.111
2020-03-17,Everport,8,94.45,2.4,76515,0,0.0
2020-03-17,TraPac,4,81.325,2.225,48369,1,0.25
2020-03-17,Yang Ming,4,94.15,2.45,53114,1,0.25
2020-03-18,APM Terminals,8,75.8875,2.625,114350,1,0.125
2020-03-18,China Shipping,4,85.875,1.85,27433,0,0.0
2020-03-18,Everport,8,101.5875,2.4625,92666,1,0.125
2020-03-18,TraPac,9,89.55555555555556,2.1888888888888887,84838,2,0.222
2020-03-18,Yang Ming,6,98.68333333333334,1.9666666666666668,45495,0,0.0
2020-03-19,APM Terminals,5,88.97999999999999,2.42,46480,2,0.4
2020-03-19,China Shipping,3,85.76666666666667,2.3000000000000003,34133,1,0.333
2020-03-19,Everport,8,86.575,1.7,52480,2,0.25
2020-03-19,TraPac,6,86.2,2.4,77735,0,0.0
2020-03-19,Yang Ming,5,104.46,1.9600000000000002,42346,0,0.0
2020-03-20,APM Terminals,6,91.43333333333334,2.3666666666666667,77287,2,0.333
2020-03-20,China Shipping,4,80.55,2.4749999999999996,48644,0,0.0
2020-03-20,Everport,7,83.17142857142858,2.3428571428571425,76208,0,0.0
2020-03-20,TraPac,9,97.8111111111111,2.0999999999999996,96385,2,0.222
2020-03-20,Yang Ming,11,88.45454545454545,2.272727272727273,129666,1,0.091
2020-03-21,APM Terminals,7,86.48571428571428,1.842857142857143,68346,1,0.143
2020-03-21,China Shipping,6,93.46666666666665,2.433333333333333,84542,0,0.0
2020-03-21,Everport,6,83.46666666666667,1.45,31529,0,0.0
2020-03-21,TraPac,4,77.325,2.1,29861,1,0.25
2020-03-21,Yang Ming,6,89.36666666666667,2.15,62019,2,0.333
2020-03-22,APM Terminals,9,85.63333333333334,1.9777777777777779,53753,2,0.222
2020-03-22,China Shipping,6,92.31666666666666,1.9833333333333334,58039,0,0.0
2020-03-22,Everport,7,88.24285714285715,2.142857142857143,63438,1,0.143
2020-03-22,TraPac,4,85.1,1.625,24030,1,0.25
2020-03-22,Yang Ming,5,85.06,2.2199999999999998,43086,0,0.0
2020-03-23,APM Terminals,3,104.73333333333333,2.1666666666666665,22343,0,0.0
2020-03-23,China Shipping,5,85.53999999999999,1.78,48578,2,0.4
2020-03-23,Everport,6,94.8,1.8666666666666665,43498,0,0.0
2020-03-23,TraPac,7,86.47142857142856,2.185714285714286,59231,0,0.0
2020-03-23,Yang Ming,4,89.8,2.05,40269,1,0.25
2020-03-24,APM Terminals,7,80.68571428571428,1.8714285714285714,53461,1,0.143
2020-03-24,China Shipping,2,78.5,2.35,28339,1,0.5
2020-03-24,Everport,6,89.21666666666665,1.9666666666666668,33707,1,0.167
2020-03-24,TraPac,3,81.73333333333333,2.4,37894,1,0.333
2020-03-24,Yang Ming,3,99.89999999999999,2.2666666666666666,32395,1,0.333
2020-03-25,APM Terminals,4,108.4,2.375,40028,0,0.0
2020-03-25,China Shipping,5,89.17999999999999,2.46,68910,1,0.2
2020-03-25,Everport,10,91.84,2.02,93124,2,0.2
2020-03-25,TraPac,3,93.66666666666667,1.5666666666666667,15056,0,0.0
2020-03-25,Yang Ming,3,93.60000000000001,2.1999999999999997,30830,1,0.333
2020-03-26,APM Terminals,2,98.44999999999999,2.1,13294,0,0.0
2020-03-26,China Shipping,5,88.9,2.34,48484,0,0.0
2020-03-26,Everport,5,90.92,2.0799999999999996,42331,1,0.2
2020-03-26,TraPac,10,94.92,1.9300000000000002,96194,2,0.2
2020-03-26,Yang Ming,3,97.53333333333335,2.1666666666666665,27843,0,0.0
2020-03-27,APM Terminals,5,98.12,2.0,26553,1,0.2
2020-03-27,China Shipping,1,103.7,3.5,15216,0,0.0
2020-03-27,Everport,9,89.95555555555556,1.8555555555555554,71589,1,0.111
2020-03-27,TraPac,8,86.6,2.225,81131,0,0.0
2020-03-27,Yang Ming,4,91.375,2.325,46013,2,0.5
2020-03-28,APM Terminals,9,88.11111111111111,2.588888888888889,117081,2,0.222
2020-03-28,China Shipping,6,93.35000000000001,2.25,75009,0,0.0
2020-03-28,Everport,6,95.8,2.2666666666666666,56309,1,0.167
2020-03-28,TraPac,10,91.74,2.0100000000000002,75626,1,0.1
2020-03-28,Yang Ming,5,92.52000000000001,2.2800000000000002,56798,1,0.2
2020-03-29,APM Terminals,11,81.96363636363637,2.036363636363636,107284,3,0.273
2020-03-29,China Shipping,3,72.36666666666667,2.1333333333333333,31553,0,0.0
2020-03-29,Everport,5,79.14,2.06,42523,0,0.0
2020-03-29,TraPac,6,93.01666666666667,1.9166666666666667,52417,1,0.167
2020-03-29,Yang Ming,5,97.97999999999999,2.16,47278,0,0.0
2020-03-30,APM Terminals,7,93.3,2.357142857142857,79380,0,0.0
2020-03-30,China Shipping,6,94.75,2.3333333333333335,62520,0,0.0
2020-03-30,Everport,5,85.53999999999999,1.6199999999999999,24585,2,0.4
2020-03-30,TraPac,9,86.83333333333333,1.9222222222222223,74299,1,0.111
2020-03-30,Yang Ming,9,84.0,2.0777777777777775,77398,1,0.111
2020-03-31,APM Terminals,8,88.5375,2.15,81651,0,0.0
2020-03-31,China Shipping,8,80.525,2.05,64855,0,0.0
2020-03-31,Everport,7,87.35714285714286,1.9857142857142855,76667,2,0.286
2020-03-31,TraPac,9,82.22222222222223,2.3333333333333335,88550,1,0.111
2020-03-31,Yang Ming,11,84.38181818181819,2.0454545454545454,117353,3,0.273
2020-04-01,APM Terminals,1,48.2,3.1,11551,0,0.0
2020-04-01,China Shipping,3,41.06666666666667,2.4,32889,0,0.0
2020-04-01,Everport,8,51.4875,2.8,89984,2,0.25
2020-04-01,TraPac,6,43.800000000000004,2.6333333333333333,57025,3,0.5
2020-04-01,Yang Ming,9,54.58888888888888,2.411111111111111,57506,1,0.111
2020-04-02,APM Terminals,4,48.900000000000006,2.525,29047,0,0.0
2020-04-02,China Shipping,2,51.95,2.6,27946,0,0.0
2020-04-02,Everport,4,49.475,2.75,38630,0,0.0
2020-04-02,TraPac,3,64.3,2.5,31180,0,0.0
2020-04-02,Yang Ming,2,58.55,3.05,22602,0,0.0
2020-04-03,APM Terminals,4,45.5,2.325,31421,1,0.25
2020-04-03,China Shipping,3,56.73333333333334,2.3000000000000003,30474,0,0.0
2020-04-03,Everport,9,41.666666666666664,2.8555555555555556,77603,0,0.0
2020-04-03,TraPac,5,50.14,3.3,60810,0,0.0
2020-04-03,Yang Ming,2,57.3,2.5,23980,0,0.0
2020-04-04,APM Terminals,1,32.4,2.0,6652,0,0.0
2020-04-04,China Shipping,7,50.971428571428575,2.6285714285714286,67329,0,0.0
2020-04-04,Everport,4,58.35,2.25,29041,0,0.0
2020-04-04,TraPac,3,61.76666666666667,2.733333333333333,24872,0,0.0
2020-04-04,Yang Ming,4,46.875,2.075,20732,0,0.0
2020-04-05,APM Terminals,2,54.45,2.5999999999999996,17541,0,0.0
2020-04-05,China Shipping,4,46.425,2.3,26214,1,0.25
2020-04-05,Everport,3,59.96666666666667,2.5,14486,0,0.0
2020-04-05,TraPac,5,48.86,2.62,47202,1,0.2
2020-04-05,Yang Ming,6,44.96666666666667,3.0833333333333335,66097,1,0.167
2020-04-06,APM Terminals,3,50.63333333333333,3.6666666666666665,49228,1,0.333
2020-04-06,China Shipping,3,53.599999999999994,3.1333333333333333,36591,0,0.0
2020-04-06,Everport,7,51.07142857142857,2.4285714285714284,53580,0,0.0
2020-04-06,Yang Ming,4,51.625,2.225,35115,0,0.0
2020-04-07,APM Terminals,4,59.525,2.5999999999999996,34424,0,0.0
2020-04-07,China Shipping,2,37.15,3.75,30954,0,0.0
2020-04-07,Everport,3,47.6,3.1666666666666665,37782,1,0.333
2020-04-07,TraPac,3,72.06666666666666,3.0666666666666664,29278,1,0.333
2020-04-07,Yang Ming,5,58.56,3.62,65426,0,0.0
2020-04-08,APM Terminals,4,46.775,2.7,44057,0,0.0
2020-04-08,China Shipping,9,56.111111111111114,2.8111111111111113,91176,2,0.222
2020-04-08,Everport,3,64.46666666666667,2.3666666666666667,11870,0,0.0
2020-04-08,TraPac,4,54.575,2.85,27686,0,0.0
2020-04-08,Yang Ming,7,46.84285714285714,2.2142857142857144,53640,1,0.143
2020-04-09,APM Terminals,1,70.5,2.5,9998,0,0.0
2020-04-09,China Shipping,4,58.275,3.0,51034,1,0.25
2020-04-09,Everport,5,50.339999999999996,2.7399999999999998,57350,1,0.2
2020-04-09,TraPac,3,49.166666666666664,3.466666666666667,42430,0,0.0
2020-04-09,Yang Ming,4,52.65,2.225,18493,1,0.25
2020-04-10,APM Terminals,3,35.333333333333336,3.033333333333333,32782,0,0.0
2020-04-10,China Shipping,7,50.41428571428571,2.414285714285714,54919,1,0.143
2020-04-10,Everport,4,53.1,2.75,50352,2,0.5
2020-04-10,TraPac,6,50.199999999999996,2.8000000000000003,54426,0,0.0
2020-04-10,Yang Ming,8,55.0,2.75,67194,0,0.0
2020-04-11,APM Terminals,8,49.5875,3.1,92007,0,0.0
2020-04-11,China Shipping,5,60.6,2.42,32497,0,0.0
2020-04-11,Everport,3,55.76666666666667,2.533333333333333,29135,0,0.0
2020-04-11,TraPac,5,55.8,2.44,47918,1,0.2
2020-04-11,Yang Ming,2,66.5,2.4,12895,0,0.0
2020-04-12,APM Terminals,6,55.6,2.35,46790,0,0.0
2020-04-12,China Shipping,2,41.95,2.15,17107,1,0.5
2020-04-12,Everport,2,74.2,2.8,21783,0,0.0
2020-04-12,TraPac,4,64.275,1.975,23688,0,0.0
2020-04-12,Yang Ming,6,64.11666666666666,2.8666666666666667,54444,1,0.167
2020-04-13,APM Terminals,6,55.68333333333334,2.283333333333333,49243,2,0.333
2020-04-13,China Shipping,2,56.9,1.45,13587,1,0.5
2020-04-13,Everport,6,59.03333333333333,2.5500000000000003,45690,0,0.0
2020-04-13,TraPac,4,45.575,2.6,26659,0,0.0
2020-04-13,Yang Ming,5,48.739999999999995,2.38,35501,0,0.0
2020-04-14,APM Terminals,3,45.43333333333334,2.466666666666667,31689,1,0.333
2020-04-14,China Shipping,4,39.675,2.725,39043,0,0.0
2020-04-14,Everport,2,39.9,2.2,12817,0,0.0
2020-04-14,TraPac,7,62.128571428571426,2.814285714285714,85645,1,0.143
2020-04-14,Yang Ming,2,43.900000000000006,2.55,22152,2,1.0
2020-04-15,APM Terminals,5,52.31999999999999,2.38,42484,1,0.2
2020-04-15,China Shipping,5,54.4,2.46,35567,0,0.0
2020-04-15,Everport,4,55.875,3.025,50198,0,0.0
2020-04-15,TraPac,3,42.166666666666664,2.066666666666667,16074,0,0.0
2020-04-15,Yang Ming,5,36.36,3.2399999999999998,59459,0,0.0
2020-04-16,APM Terminals,2,48.85,2.45,12239,0,0.0
2020-04-16,China Shipping,6,52.800000000000004,3.266666666666667,74150,0,0.0
2020-04-16,Everport,2,57.150000000000006,3.2,22904,1,0.5
2020-04-16,TraPac,7,55.07142857142857,2.2142857142857144,40565,1,0.143
2020-04-16,Yang Ming,7,57.94285714285714,2.814285714285714,77223,2,0.286
2020-04-17,APM Terminals,4,53.925,2.95,37223,1,0.25
2020-04-17,China Shipping,4,49.575,2.875,53149,0,0.0
2020-04-17,Everport,5,56.4,3.0,56531,1,0.2
2020-04-17,TraPac,6,47.85,2.783333333333333,57601,0,0.0
2020-04-17,Yang Ming,5,50.46,2.96,50621,0,0.0
2020-04-18,APM Terminals,3,56.199999999999996,3.5,32477,0,0.0
2020-04-18,China Shipping,7,51.542857142857144,2.8000000000000003,56926,0,0.0
2020-04-18,Everport,5,55.92,1.98,22030,1,0.2
2020-04-18,TraPac,2,51.45,1.9,9643,0,0.0
2020-04-18,Yang Ming,11,51.35454545454545,2.5727272727272728,100774,1,0.091
2020-04-19,APM Terminals,4,45.075,2.425,33784,0,0.0
2020-04-19,China Shipping,6,51.88333333333333,2.6999999999999997,60586,0,0.0
2020-04-19,Everport,2,64.25,2.35,18208,0,0.0
2020-04-19,TraPac,6,50.31666666666666,3.0666666666666664,60147,1,0.167
2020-04-19,Yang Ming,3,57.03333333333333,2.5,32520,0,0.0
2020-04-20,APM Terminals,3,44.666666666666664,2.4,22448,0,0.0
2020-04-20,China Shipping,8,54.975,3.025,81698,1,0.125
2020-04-20,Everport,2,59.05,2.15,22665,0,0.0
2020-04-20,TraPac,2,48.15,2.5,22115,0,0.0
2020-04-20,Yang Ming,5,56.8,2.32,52810,0,0.0
2020-04-21,APM Terminals,5,53.94,2.6399999999999997,51790,1,0.2
2020-04-21,China Shipping,3,48.0,2.6333333333333333,29971,0,0.0
2020-04-21,Everport,5,49.239999999999995,2.82,61753,1,0.2
2020-04-21,TraPac,4,61.425000000000004,2.5999999999999996,30511,0,0.0
2020-04-21,Yang Ming,2,60.15,2.85,18389,0,0.0
2020-04-22,APM Terminals,4,57.525,2.375,26352,0,0.0
2020-04-22,China Shipping,4,56.125,3.075,41905,0,0.0
2020-04-22,Everport,3,58.800000000000004,3.033333333333333,34452,0,0.0
2020-04-22,TraPac,6,61.75,2.15,43245,0,0.0
2020-04-22,Yang Ming,4,56.8,2.675,45227,0,0.0
2020-04-23,APM Terminals,4,62.525000000000006,2.7,51087,0,0.0
2020-04-23,China Shipping,3,52.53333333333333,2.6999999999999997,29915,0,0.0
2020-04-23,Everport,3,54.36666666666667,3.1333333333333333,33723,1,0.333
2020-04-23,TraPac,7,53.55714285714286,2.3428571428571425,60594,0,0.0
2020-04-23,Yang Ming,2,38.150000000000006,3.2,23252,0,0.0
2020-04-24,APM Terminals,1,52.6,2.7,7089,0,0.0
2020-04-24,China Shipping,6,49.6,2.433333333333333,42786,0,0.0
2020-04-24,Everport,5,49.6,2.44,31380,0,0.0
2020-04-24,TraPac,4,59.95,2.65,43040,0,0.0
2020-04-24,Yang Ming,1,49.9,3.7,16609,0,0.0
2020-04-25,APM Terminals,4,63.125,2.85,34052,1,0.25
2020-04-25,China Shipping,5,50.260000000000005,2.52,52197,1,0.2
2020-04-25,Everport,3,59.13333333333333,2.466666666666667,24561,0,0.0
2020-04-25,TraPac,3,46.96666666666667,3.433333333333333,32305,0,0.0
2020-04-26,APM Terminals,5,57.55999999999999,2.92,50941,1,0.2
2020-04-26,China Shipping,2,58.9,2.4,18085,0,0.0
2020-04-26,Everport,3,37.6,3.6,44826,0,0.0
2020-04-26,TraPac,5,51.64,2.6399999999999997,45955,0,0.0
2020-04-26,Yang Ming,4,58.650000000000006,2.6,37876,1,0.25
2020-04-27,APM Terminals,4,61.375,2.6,37951,3,0.75
2020-04-27,China Shipping,2,54.85,2.55,13532,1,0.5
2020-04-27,Everport,7,44.84285714285714,2.642857142857143,65468,1,0.143
2020-04-27,TraPac,2,59.349999999999994,2.6,17699,0,0.0
2020-04-27,Yang Ming,5,52.7,2.4200000000000004,33336,1,0.2
2020-04-28,APM Terminals,5,59.75999999999999,2.06,26477,0,0.0
2020-04-28,China Shipping,6,47.06666666666666,2.8000000000000003,55593,1,0.167
2020-04-28,Everport,2,59.45,2.95,22693,0,0.0
2020-04-28,TraPac,5,45.72,2.88,53587,0,0.0
2020-04-28,Yang Ming,4,52.575,3.0,47894,0,0.0
2020-04-29,APM Terminals,5,49.339999999999996,3.3200000000000003,65867,0,0.0
2020-04-29,China Shipping,4,49.1,2.625,49994,1,0.25
2020-04-29,Everport,7,61.57142857142857,2.414285714285714,64517,2,0.286
2020-04-29,TraPac,2,58.900000000000006,2.55,22497,0,0.0
2020-04-29,Yang Ming,6,47.15,2.4499999999999997,55455,2,0.333
2020-04-30,APM Terminals,8,64.6,2.0875,40064,0,0.0
2020-04-30,China Shipping,6,45.28333333333333,2.766666666666667,61973,1,0.167
2020-04-30,Everport,4,36.5,2.425,35468,0,0.0
2020-04-30,TraPac,5,51.08,3.2399999999999998,68308,1,0.2
2020-04-30,Yang Ming,6,46.56666666666666,2.1166666666666667,54281,0,0.0
2020-05-01,APM Terminals,5,54.64,2.6,50501,0,0.0
2020-05-01,China Shipping,5,55.08,3.0,55998,1,0.2
2020-05-01,Everport,7,55.728571428571435,2.742857142857143,77239,1,0.143
2020-05-01,TraPac,3,53.333333333333336,3.233333333333333,32488,0,0.0
2020-05-01,Yang Ming,7,45.285714285714285,3.0,100058,0,0.0
2020-05-02,APM Terminals,8,49.375,2.8,80844,2,0.25
2020-05-02,China Shipping,5,52.4,2.1399999999999997,28867,0,0.0
2020-05-02,Everport,6,58.18333333333334,3.1833333333333336,81882,0,0.0
2020-05-02,TraPac,8,55.6125,2.8375,93791,2,0.25
2020-05-02,Yang Ming,4,52.224999999999994,2.5,34926,1,0.25
2020-05-03,APM Terminals,5,65.2,3.3600000000000003,66628,1,0.2
2020-05-03,China Shipping,4,69.4,2.95,48747,1,0.25
2020-05-03,Everport,3,53.1,3.1999999999999997,37903,2,0.667
2020-05-03,TraPac,5,57.64,2.52,38102,0,0.0
2020-05-03,Yang Ming,7,47.728571428571435,2.4857142857142853,49859,0,0.0
2020-05-04,APM Terminals,7,47.885714285714286,2.9857142857142853,66544,0,0.0
2020-05-04,China Shipping,8,49.2,2.2875,70942,1,0.125
2020-05-04,Everport,3,64.03333333333333,2.466666666666667,30067,1,0.333
2020-05-04,TraPac,6,67.78333333333333,2.5166666666666666,54887,0,0.0
2020-05-04,Yang Ming,3,62.0,2.9,32297,0,0.0
2020-05-05,APM Terminals,3,64.73333333333333,2.5,33892,0,0.0
2020-05-05,China Shipping,2,41.099999999999994,3.0,31231,0,0.0
2020-05-05,Everport,2,46.349999999999994,1.95,8575,1,0.5
2020-05-05,TraPac,7,55.214285714285715,3.042857142857143,72567,2,0.286
2020-05-05,Yang Ming,3,54.96666666666667,3.1666666666666665,35551,1,0.333
2020-05-06,APM Terminals,5,58.260000000000005,2.58,43113,1,0.2
2020-05-06,China Shipping,2,61.949999999999996,1.9,12550,0,0.0
2020-05-06,Everport,3,46.833333333333336,2.4,27122,0,0.0
2020-05-06,TraPac,6,54.800000000000004,2.6833333333333336,59737,1,0.167
2020-05-06,Yang Ming,5,61.17999999999999,2.82,51153,1,0.2
2020-05-07,APM Terminals,4,45.2,3.15,48304,1,0.25
2020-05-07,China Shipping,3,57.76666666666667,3.1333333333333333,37714,0,0.0
2020-05-07,Everport,2,65.85,3.55,30893,0,0.0
2020-05-07,TraPac,4,54.575,2.3,32066,1,0.25
2020-05-07,Yang Ming,6,57.15,2.8833333333333333,72167,0,0.0
2020-05-08,APM Terminals,3,45.03333333333333,2.4,34139,1,0.333
2020-05-08,China Shipping,5,55.3,2.94,53983,0,0.0
2020-05-08,Everport,3,41.03333333333333,2.6333333333333333,20701,0,0.0
2020-05-08,TraPac,2,47.3,2.9,16702,0,0.0
2020-05-08,Yang Ming,3,55.6,2.466666666666667,20077,1,0.333
2020-05-09,APM Terminals,7,64.31428571428572,2.6285714285714286,67285,2,0.286
2020-05-09,China Shipping,3,60.43333333333334,3.1333333333333333,34189,1,0.333
2020-05-09,Everport,3,55.26666666666667,3.4333333333333336,44049,0,0.0
2020-05-09,TraPac,2,60.5,2.4,18825,1,0.5
2020-05-09,Yang Ming,6,55.85,2.8000000000000003,71112,0,0.0
2020-05-10,APM Terminals,6,43.9,2.4833333333333334,48479,0,0.0
2020-05-10,China Shipping,3,51.9,2.8333333333333335,27994,0,0.0
2020-05-10,Everport,3,41.03333333333333,2.3333333333333335,23369,1,0.333
2020-05-10,TraPac,3,48.36666666666667,3.4,32136,0,0.0
2020-05-10,Yang Ming,3,55.333333333333336,2.1999999999999997,22920,0,0.0
2020-05-11,APM Terminals,3,36.43333333333333,1.8333333333333333,13254,0,0.0
2020-05-11,China Shipping,2,47.35,3.15,28015,0,0.0
2020-05-11,Everport,3,65.83333333333333,2.6,31957,1,0.333
2020-05-11,TraPac,2,63.35,2.4,17592,0,0.0
2020-05-11,Yang Ming,5,50.660000000000004,2.58,40417,0,0.0
2020-05-12,APM Terminals,4,56.525,3.025,38962,0,0.0
2020-05-12,China Shipping,2,43.45,2.65,27943,1,0.5
2020-05-12,Everport,4,62.175,2.825,47971,0,0.0
2020-05-12,TraPac,4,44.0,3.7,64100,1,0.25
2020-05-12,Yang Ming,8,53.5,2.8125,78997,0,0.0
2020-05-13,APM Terminals,6,50.35,2.5,40619,1,0.167
2020-05-13,China Shipping,5,62.760000000000005,2.68,47209,0,0.0
2020-05-13,Everport,6,57.6,2.433333333333333,56104,0,0.0
2020-05-13,TraPac,6,47.88333333333333,2.033333333333333,53287,0,0.0
2020-05-13,Yang Ming,3,49.23333333333333,1.9333333333333336,19318,0,0.0
2020-05-14,APM Terminals,3,50.79999999999999,3.1333333333333333,38978,0,0.0
2020-05-14,China Shipping,7,57.31428571428571,3.0285714285714285,85453,0,0.0
2020-05-14,Everport,4,45.525,2.55,31537,0,0.0
2020-05-14,TraPac,9,48.355555555555554,3.0,106292,1,0.111
2020-05-14,Yang Ming,5,68.82000000000001,3.02,52325,0,0.0
2020-05-15,APM Terminals,5,54.65999999999999,2.1399999999999997,31240,0,0.0
2020-05-15,Everport,6,57.21666666666667,1.9666666666666668,40916,0,0.0
2020-05-15,TraPac,5,60.04,2.54,45752,0,0.0
2020-05-15,Yang Ming,6,47.9,2.6666666666666665,54295,0,0.0
2020-05-16,APM Terminals,7,51.271428571428565,2.8714285714285714,75468,3,0.429
2020-05-16,China Shipping,1,72.1,3.8,16969,0,0.0
2020-05-16,Everport,4,56.050000000000004,2.75,47570,1,0.25
2020-05-16,TraPac,7,44.92857142857143,2.757142857142857,77982,1,0.143
2020-05-16,Yang Ming,6,51.1,3.016666666666667,64457,1,0.167
2020-05-17,APM Terminals,6,45.81666666666666,2.533333333333333,57792,0,0.0
2020-05-17,China Shipping,7,55.642857142857146,2.9,68251,0,0.0
2020-05-17,Everport,4,58.575,2.75,25714,0,0.0
2020-05-17,TraPac,5,46.8,2.48,43965,0,0.0
2020-05-17,Yang Ming,3,58.23333333333333,3.1333333333333333,27568,1,0.333
2020-05-18,APM Terminals,4,59.1,2.15,30145,0,0.0
2020-05-18,China Shipping,2,64.35,2.65,22622,0,0.0
2020-05-18,Everport,3,51.86666666666667,2.466666666666667,27430,0,0.0
2020-05-18,TraPac,6,50.550000000000004,2.6666666666666665,67427,1,0.167
2020-05-18,Yang Ming,5,60.86,1.9,22402,0,0.0
2020-05-19,APM Terminals,4,67.35,3.025,48364,0,0.0
2020-05-19,China Shipping,4,65.45,2.025,26227,0,0.0
2020-05-19,Everport,1,81.2,2.7,6798,0,0.0
2020-05-19,TraPac,3,60.9,2.4,21368,1,0.333
2020-05-19,Yang Ming,3,52.0,2.9333333333333336,26378,0,0.0
2020-05-20,APM Terminals,5,56.06,2.54,40849,1,0.2
2020-05-20,China Shipping,3,51.0,2.3333333333333335,13453,1,0.333
2020-05-20,Everport,7,64.11428571428571,2.814285714285714,73620,3,0.429
2020-05-20,TraPac,4,59.05,3.25,54401,0,0.0
2020-05-20,Yang Ming,3,43.93333333333334,2.466666666666667,32394,0,0.0
2020-05-21,APM Terminals,2,60.55,3.15,23746,0,0.0
2020-05-21,China Shipping,1,51.3,3.3,11468,0,0.0
2020-05-21,Everport,4,49.675,2.65,31005,0,0.0
2020-05-21,TraPac,6,59.51666666666667,2.766666666666667,57842,0,0.0
2020-05-21,Yang Ming,2,62.150000000000006,2.25,8474,0,0.0
2020-05-22,China Shipping,3,51.76666666666667,2.9666666666666663,32574,0,0.0
2020-05-22,Everport,4,53.725,2.4,35279,0,0.0
2020-05-22,TraPac,4,40.8,2.8,33122,0,0.0
2020-05-22,Yang Ming,2,73.05,2.3,17986,0,0.0
2020-05-23,APM Terminals,3,57.73333333333333,2.6666666666666665,32817,0,0.0
2020-05-23,China Shipping,5,54.6,2.18,46228,0,0.0
2020-05-23,Everport,7,54.771428571428565,2.1714285714285717,52897,1,0.143
2020-05-23,TraPac,3,65.16666666666667,2.966666666666667,34130,0,0.0
2020-05-23,Yang Ming,1,62.4,1.3,920,0,0.0
2020-05-24,APM Terminals,7,50.271428571428565,2.8000000000000003,70482,1,0.143
2020-05-24,China Shipping,5,44.3,3.18,53628,1,0.2
2020-05-24,Everport,4,64.725,2.0,26525,1,0.25
2020-05-24,TraPac,7,55.42857142857143,2.2714285714285714,48676,1,0.143
2020-05-24,Yang Ming,4,60.4,2.425,26442,0,0.0
2020-05-25,APM Terminals,7,57.41428571428571,2.6285714285714286,56615,0,0.0
2020-05-25,China Shipping,2,35.0,1.2,4444,0,0.0
2020-05-25,Everport,4,56.875,2.975,30808,0,0.0
2020-05-25,TraPac,5,55.52,2.62,39590,0,0.0
2020-05-25,Yang Ming,6,56.78333333333333,2.4,36207,0,0.0
2020-05-26,APM Terminals,5,56.52,3.2,60074,1,0.2
2020-05-26,China Shipping,2,63.449999999999996,3.05,16364,0,0.0
2020-05-26,Everport,4,64.775,2.975,40927,1,0.25
2020-05-26,TraPac,4,55.95,3.125,48809,1,0.25
2020-05-26,Yang Ming,2,50.25,2.95,23765,0,0.0
2020-05-27,APM Terminals,4,46.224999999999994,2.65,31013,0,0.0
2020-05-27,China Shipping,6,45.86666666666667,2.75,73048,0,0.0
2020-05-27,Everport,5,53.6,3.22,61317,0,0.0
2020-05-27,TraPac,1,30.0,3.0,10191,0,0.0
2020-05-27,Yang Ming,4,61.849999999999994,3.1,44867,0,0.0
2020-05-28,APM Terminals,2,65.75,3.3,27564,0,0.0
2020-05-28,China Shipping,6,53.96666666666667,2.5500000000000003,57228,0,0.0
2020-05-28,Everport,8,51.125,2.3625,75489,1,0.125
2020-05-28,TraPac,2,59.7,2.5,17213,0,0.0
2020-05-28,Yang Ming,4,59.4,3.25,52923,1,0.25
2020-05-29,APM Terminals,5,62.17999999999999,2.6399999999999997,48047,1,0.2
2020-05-29,China Shipping,6,55.26666666666667,2.2666666666666666,55666,0,0.0
2020-05-29,Everport,4,59.2,3.075,47570,0,0.0
2020-05-29,TraPac,4,54.4,3.125,52999,1,0.25
2020-05-29,Yang Ming,3,52.93333333333334,2.3000000000000003,31299,0,0.0
2020-05-30,APM Terminals,2,56.65,3.5,32157,0,0.0
2020-05-30,China Shipping,8,49.875,2.775,84499,1,0.125
2020-05-30,Everport,5,52.56,2.96,49752,0,0.0
2020-05-30,TraPac,4,51.025,2.45,40731,2,0.5
2020-05-30,Yang Ming,3,58.93333333333334,2.566666666666667,29211,0,0.0
2020-05-31,APM Terminals,1,60.9,2.3,6293,0,0.0
2020-05-31,China Shipping,3,58.9,2.966666666666667,37145,0,0.0
2020-05-31,Everport,6,57.43333333333334,1.7333333333333334,22550,0,0.0
2020-05-31,TraPac,5,51.46,3.2600000000000002,59016,0,0.0
2020-05-31,Yang Ming,5,67.54,3.04,68072,2,0.4
2020-06-01,APM Terminals,5,88.97999999999999,2.16,40343,0,0.0
2020-06-01,China Shipping,5,87.17999999999999,3.1,64280,1,0.2
2020-06-01,Everport,4,90.475,2.675,42204,4,1.0
2020-06-01,TraPac,4,94.025,2.35,37269,0,0.0
2020-06-01,Yang Ming,7,85.05714285714285,3.0,92745,1,0.143
2020-06-02,APM Terminals,4,102.35,2.65,45178,0,0.0
2020-06-02,China Shipping,6,100.38333333333333,2.9,81701,1,0.167
2020-06-02,Everport,5,92.02000000000001,2.8,57808,1,0.2
2020-06-02,TraPac,3,89.83333333333333,2.466666666666667,28342,0,0.0
2020-06-02,Yang Ming,6,94.35000000000001,2.2333333333333334,44509,0,0.0
2020-06-03,APM Terminals,3,94.63333333333333,3.1666666666666665,32370,0,0.0
2020-06-03,China Shipping,3,89.2,2.6333333333333333,32744,1,0.333
2020-06-03,Everport,4,88.225,2.975,49257,0,0.0
2020-06-03,TraPac,4,86.925,3.15,49175,0,0.0
2020-06-03,Yang Ming,4,84.275,2.85,40567,0,0.0
2020-06-04,APM Terminals,5,88.74,2.34,31995,1,0.2
2020-06-04,China Shipping,4,82.5,2.525,35200,0,0.0
2020-06-04,Everport,4,94.975,2.85,51765,0,0.0
2020-06-04,TraPac,4,112.64999999999999,2.875,42301,2,0.5
2020-06-04,Yang Ming,3,102.23333333333333,2.0666666666666664,19682,1,0.333
2020-06-05,APM Terminals,7,92.11428571428571,3.3714285714285714,93330,2,0.286
2020-06-05,China Shipping,5,74.34,2.42,45831,0,0.0
2020-06-05,Everport,2,88.85,2.2,17000,0,0.0
2020-06-05,TraPac,3,99.0,2.733333333333333,24267,0,0.0
2020-06-05,Yang Ming,2,77.35,3.25,26601,0,0.0
2020-06-06,APM Terminals,3,105.5,3.3333333333333335,32723,0,0.0
2020-06-06,China Shipping,6,96.86666666666667,2.783333333333333,57208,4,0.667
2020-06-06,Everport,4,90.125,2.375,40162,0,0.0
2020-06-06,Yang Ming,5,96.16,2.6399999999999997,56039,0,0.0
2020-06-07,APM Terminals,3,96.13333333333333,2.6666666666666665,23912,0,0.0
2020-06-07,China Shipping,4,96.125,3.025,53533,0,0.0
2020-06-07,Everport,4,91.2,3.6,54085,0,0.0
2020-06-07,TraPac,4,88.5,2.2,14438,0,0.0
2020-06-07,Yang Ming,3,103.53333333333335,3.4333333333333336,37515,1,0.333
2020-06-08,APM Terminals,3,88.76666666666667,3.1999999999999997,42230,2,0.667
2020-06-08,China Shipping,2,99.80000000000001,1.75,11443,0,0.0
2020-06-08,Everport,3,96.23333333333333,2.2333333333333334,25333,1,0.333
2020-06-08,TraPac,5,90.5,2.7800000000000002,55698,1,0.2
2020-06-08,Yang Ming,6,95.7,2.75,56948,0,0.0
2020-06-09,APM Terminals,8,101.75,2.65,64359,1,0.125
2020-06-09,China Shipping,7,86.0,2.457142857142857,57079,0,0.0
2020-06-09,Everport,3,93.43333333333334,2.466666666666667,20416,0,0.0
2020-06-09,TraPac,7,79.64285714285714,2.942857142857143,70408,2,0.286
2020-06-09,Yang Ming,4,99.5,2.975,51237,1,0.25
2020-06-10,APM Terminals,5,84.88,2.46,43893,0,0.0
2020-06-10,China Shipping,4,82.0,2.875,45570,0,0.0
2020-06-10,Everport,5,83.9,2.34,42455,2,0.4
2020-06-10,TraPac,4,78.775,3.225,50683,0,0.0
2020-06-10,Yang Ming,4,83.675,2.65,37443,0,0.0
2020-06-11,APM Terminals,1,86.4,1.2,2156,0,0.0
2020-06-11,China Shipping,1,107.9,2.9,17149,0,0.0
2020-06-11,Everport,4,90.125,3.275,46282,1,0.25
2020-06-11,TraPac,3,84.5,2.1666666666666665,25897,1,0.333
2020-06-11,Yang Ming,5,88.34,2.82,50425,0,0.0
2020-06-12,APM Terminals,6,88.38333333333333,2.766666666666667,52439,1,0.167
2020-06-12,China Shipping,2,103.35,2.05,14241,0,0.0
2020-06-12,Everport,5,102.08,3.02,49222,0,0.0
2020-06-12,TraPac,5,81.58,2.92,55077,0,0.0
2020-06-12,Yang Ming,1,99.3,2.7,10494,1,1.0
2020-06-13,APM Terminals,7,94.60000000000001,2.6999999999999997,68696,2,0.286
2020-06-13,China Shipping,4,81.92500000000001,2.725,39666,0,0.0
2020-06-13,Everport,2,85.1,2.2,7212,0,0.0
2020-06-13,TraPac,3,110.53333333333335,2.6666666666666665,28802,0,0.0
2020-06-13,Yang Ming,1,79.0,3.6,10167,0,0.0
2020-06-14,APM Terminals,3,90.56666666666666,3.3000000000000003,33057,1,0.333
2020-06-14,China Shipping,1,78.1,3.6,15805,1,1.0
2020-06-14,Everport,5,92.6,2.96,62411,0,0.0
2020-06-14,TraPac,4,77.8,3.3,58233,2,0.5
2020-06-14,Yang Ming,4,84.05,2.4,40596,1,0.25
2020-06-15,APM Terminals,4,93.2,2.5,25584,2,0.5
2020-06-15,China Shipping,5,96.4,2.84,55484,0,0.0
2020-06-15,Everport,6,80.81666666666666,3.3000000000000003,78808,0,0.0
2020-06-15,TraPac,5,93.06,2.84,51244,1,0.2
2020-06-15,Yang Ming,4,84.65,2.5,40143,1,0.25
2020-06-16,APM Terminals,3,91.43333333333334,3.1,37634,0,0.0
2020-06-16,China Shipping,2,100.15,2.7,23321,1,0.5
2020-06-16,Everport,4,93.35,2.25,28814,0,0.0
2020-06-16,TraPac,7,87.35714285714286,3.2285714285714286,78991,0,0.0
2020-06-16,Yang Ming,4,89.05,2.775,43020,0,0.0
2020-06-17,APM Terminals,3,78.23333333333333,3.0666666666666664,27625,0,0.0
2020-06-17,China Shipping,2,87.25,3.3,28529,1,0.5
2020-06-17,Everport,5,95.4,3.02,66631,0,0.0
2020-06-17,TraPac,6,91.26666666666667,2.6166666666666667,69262,1,0.167
2020-06-17,Yang Ming,5,90.94000000000001,2.7399999999999998,39356,0,0.0
2020-06-18,APM Terminals,3,100.8,2.033333333333333,19268,0,0.0
2020-06-18,China Shipping,3,96.93333333333334,3.266666666666667,43523,1,0.333
2020-06-18,Everport,2,98.75,2.0,13792,0,0.0
2020-06-18,TraPac,2,92.9,2.65,18339,0,0.0
2020-06-18,Yang Ming,4,77.425,1.9,20843,1,0.25
2020-06-19,APM Terminals,3,113.36666666666667,2.566666666666667,35831,0,0.0
2020-06-19,China Shipping,3,98.13333333333333,2.7000000000000006,28680,1,0.333
2020-06-19,Everport,5,81.08000000000001,2.26,37361,1,0.2
2020-06-19,TraPac,3,95.93333333333332,3.1,38943,0,0.0
2020-06-19,Yang Ming,1,68.2,1.1,2277,1,1.0
2020-06-20,APM Terminals,1,88.5,1.8,2443,0,0.0
2020-06-20,China Shipping,5,86.36,2.46,39460,1,0.2
2020-06-20,Everport,5,96.53999999999999,3.44,62760,0,0.0
2020-06-20,TraPac,2,70.4,2.7,22376,0,0.0
2020-06-20,Yang Ming,8,97.1125,2.2625,75798,0,0.0
2020-06-21,APM Terminals,3,107.89999999999999,2.8000000000000003,31909,0,0.0
2020-06-21,China Shipping,2,72.4,2.5999999999999996,25110,0,0.0
2020-06-21,Everport,6,91.58333333333333,2.9499999999999997,64840,0,0.0
2020-06-21,TraPac,2,92.75,3.05,17877,0,0.0
2020-06-21,Yang Ming,6,82.08333333333333,2.1666666666666665,53700,1,0.167
2020-06-22,APM Terminals,5,95.1,2.32,27343,2,0.4
2020-06-22,China Shipping,4,87.35,2.0,23101,1,0.25
2020-06-22,Everport,3,79.66666666666667,2.766666666666667,38042,1,0.333
2020-06-22,TraPac,3,77.83333333333333,3.0,24182,2,0.667
2020-06-22,Yang Ming,5,95.72,2.28,31284,2,0.4
2020-06-23,APM Terminals,5,96.14,2.7600000000000002,48678,2,0.4
2020-06-23,China Shipping,6,89.23333333333333,2.433333333333333,44929,0,0.0
2020-06-23,Everport,6,81.56666666666666,2.4499999999999997,48721,0,0.0
2020-06-23,TraPac,3,88.10000000000001,2.8000000000000003,34534,1,0.333
2020-06-23,Yang Ming,7,81.78571428571429,2.685714285714286,67326,0,0.0
2020-06-24,APM Terminals,2,107.5,2.5,21920,0,0.0
2020-06-24,China Shipping,4,87.425,2.575,39566,0,0.0
2020-06-24,TraPac,4,93.19999999999999,2.7,42128,0,0.0
2020-06-24,Yang Ming,6,88.61666666666667,2.6999999999999997,58782,0,0.0
2020-06-25,APM Terminals,5,94.06,2.8,55046,0,0.0
2020-06-25,China Shipping,2,93.45,1.5,9514,0,0.0
2020-06-25,Everport,5,95.64,2.68,64498,0,0.0
2020-06-25,TraPac,3,85.66666666666667,3.0666666666666664,34179,1,0.333
2020-06-25,Yang Ming,3,73.56666666666666,2.0,21222,1,0.333
2020-06-26,APM Terminals,3,86.5,2.033333333333333,15025,0,0.0
2020-06-26,China Shipping,1,78.6,3.9,17145,0,0.0
2020-06-26,Everport,5,93.32000000000001,2.2,40869,0,0.0
2020-06-26,TraPac,4,95.425,2.925,49715,0,0.0
2020-06-26,Yang Ming,14,95.76428571428572,2.5357142857142856,131488,6,0.429
2020-06-27,APM Terminals,5,102.46,2.68,38899,1,0.2
2020-06-27,China Shipping,3,81.16666666666667,2.8333333333333335,22835,1,0.333
2020-06-27,Everport,4,91.625,3.3,45456,0,0.0
2020-06-27,TraPac,5,96.62,2.66,52363,0,0.0
2020-06-27,Yang Ming,2,80.55,3.0999999999999996,27905,1,0.5
2020-06-28,APM Terminals,6,81.63333333333334,2.5666666666666664,47936,1,0.167
2020-06-28,China Shipping,9,91.6888888888889,2.1333333333333333,63180,0,0.0
2020-06-28,Everport,10,88.84,2.33,77105,2,0.2
2020-06-28,TraPac,4,84.3,2.875,46225,1,0.25
2020-06-28,Yang Ming,6,88.36666666666667,2.466666666666667,43094,0,0.0
2020-06-29,APM Terminals,6,87.89999999999999,2.8666666666666667,57412,0,0.0
2020-06-29,China Shipping,4,89.925,2.175,30713,0,0.0
2020-06-29,Everport,4,93.94999999999999,2.25,29005,0,0.0
2020-06-29,TraPac,2,114.80000000000001,2.65,13575,0,0.0
2020-06-29,Yang Ming,8,86.45,3.175,87620,0,0.0
2020-06-30,APM Terminals,3,88.13333333333333,2.6333333333333333,22999,1,0.333
2020-06-30,China Shipping,6,92.91666666666667,2.533333333333333,55381,3,0.5
2020-06-30,Everport,6,90.48333333333333,2.783333333333333,55494,0,0.0
2020-06-30,TraPac,5,109.32000000000001,2.7399999999999998,47913,1,0.2
2020-06-30,Yang Ming,3,87.53333333333335,2.2333333333333334,25107,0,0.0
2020-07-01,APM Terminals,6,89.08333333333333,2.35,68900,0,0.0
2020-07-01,China Shipping,3,88.03333333333335,2.1,18781,0,0.0
2020-07-01,Everport,7,83.61428571428571,2.1714285714285713,60314,2,0.286
2020-07-01,TraPac,2,111.65,3.3,31017,0,0.0
2020-07-01,Yang Ming,2,91.15,2.2,8450,1,0.5
2020-07-02,APM Terminals,1,95.3,2.1,6987,0,0.0
2020-07-02,China Shipping,9,90.52222222222223,2.1666666666666665,83376,2,0.222
2020-07-02,Everport,4,90.35,2.15,37441,0,0.0
2020-07-02,TraPac,6,92.16666666666667,2.5833333333333335,65075,0,0.0
2020-07-02,Yang Ming,9,90.74444444444445,1.6111111111111112,63696,0,0.0
2020-07-03,APM Terminals,6,87.25,2.533333333333333,70643,0,0.0
2020-07-03,China Shipping,5,98.2,1.9600000000000002,27638,1,0.2
2020-07-03,Everport,5,91.4,2.04,54898,0,0.0
2020-07-03,TraPac,6,97.08333333333333,2.1999999999999997,59163,2,0.333
2020-07-03,Yang Ming,7,77.39999999999999,2.242857142857143,65223,1,0.143
2020-07-04,APM Terminals,3,101.5,2.4333333333333336,32886,0,0.0
2020-07-04,China Shipping,9,87.08888888888889,2.2555555555555555,70026,3,0.333
2020-07-04,Everport,4,90.35,2.0,25211,1,0.25
2020-07-04,TraPac,4,101.425,2.35,41882,0,0.0
2020-07-04,Yang Ming,8,93.225,2.025,55364,1,0.125
2020-07-05,APM Terminals,5,93.26,2.46,54520,0,0.0
2020-07-05,China Shipping,6,84.26666666666667,2.466666666666667,48570,1,0.167
2020-07-05,Everport,4,89.2,2.225,42210,1,0.25
2020-07-05,TraPac,6,84.64999999999999,2.533333333333333,62954,1,0.167
2020-07-05,Yang Ming,6,93.51666666666667,2.9166666666666665,73543,0,0.0
2020-07-06,APM Terminals,1,85.9,1.1,6198,0,0.0
2020-07-06,Everport,2,103.35,2.2,22171,1,0.5
2020-07-06,TraPac,4,95.375,2.05,31236,2,0.5
2020-07-06,Yang Ming,6,96.55,2.8666666666666667,78351,1,0.167
2020-07-07,APM Terminals,5,95.16,2.2399999999999998,47536,0,0.0
2020-07-07,China Shipping,7,82.32857142857142,2.1,54601,1,0.143
2020-07-07,Everport,6,86.38333333333333,2.1,46998,0,0.0
2020-07-07,TraPac,6,91.53333333333335,2.533333333333333,61848,2,0.333
2020-07-07,Yang Ming,9,83.6,2.2444444444444445,68371,2,0.222
2020-07-08,APM Terminals,3,85.46666666666665,2.5,29297,0,0.0
2020-07-08,China Shipping,8,96.9875,2.925,106167,0,0.0
2020-07-08,Everport,6,84.28333333333333,2.1166666666666667,60927,0,0.0
2020-07-08,TraPac,10,91.53999999999999,2.1900000000000004,87867,3,0.3
2020-07-08,Yang Ming,2,85.0,2.25,16960,0,0.0
2020-07-09,APM Terminals,7,84.64285714285714,2.6571428571428575,76485,0,0.0
2020-07-09,China Shipping,3,83.3,2.1,24784,0,0.0
2020-07-09,Everport,5,80.28,2.1,37319,1,0.2
2020-07-09,TraPac,5,93.0,1.8399999999999999,32798,2,0.4
2020-07-09,Yang Ming,3,94.93333333333334,2.966666666666667,33759,1,0.333
2020-07-10,APM Terminals,3,92.06666666666666,3.0666666666666664,38671,0,0.0
2020-07-10,China Shipping,10,86.3,1.98,66141,1,0.1
2020-07-10,Everport,4,71.1,2.7,44768,1,0.25
2020-07-10,TraPac,5,89.94,1.98,45236,1,0.2
2020-07-10,Yang Ming,3,83.63333333333334,2.6666666666666665,21880,0,0.0
2020-07-11,APM Terminals,6,77.96666666666667,2.8166666666666664,67042,1,0.167
2020-07-11,China Shipping,2,108.64999999999999,2.6500000000000004,22133,0,0.0
2020-07-11,Everport,6,90.5,2.3333333333333335,54905,0,0.0
2020-07-11,TraPac,8,94.3875,2.7,104712,1,0.125
2020-07-11,Yang Ming,5,89.68,2.12,37240,0,0.0
2020-07-12,APM Terminals,5,97.32000000000001,2.7,68437,2,0.4
2020-07-12,China Shipping,2,69.65,2.25,18092,1,0.5
2020-07-12,Everport,5,92.52000000000001,2.32,56797,0,0.0
2020-07-12,TraPac,11,92.16363636363636,2.7181818181818183,123562,1,0.091
2020-07-12,Yang Ming,6,89.28333333333335,2.1999999999999997,44672,0,0.0
2020-07-13,APM Terminals,5,94.17999999999999,1.9,37808,0,0.0
2020-07-13,China Shipping,2,76.45,2.6500000000000004,32323,0,0.0
2020-07-13,Everport,5,75.4,2.6,54723,2,0.4
2020-07-13,TraPac,5,88.17999999999999,2.82,66061,1,0.2
2020-07-13,Yang Ming,4,96.625,2.7,44707,1,0.25
2020-07-14,APM Terminals,7,88.89999999999999,2.2,59242,0,0.0
2020-07-14,China Shipping,6,93.35000000000001,2.1166666666666667,46553,0,0.0
2020-07-14,Everport,4,86.65,1.775,24023,0,0.0
2020-07-14,TraPac,4,105.875,2.575,46921,1,0.25
2020-07-14,Yang Ming,8,88.7875,2.375,70463,1,0.125
2020-07-15,APM Terminals,3,88.66666666666667,1.8333333333333333,15963,0,0.0
2020-07-15,China Shipping,4,92.8,3.125,57707,0,0.0
2020-07-15,Everport,4,87.125,2.075,29150,0,0.0
2020-07-15,TraPac,5,90.92,2.54,57112,0,0.0
2020-07-15,Yang Ming,9,95.17777777777778,2.1555555555555554,85651,3,0.333
2020-07-16,APM Terminals,5,93.72,2.04,37411,0,0.0
2020-07-16,China Shipping,4,81.725,2.4,30064,1,0.25
2020-07-16,Everport,3,99.46666666666665,3.033333333333333,45226,0,0.0
2020-07-16,TraPac,7,83.21428571428571,2.314285714285714,65845,1,0.143
2020-07-16,Yang Ming,2,87.6,2.4,16972,0,0.0
2020-07-17,APM Terminals,7,85.75714285714285,2.0142857142857147,63865,1,0.143
2020-07-17,China Shipping,9,96.41111111111111,2.0999999999999996,60773,4,0.444
2020-07-17,Everport,3,83.86666666666666,2.5,27795,0,0.0
2020-07-17,TraPac,2,101.75,2.55,21909,0,0.0
2020-07-17,Yang Ming,7,87.58571428571429,2.3428571428571425,64256,2,0.286
2020-07-18,APM Terminals,7,73.61428571428571,2.957142857142857,104446,0,0.0
2020-07-18,China Shipping,4,91.625,2.8000000000000003,53477,0,0.0
2020-07-18,Everport,5,87.05999999999999,1.8800000000000001,36625,0,0.0
2020-07-18,TraPac,3,76.86666666666666,2.0,13813,0,0.0
2020-07-18,Yang Ming,3,89.93333333333334,2.566666666666667,29052,1,0.333
2020-07-19,APM Terminals,4,94.92500000000001,2.675,52752,1,0.25
2020-07-19,China Shipping,2,97.15,2.5,22775,0,0.0
2020-07-19,Everport,6,98.75,2.8000000000000003,70968,2,0.333
2020-07-19,TraPac,1,85.6,1.3,2384,0,0.0
2020-07-19,Yang Ming,6,93.76666666666667,1.8499999999999999,48608,0,0.0
2020-07-20,APM Terminals,2,100.35,2.25,17803,0,0.0
2020-07-20,China Shipping,2,85.45,2.1,12931,1,0.5
2020-07-20,Everport,10,88.64,2.19,88763,0,0.0
2020-07-20,TraPac,4,104.5,2.875,50092,1,0.25
2020-07-20,Yang Ming,7,84.08571428571429,2.3428571428571425,62068,1,0.143
2020-07-21,APM Terminals,10,93.69,2.4699999999999998,100827,2,0.2
2020-07-21,China Shipping,5,85.74,2.3600000000000003,56101,1,0.2
2020-07-21,Everport,9,85.57777777777778,2.0444444444444443,64570,0,0.0
2020-07-21,TraPac,5,77.58,2.18,35318,0,0.0
2020-07-21,Yang Ming,5,95.5,2.46,49738,0,0.0
2020-07-22,APM Terminals,6,90.83333333333333,2.566666666666667,70178,0,0.0
2020-07-22,China Shipping,3,87.26666666666667,2.533333333333333,33002,0,0.0
2020-07-22,Everport,8,89.0875,2.1625,55594,3,0.375
2020-07-22,TraPac,5,93.94,2.66,64007,0,0.0
2020-07-22,Yang Ming,7,92.5,2.3285714285714287,62520,3,0.429
2020-07-23,APM Terminals,4,91.625,2.675,39751,0,0.0
2020-07-23,China Shipping,5,86.4,2.68,56740,1,0.2
2020-07-23,Everport,9,81.88888888888889,2.1888888888888887,82341,1,0.111
2020-07-23,TraPac,3,90.39999999999999,2.3333333333333335,32220,1,0.333
2020-07-23,Yang Ming,2,91.2,2.3,21642,0,0.0
2020-07-24,APM Terminals,4,88.675,3.075,58524,0,0.0
2020-07-24,China Shipping,2,96.55000000000001,2.45,17947,0,0.0
2020-07-24,Everport,6,92.86666666666667,2.3333333333333335,59223,1,0.167
2020-07-24,TraPac,6,91.13333333333333,2.5500000000000003,58201,1,0.167
2020-07-24,Yang Ming,6,87.64999999999999,2.983333333333333,66892,0,0.0
2020-07-25,APM Terminals,7,88.32857142857142,2.1,49157,1,0.143
2020-07-25,China Shipping,5,90.38,2.6,64318,3,0.6
2020-07-25,Everport,2,86.0,2.55,21184,1,0.5
2020-07-25,TraPac,3,83.2,2.3000000000000003,33048,1,0.333
2020-07-25,Yang Ming,8,86.5875,2.025,72098,0,0.0
2020-07-26,APM Terminals,6,94.18333333333334,1.8833333333333335,37965,0,0.0
2020-07-26,Everport,9,84.67777777777778,2.433333333333333,83106,1,0.111
2020-07-26,TraPac,5,98.14,2.32,59507,3,0.6
2020-07-26,Yang Ming,6,89.8,2.2333333333333334,57514,2,0.333
2020-07-27,APM Terminals,5,94.24,2.8,65537,0,0.0
2020-07-27,China Shipping,3,86.60000000000001,1.9000000000000001,14334,1,0.333
2020-07-27,Everport,4,84.15,2.175,43610,2,0.5
2020-07-27,TraPac,5,80.22,2.3600000000000003,50755,0,0.0
2020-07-27,Yang Ming,7,92.38571428571429,2.2,60517,1,0.143
2020-07-28,APM Terminals,6,86.05,2.2666666666666666,62823,0,0.0
2020-07-28,China Shipping,8,97.625,2.35,94646,4,0.5
2020-07-28,Everport,3,80.7,2.8333333333333335,39491,0,0.0
2020-07-28,TraPac,9,91.66666666666667,2.3777777777777778,72975,2,0.222
2020-07-28,Yang Ming,4,84.625,2.2,33203,0,0.0
2020-07-29,APM Terminals,3,80.13333333333334,2.0,27137,1,0.333
2020-07-29,China Shipping,5,74.34,1.9799999999999998,23721,0,0.0
2020-07-29,Everport,6,81.81666666666666,2.1833333333333336,52892,2,0.333
2020-07-29,TraPac,7,92.17142857142858,2.3000000000000003,68954,0,0.0
2020-07-29,Yang Ming,8,85.175,2.575,94985,0,0.0
2020-07-30,APM Terminals,7,91.07142857142857,2.3857142857142857,77702,1,0.143
2020-07-30,China Shipping,5,78.16,2.7199999999999998,65828,0,0.0
2020-07-30,Everport,6,85.03333333333333,1.9833333333333334,39543,0,0.0
2020-07-30,TraPac,4,88.65,2.25,45955,1,0.25
2020-07-30,Yang Ming,5,87.74,2.12,38046,2,0.4
2020-07-31,APM Terminals,2,96.95,2.4,12507,0,0.0
2020-07-31,China Shipping,2,90.35,2.45,21597,0,0.0
2020-07-31,Everport,8,84.7625,2.5125,80273,0,0.0
2020-07-31,TraPac,5,78.7,2.4,46766,1,0.2
2020-07-31,Yang Ming,5,105.02000000000001,2.18,46190,0,0.0
2020-08-01,APM Terminals,8,118.8875,2.25,63352,4,0.5
2020-08-01,China Shipping,8,113.775,2.2125,61851,2,0.25
2020-08-01,Everport,6,115.13333333333333,2.0833333333333335,34314,2,0.333
2020-08-01,TraPac,5,118.25999999999999,2.1,37237,2,0.4
2020-08-01,Yang Ming,5,116.96,2.88,63581,0,0.0
2020-08-02,APM Terminals,6,126.18333333333334,2.2833333333333337,56140,2,0.333
2020-08-02,China Shipping,4,125.45,2.45,55130,0,0.0
2020-08-02,Everport,8,109.16250000000001,2.5375,93453,1,0.125
2020-08-02,TraPac,4,123.69999999999999,2.625,41905,1,0.25
2020-08-02,Yang Ming,6,106.64999999999999,1.95,38460,2,0.333
2020-08-03,APM Terminals,9,111.25555555555555,2.2555555555555555,74342,2,0.222
2020-08-03,China Shipping,8,127.6625,2.5125,81133,2,0.25
2020-08-03,Everport,3,144.33333333333334,2.6666666666666665,39912,0,0.0
2020-08-03,TraPac,2,120.94999999999999,2.3,19608,1,0.5
2020-08-03,Yang Ming,5,110.84,2.02,38360,2,0.4
2020-08-04,APM Terminals,7,120.34285714285714,2.3000000000000003,66035,0,0.0
2020-08-04,China Shipping,4,118.0,1.9749999999999999,23299,0,0.0
2020-08-04,Everport,1,128.3,1.5,6452,0,0.0
2020-08-04,TraPac,4,109.25,2.175,29100,0,0.0
2020-08-04,Yang Ming,4,111.4,2.85,43511,0,0.0
2020-08-05,APM Terminals,4,141.15,2.35,39018,1,0.25
2020-08-05,China Shipping,7,119.24285714285715,1.9428571428571428,46640,3,0.429
2020-08-05,Everport,6,110.26666666666667,2.3333333333333335,57828,0,0.0
2020-08-05,TraPac,6,108.16666666666667,2.0,44630,3,0.5
2020-08-05,Yang Ming,4,122.4,2.0749999999999997,34537,0,0.0
2020-08-06,APM Terminals,5,112.7,2.5,47227,0,0.0
2020-08-06,China Shipping,5,110.86000000000001,2.98,67615,1,0.2
2020-08-06,Everport,4,125.225,2.425,48457,1,0.25
2020-08-06,TraPac,3,107.13333333333333,1.7,28732,0,0.0
2020-08-06,Yang Ming,6,112.56666666666666,2.4499999999999997,67713,2,0.333
2020-08-07,APM Terminals,4,104.475,2.7,43123,1,0.25
2020-08-07,China Shipping,5,114.8,2.7,50291,1,0.2
2020-08-07,Everport,4,114.575,2.75,55134,1,0.25
2020-08-07,TraPac,5,121.4,2.5,42432,1,0.2
2020-08-07,Yang Ming,5,113.2,2.34,44642,1,0.2
2020-08-08,APM Terminals,5,125.08000000000001,2.3,49930,3,0.6
2020-08-08,China Shipping,3,121.33333333333333,1.5999999999999999,17960,1,0.333
2020-08-08,Everport,6,108.21666666666665,2.8333333333333335,76101,2,0.333
2020-08-08,TraPac,5,117.14000000000001,2.6399999999999997,54987,2,0.4
2020-08-08,Yang Ming,6,109.73333333333333,2.3000000000000003,51765,0,0.0
2020-08-09,APM Terminals,2,119.7,2.3,18137,0,0.0
2020-08-09,China Shipping,7,118.05714285714285,2.3000000000000003,65135,2,0.286
2020-08-09,Everport,6,117.60000000000001,2.1333333333333333,62782,1,0.167
2020-08-09,TraPac,5,120.7,2.32,46219,2,0.4
2020-08-09,Yang Ming,6,108.58333333333333,2.3666666666666667,65619,2,0.333
2020-08-10,APM Terminals,7,108.17142857142858,2.357142857142857,56873,2,0.286
2020-08-10,China Shipping,7,119.04285714285713,2.557142857142857,70477,0,0.0
2020-08-10,Everport,4,114.725,1.85,31616,1,0.25
2020-08-10,TraPac,6,116.25,1.8499999999999999,37116,1,0.167
2020-08-10,Yang Ming,10,112.88,1.9300000000000002,61418,3,0.3
2020-08-11,APM Terminals,7,117.24285714285715,2.1142857142857143,72398,0,0.0
2020-08-11,China Shipping,4,131.2,2.625,45378,0,0.0
2020-08-11,Everport,3,123.60000000000001,2.733333333333333,41868,0,0.0
2020-08-11,TraPac,4,117.85,2.15,34276,1,0.25
2020-08-11,Yang Ming,7,111.2,2.557142857142857,81605,1,0.143
2020-08-12,APM Terminals,9,120.88888888888889,2.3555555555555556,81093,3,0.333
2020-08-12,China Shipping,8,123.6875,2.25,79218,0,0.0
2020-08-12,Everport,5,118.5,2.06,46741,0,0.0
2020-08-12,TraPac,4,113.35,2.4,39398,0,0.0
2020-08-12,Yang Ming,3,110.53333333333335,2.8666666666666667,38002,0,0.0
2020-08-13,APM Terminals,10,121.60999999999999,2.12,79294,1,0.1
2020-08-13,China Shipping,6,112.83333333333333,2.1,52012,3,0.5
2020-08-13,Everport,11,119.87272727272726,2.1999999999999997,105957,2,0.182
2020-08-13,TraPac,2,117.0,2.05,13578,1,0.5
2020-08-13,Yang Ming,5,117.17999999999999,2.62,51233,3,0.6
2020-08-14,APM Terminals,7,118.72857142857143,2.3428571428571425,65685,4,0.571
2020-08-14,China Shipping,4,104.075,2.175,35424,1,0.25
2020-08-14,Everport,4,112.95,2.675,49084,2,0.5
2020-08-14,TraPac,5,116.6,2.5,60992,0,0.0
2020-08-14,Yang Ming,9,120.91111111111111,2.1555555555555554,75294,4,0.444
2020-08-15,APM Terminals,8,124.0375,2.75,102662,1,0.125
2020-08-15,China Shipping,6,128.29999999999998,2.783333333333333,73979,1,0.167
2020-08-15,Everport,10,123.52000000000001,2.52,122822,1,0.1
2020-08-15,TraPac,2,114.75,1.95,7399,1,0.5
2020-08-15,Yang Ming,4,107.27499999999999,2.575,43530,0,0.0
2020-08-16,APM Terminals,10,108.35999999999999,2.1399999999999997,81294,3,0.3
2020-08-16,China Shipping,5,126.44000000000001,2.8,65105,0,0.0
2020-08-16,Everport,4,131.325,2.65,52853,2,0.5
2020-08-16,TraPac,11,119.5909090909091,2.0545454545454547,77321,1,0.091
2020-08-16,Yang Ming,2,99.95,2.4,16717,0,0.0
2020-08-17,APM Terminals,8,115.85,2.15,76857,0,0.0
2020-08-17,China Shipping,9,120.54444444444445,2.433333333333333,93356,0,0.0
2020-08-17,Everport,4,123.95,1.9,31121,0,0.0
2020-08-17,TraPac,8,116.4375,2.4875,77615,1,0.125
2020-08-17,Yang Ming,6,117.80000000000001,2.0833333333333335,48345,0,0.0
2020-08-18,APM Terminals,5,123.3,2.2399999999999998,53820,0,0.0
2020-08-18,China Shipping,5,114.88,1.9,38698,1,0.2
2020-08-18,Everport,13,128.17692307692306,2.338461538461538,117011,3,0.231
2020-08-18,TraPac,7,110.84285714285714,2.442857142857143,61157,2,0.286
2020-08-18,Yang Ming,7,123.12857142857142,2.0428571428571427,61789,0,0.0
2020-08-19,APM Terminals,7,119.07142857142857,1.8857142857142857,29926,3,0.429
2020-08-19,China Shipping,9,109.52222222222223,2.3555555555555556,88266,3,0.333
2020-08-19,Everport,10,116.67,2.2,92779,0,0.0
2020-08-19,TraPac,9,123.82222222222224,2.4444444444444446,97150,1,0.111
2020-08-19,Yang Ming,1,104.8,1.6,6860,1,1.0
2020-08-20,APM Terminals,7,114.24285714285715,2.0714285714285716,65487,1,0.143
2020-08-20,China Shipping,5,117.6,2.66,55949,2,0.4
2020-08-20,Everport,7,113.37142857142858,2.4857142857142853,81523,0,0.0
2020-08-20,TraPac,10,114.77000000000001,2.65,151210,2,0.2
2020-08-20,Yang Ming,5,107.0,2.6799999999999997,58227,0,0.0
2020-08-21,APM Terminals,12,119.61666666666667,2.3249999999999997,106869,4,0.333
2020-08-21,China Shipping,4,122.05,2.6,40943,1,0.25
2020-08-21,Everport,7,112.28571428571429,2.157142857142857,50332,0,0.0
2020-08-21,TraPac,3,122.43333333333334,3.3333333333333335,50741,0,0.0
2020-08-21,Yang Ming,2,109.1,3.0,22045,0,0.0
2020-08-22,APM Terminals,5,109.38,1.9,32235,0,0.0
2020-08-22,China Shipping,4,127.725,2.575,45276,1,0.25
2020-08-22,Everport,8,120.42500000000001,2.2875,94935,4,0.5
2020-08-22,TraPac,5,118.64000000000001,1.8800000000000001,36040,2,0.4
2020-08-22,Yang Ming,5,110.67999999999999,2.42,46285,1,0.2
2020-08-23,APM Terminals,3,120.89999999999999,2.6333333333333333,37766,0,0.0
2020-08-23,China Shipping,2,108.19999999999999,2.35,8211,0,0.0
2020-08-23,Everport,5,125.6,2.32,51415,0,0.0
2020-08-23,TraPac,9,121.80000000000001,2.322222222222222,88643,2,0.222
2020-08-23,Yang Ming,3,120.39999999999999,2.3000000000000003,28420,0,0.0
2020-08-24,APM Terminals,9,117.67777777777776,2.3111111111111113,86997,0,0.0
2020-08-24,China Shipping,5,110.82000000000001,2.1599999999999997,42618,0,0.0
2020-08-24,TraPac,7,126.7,2.2857142857142856,62889,2,0.286
2020-08-24,Yang Ming,5,109.08,1.98,47251,1,0.2
2020-08-25,APM Terminals,5,103.96,2.0200000000000005,39904,2,0.4
2020-08-25,China Shipping,9,109.83333333333333,2.5,96824,1,0.111
2020-08-25,Everport,6,130.4,2.716666666666667,67247,2,0.333
2020-08-25,TraPac,9,118.02222222222223,2.888888888888889,116689,0,0.0
2020-08-25,Yang Ming,4,126.95,2.2,32417,0,0.0
2020-08-26,APM Terminals,5,111.9,1.5,23471,1,0.2
2020-08-26,China Shipping,6,106.33333333333333,2.733333333333333,66957,2,0.333
2020-08-26,Everport,9,118.60000000000001,2.2666666666666666,96997,1,0.111
2020-08-26,TraPac,3,115.5,2.5,30914,1,0.333
2020-08-26,Yang Ming,5,118.22,2.7600000000000002,69056,0,0.0
2020-08-27,APM Terminals,8,123.3375,2.9375,111407,2,0.25
2020-08-27,China Shipping,6,123.51666666666667,2.466666666666667,61771,1,0.167
2020-08-27,Everport,5,121.54,2.52,54079,2,0.4
2020-08-27,TraPac,3,96.16666666666667,2.3000000000000003,22857,1,0.333
2020-08-27,Yang Ming,12,115.5,2.1083333333333334,100870,2,0.167
2020-08-28,APM Terminals,8,116.05,2.375,84074,3,0.375
2020-08-28,China Shipping,7,119.47142857142856,3.0,103322,1,0.143
2020-08-28,Everport,7,114.72857142857143,2.1,42531,1,0.143
2020-08-28,TraPac,8,112.725,2.75,84099,3,0.375
2020-08-28,Yang Ming,5,118.94000000000001,1.9799999999999998,36903,0,0.0
2020-08-29,APM Terminals,10,115.35999999999999,2.84,121890,2,0.2
2020-08-29,China Shipping,4,120.625,2.1,32256,0,0.0
2020-08-29,Everport,8,120.51249999999999,2.35,83770,1,0.125
2020-08-29,TraPac,8,110.4125,2.5125,73147,2,0.25
2020-08-29,Yang Ming,2,117.1,1.9000000000000001,12831,0,0.0
2020-08-30,APM Terminals,6,120.83333333333333,2.0833333333333335,50764,0,0.0
2020-08-30,China Shipping,6,123.25,2.2833333333333337,44152,1,0.167
2020-08-30,Everport,3,123.53333333333335,1.9000000000000001,13236,0,0.0
2020-08-30,TraPac,5,117.66,2.42,42879,0,0.0
2020-08-30,Yang Ming,7,104.25714285714285,2.085714285714286,57539,0,0.0
2020-08-31,APM Terminals,4,119.175,1.9249999999999998,32275,2,0.5
2020-08-31,China Shipping,5,114.0,2.3,43033,0,0.0
2020-08-31,Everport,1,129.6,2.8,10228,0,0.0
2020-08-31,TraPac,9,114.63333333333334,2.388888888888889,69585,1,0.111
2020-08-31,Yang Ming,8,115.725,2.15,76719,2,0.25
2020-09-01,APM Terminals,10,113.92999999999999,1.7899999999999998,78612,1,0.1
2020-09-01,China Shipping,5,107.1,1.8800000000000001,40812,1,0.2
2020-09-01,Everport,6,121.03333333333335,2.066666666666667,56821,0,0.0
2020-09-01,TraPac,9,117.44444444444444,2.3666666666666667,103709,2,0.222
2020-09-01,Yang Ming,6,112.5,1.75,50744,0,0.0
2020-09-02,APM Terminals,2,112.0,1.8,12769,0,0.0
2020-09-02,China Shipping,6,119.81666666666666,1.7166666666666668,53569,0,0.0
2020-09-02,Everport,3,95.06666666666666,1.7666666666666666,24063,0,0.0
2020-09-02,TraPac,8,114.5625,2.125,81023,0,0.0
2020-09-02,Yang Ming,8,122.475,2.1375,77893,2,0.25
2020-09-03,APM Terminals,11,111.05454545454545,2.1454545454545455,102526,3,0.273
2020-09-03,China Shipping,4,124.1,1.9000000000000001,37926,2,0.5
2020-09-03,Everport,4,125.825,1.95,29476,1,0.25
2020-09-03,TraPac,5,107.28,2.4,57684,1,0.2
2020-09-03,Yang Ming,3,110.96666666666665,1.4000000000000001,16456,0,0.0
2020-09-04,APM Terminals,7,119.85714285714286,2.3285714285714287,84152,1,0.143
2020-09-04,China Shipping,8,116.15,2.2,93078,4,0.5
2020-09-04,Everport,6,116.93333333333334,2.3333333333333335,75719,3,0.5
2020-09-04,TraPac,1,87.1,1.7,2138,0,0.0
2020-09-04,Yang Ming,8,125.875,2.2625,87273,3,0.375
2020-09-05,APM Terminals,7,113.94285714285715,2.157142857142857,65329,2,0.286
2020-09-05,China Shipping,5,105.32000000000001,2.18,54727,1,0.2
2020-09-05,Everport,8,123.5125,1.6375000000000002,50937,1,0.125
2020-09-05,TraPac,9,114.84444444444446,2.0999999999999996,78762,0,0.0
2020-09-05,Yang Ming,4,110.575,2.0250000000000004,36006,0,0.0
2020-09-06,APM Terminals,6,107.45,2.1,53010,0,0.0
2020-09-06,China Shipping,5,120.73999999999998,2.7,69924,0,0.0
2020-09-06,Everport,5,111.9,2.4,54105,1,0.2
2020-09-06,TraPac,7,123.04285714285713,2.3285714285714287,57659,0,0.0
2020-09-06,Yang Ming,4,131.475,2.225,48331,2,0.5
2020-09-07,APM Terminals,4,101.75,2.175,43806,0,0.0
2020-09-07,China Shipping,10,122.74000000000001,2.25,105774,2,0.2
2020-09-07,Everport,9,121.39999999999999,2.3555555555555556,102135,4,0.444
2020-09-07,TraPac,5,116.28000000000002,1.92,48478,0,0.0
2020-09-07,Yang Ming,9,118.01111111111112,2.611111111111111,125882,2,0.222
2020-09-08,APM Terminals,6,113.18333333333334,1.8,43963,2,0.333
2020-09-08,China Shipping,8,116.1125,2.4375,92286,3,0.375
2020-09-08,Everport,7,111.54285714285713,1.6714285714285713,42583,3,0.429
2020-09-08,TraPac,3,118.13333333333333,1.9333333333333333,24830,1,0.333
2020-09-08,Yang Ming,5,119.9,1.6800000000000002,40931,1,0.2
2020-09-09,APM Terminals,7,121.31428571428572,2.142857142857143,61676,1,0.143
2020-09-09,China Shipping,9,122.13333333333334,2.1222222222222222,74816,0,0.0
2020-09-09,Everport,5,125.75999999999999,1.98,54455,2,0.4
2020-09-09,TraPac,5,116.28,1.64,35074,1,0.2
2020-09-09,Yang Ming,5,112.78,2.88,76743,0,0.0
2020-09-10,APM Terminals,8,128.1125,2.3625,81990,1,0.125
2020-09-10,China Shipping,5,111.97999999999999,1.94,41363,1,0.2
2020-09-10,Everport,7,118.57142857142857,2.0285714285714285,51776,1,0.143
2020-09-10,TraPac,3,131.43333333333334,2.566666666666667,34636,0,0.0
2020-09-10,Yang Ming,7,122.74285714285715,1.8142857142857145,65210,3,0.429
2020-09-11,APM Terminals,6,117.28333333333335,1.6166666666666665,25335,3,0.5
2020-09-11,China Shipping,7,109.75714285714285,1.9285714285714286,68681,0,0.0
2020-09-11,Everport,6,117.73333333333333,2.5,82535,0,0.0
2020-09-11,TraPac,4,122.275,2.025,40290,1,0.25
2020-09-11,Yang Ming,2,114.8,2.25,13038,0,0.0
2020-09-12,APM Terminals,5,107.44000000000001,2.42,63793,0,0.0
2020-09-12,China Shipping,4,110.7,1.55,25575,0,0.0
2020-09-12,Everport,5,111.05999999999999,2.04,54616,1,0.2
2020-09-12,TraPac,7,118.98571428571428,2.3285714285714287,81499,1,0.143
2020-09-12,Yang Ming,5,124.9,2.1,52203,1,0.2
2020-09-13,APM Terminals,8,116.83749999999999,2.1,65765,0,0.0
2020-09-13,China Shipping,1,146.5,2.8,16489,0,0.0
2020-09-13,Everport,4,120.8,2.65,56487,1,0.25
2020-09-13,TraPac,5,112.67999999999999,2.32,50600,1,0.2
2020-09-13,Yang Ming,7,112.31428571428572,2.2,85553,3,0.429
2020-09-14,APM Terminals,6,108.36666666666667,2.0,46171,0,0.0
2020-09-14,China Shipping,5,116.75999999999999,2.1399999999999997,59944,2,0.4
2020-09-14,Everport,4,108.85,2.575,50089,0,0.0
2020-09-14,TraPac,8,125.0625,2.1375,77042,0,0.0
2020-09-14,Yang Ming,6,124.95,1.8833333333333335,51373,3,0.5
2020-09-15,APM Terminals,4,125.425,2.325,53106,0,0.0
2020-09-15,China Shipping,8,120.3,2.1625,81723,1,0.125
2020-09-15,Everport,5,117.16,2.2199999999999998,49988,4,0.8
2020-09-15,TraPac,9,116.33333333333333,2.088888888888889,73463,1,0.111
2020-09-15,Yang Ming,7,111.47142857142856,2.085714285714286,72730,0,0.0
2020-09-16,APM Terminals,6,114.51666666666667,1.8166666666666667,50103,2,0.333
2020-09-16,China Shipping,6,109.78333333333335,2.533333333333333,87610,0,0.0
2020-09-16,Everport,4,121.69999999999999,2.325,44469,1,0.25
2020-09-16,TraPac,5,117.32000000000001,2.56,59610,1,0.2
2020-09-16,Yang Ming,8,114.5375,2.1,84761,1,0.125
2020-09-17,APM Terminals,6,112.98333333333333,2.033333333333333,55090,2,0.333
2020-09-17,China Shipping,7,118.34285714285714,1.9000000000000001,66718,1,0.143
2020-09-17,Everport,7,115.28571428571429,2.157142857142857,59505,1,0.143
2020-09-17,TraPac,6,113.60000000000001,1.366666666666667,23113,1,0.167
2020-09-17,Yang Ming,4,106.75,2.6,60924,2,0.5
2020-09-18,APM Terminals,5,125.05999999999999,2.06,56722,0,0.0
2020-09-18,China Shipping,6,112.05,1.9000000000000001,44475,2,0.333
2020-09-18,Everport,2,125.6,1.85,24322,0,0.0
2020-09-18,TraPac,4,124.45,2.175,37238,1,0.25
2020-09-18,Yang Ming,6,112.11666666666667,2.3333333333333335,79757,2,0.333
2020-09-19,APM Terminals,7,117.77142857142857,2.1285714285714286,72227,1,0.143
2020-09-19,Everport,9,110.72222222222223,2.4444444444444446,99993,0,0.0
2020-09-19,TraPac,7,119.08571428571429,1.7571428571428573,56026,3,0.429
2020-09-19,Yang Ming,11,114.56363636363636,2.1363636363636362,108793,1,0.091
2020-09-20,APM Terminals,7,112.11428571428571,2.1714285714285713,63312,1,0.143
2020-09-20,China Shipping,8,115.375,1.9375,61450,2,0.25
2020-09-20,Everport,5,110.0,2.04,37297,2,0.4
2020-09-20,TraPac,9,121.53333333333333,2.211111111111111,88510,2,0.222
2020-09-20,Yang Ming,5,129.3,2.06,30357,0,0.0
2020-09-21,APM Terminals,9,116.67777777777776,2.1555555555555554,91554,2,0.222
2020-09-21,China Shipping,4,123.775,2.375,35807,1,0.25
2020-09-21,Everport,5,125.3,1.4,23078,0,0.0
2020-09-21,TraPac,13,117.24615384615385,2.1384615384615384,134198,5,0.385
2020-09-21,Yang Ming,11,112.58181818181819,2.1818181818181817,120090,1,0.091
2020-09-22,APM Terminals,5,121.75999999999999,2.2600000000000002,60940,1,0.2
2020-09-22,China Shipping,2,118.19999999999999,1.3,11952,1,0.5
2020-09-22,Everport,10,107.57000000000001,2.3,130139,4,0.4
2020-09-22,TraPac,6,113.23333333333333,2.0166666666666666,57329,1,0.167
2020-09-22,Yang Ming,9,115.17777777777776,2.4000000000000004,87202,1,0.111
2020-09-23,APM Terminals,4,136.125,2.225,42914,1,0.25
2020-09-23,China Shipping,3,122.66666666666667,1.2,15553,2,0.667
2020-09-23,Everport,4,112.07499999999999,1.85,33439,1,0.25
2020-09-23,TraPac,4,123.975,2.45,49193,0,0.0
2020-09-23,Yang Ming,5,108.46,2.5,54778,2,0.4
2020-09-24,APM Terminals,6,112.73333333333333,1.7166666666666668,49004,2,0.333
2020-09-24,China Shipping,8,123.975,2.5,95369,0,0.0
2020-09-24,Everport,5,116.58,2.08,57003,2,0.4
2020-09-24,TraPac,8,109.1125,1.9249999999999998,71283,3,0.375
2020-09-24,Yang Ming,9,118.10000000000001,1.9555555555555557,85256,2,0.222
2020-09-25,APM Terminals,7,117.04285714285713,1.9285714285714286,61511,2,0.286
2020-09-25,China Shipping,8,108.275,1.9375,76334,3,0.375
2020-09-25,Everport,6,123.0,2.1166666666666667,63406,3,0.5
2020-09-25,TraPac,8,120.3875,2.175,74994,0,0.0
2020-09-25,Yang Ming,2,128.2,1.75,17579,0,0.0
2020-09-26,APM Terminals,4,108.25,2.85,55368,1,0.25
2020-09-26,China Shipping,7,117.34285714285714,2.042857142857143,71309,2,0.286
2020-09-26,Everport,12,115.09166666666665,2.3666666666666667,141313,2,0.167
2020-09-26,TraPac,4,120.325,1.6,21354,1,0.25
2020-09-26,Yang Ming,4,106.125,2.35,24246,0,0.0
2020-09-27,APM Terminals,3,123.33333333333333,1.9333333333333333,24650,0,0.0
2020-09-27,China Shipping,3,125.66666666666667,1.3,4003,0,0.0
2020-09-27,Everport,9,121.08888888888889,2.1888888888888887,75488,1,0.111
2020-09-27,TraPac,5,121.72,2.8600000000000003,62984,1,0.2
2020-09-27,Yang Ming,7,106.88571428571429,2.1285714285714286,73630,2,0.286
2020-09-28,APM Terminals,3,108.3,1.8666666666666665,29288,1,0.333
2020-09-28,China Shipping,3,96.13333333333333,1.9000000000000001,22801,1,0.333
2020-09-28,Everport,7,112.77142857142857,2.1714285714285713,78027,2,0.286
2020-09-28,TraPac,9,116.89999999999999,2.466666666666667,99863,1,0.111
2020-09-28,Yang Ming,5,126.22,2.1399999999999997,43293,1,0.2
2020-09-29,APM Terminals,4,117.475,2.425,59485,4,1.0
2020-09-29,China Shipping,5,127.32000000000001,2.02,48247,2,0.4
2020-09-29,Everport,4,116.17500000000001,2.225,35323,2,0.5
2020-09-29,TraPac,4,100.55,1.5999999999999999,20998,1,0.25
2020-09-29,Yang Ming,6,116.61666666666667,2.0,62075,2,0.333
2020-09-30,APM Terminals,7,114.64285714285714,2.1857142857142855,72449,2,0.286
2020-09-30,China Shipping,7,113.89999999999999,2.3857142857142857,87361,0,0.0
2020-09-30,Everport,10,124.3,1.7899999999999998,75966,2,0.2
2020-09-30,TraPac,5,114.4,2.38,54466,1,0.2
2020-09-30,Yang Ming,6,102.63333333333333,2.4,82428,0,0.0
2020-10-01,APM Terminals,5,112.24000000000001,2.3600000000000003,45579,2,0.4
2020-10-01,China Shipping,5,113.4,2.88,63256,2,0.4
2020-10-01,Everport,5,115.67999999999999,2.2800000000000002,56154,3,0.6
2020-10-01,TraPac,5,125.67999999999999,2.06,43644,1,0.2
2020-10-01,Yang Ming,3,104.2,1.4000000000000001,14969,0,0.0
2020-10-02,APM Terminals,6,110.7,2.0500000000000003,67962,3,0.5
2020-10-02,China Shipping,5,109.88,1.78,46239,1,0.2
2020-10-02,Everport,4,123.375,1.725,28002,0,0.0
2020-10-02,TraPac,4,103.9,1.925,41017,0,0.0
2020-10-02,Yang Ming,3,122.13333333333333,1.4666666666666668,6612,0,0.0
2020-10-03,APM Terminals,3,101.10000000000001,1.8666666666666665,13657,1,0.333
2020-10-03,China Shipping,3,107.5,2.533333333333333,38021,0,0.0
2020-10-03,Everport,10,113.47999999999999,2.2399999999999998,98151,3,0.3
2020-10-03,TraPac,5,121.1,2.38,54512,0,0.0
2020-10-03,Yang Ming,5,122.52000000000001,2.38,43230,1,0.2
2020-10-04,APM Terminals,3,123.53333333333335,2.733333333333333,41465,0,0.0
2020-10-04,China Shipping,2,131.95,2.05,16758,0,0.0
2020-10-04,Everport,4,118.475,1.475,21664,0,0.0
2020-10-04,TraPac,4,98.65,1.7750000000000001,35834,2,0.5
2020-10-04,Yang Ming,5,119.96,2.2,58412,3,0.6
2020-10-05,APM Terminals,9,124.17777777777776,1.8777777777777775,80005,1,0.111
2020-10-05,China Shipping,2,113.95,1.4,17063,0,0.0
2020-10-05,Everport,3,130.36666666666667,2.5666666666666664,48254,0,0.0
2020-10-05,TraPac,6,118.26666666666667,2.1333333333333333,47034,0,0.0
2020-10-05,Yang Ming,4,118.35,1.95,27848,1,0.25
2020-10-06,APM Terminals,6,123.55,1.8166666666666667,43432,2,0.333
2020-10-06,China Shipping,6,121.66666666666667,2.4833333333333334,66372,1,0.167
2020-10-06,Everport,5,121.75999999999999,1.92,33350,1,0.2
2020-10-06,TraPac,6,107.51666666666667,2.1166666666666667,60168,1,0.167
2020-10-06,Yang Ming,5,111.08,2.2,44577,1,0.2
2020-10-07,APM Terminals,5,123.34,2.2,55007,0,0.0
2020-10-07,China Shipping,11,112.77272727272727,2.309090909090909,136339,0,0.0
2020-10-07,Everport,7,104.92857142857143,2.2142857142857144,64926,0,0.0
2020-10-07,TraPac,5,116.2,2.1399999999999997,59138,1,0.2
2020-10-07,Yang Ming,4,116.17500000000001,2.025,27916,0,0.0
2020-10-08,APM Terminals,7,108.92857142857143,1.885714285714286,65699,0,0.0
2020-10-08,China Shipping,5,110.52000000000001,2.5,70585,1,0.2
2020-10-08,Everport,5,115.66,2.54,72845,0,0.0
2020-10-08,TraPac,7,116.10000000000001,2.0571428571428574,62782,2,0.286
2020-10-08,Yang Ming,10,114.22,2.19,119057,0,0.0
2020-10-09,APM Terminals,16,116.9,1.93125,138359,3,0.188
2020-10-09,China Shipping,7,115.07142857142857,2.085714285714286,71776,0,0.0
2020-10-09,Everport,3,103.96666666666665,2.533333333333333,28440,2,0.667
2020-10-09,TraPac,7,124.12857142857142,2.1142857142857143,56259,4,0.571
2020-10-09,Yang Ming,4,118.85,2.075,35825,2,0.5
2020-10-10,APM Terminals,7,110.2,1.942857142857143,65495,0,0.0
2020-10-10,China Shipping,2,122.45,1.45,12995,2,1.0
2020-10-10,Everport,11,110.67272727272729,1.981818181818182,93040,3,0.273
2020-10-10,TraPac,6,112.81666666666666,2.2333333333333334,61614,2,0.333
2020-10-10,Yang Ming,6,124.86666666666667,2.216666666666667,56251,0,0.0
2020-10-11,APM Terminals,10,120.82000000000001,1.83,68870,2,0.2
2020-10-11,China Shipping,6,119.5,2.3333333333333335,74135,1,0.167
2020-10-11,Everport,6,113.26666666666667,2.3000000000000003,62440,1,0.167
2020-10-11,TraPac,5,122.58,1.6600000000000001,42680,2,0.4
2020-10-11,Yang Ming,7,121.65714285714286,2.0714285714285716,58673,0,0.0
2020-10-12,APM Terminals,12,117.72500000000001,2.216666666666667,125692,1,0.083
2020-10-12,China Shipping,5,110.3,2.2199999999999998,52468,0,0.0
2020-10-12,Everport,8,121.0875,2.55,107220,3,0.375
2020-10-12,TraPac,3,124.86666666666667,1.9666666666666668,28131,1,0.333
2020-10-12,Yang Ming,9,117.23333333333332,1.8444444444444446,74347,3,0.333
2020-10-13,APM Terminals,4,109.6,1.775,22446,0,0.0
2020-10-13,China Shipping,3,111.8,1.7666666666666666,24557,1,0.333
2020-10-13,Everport,6,112.76666666666667,2.033333333333333,47055,1,0.167
2020-10-13,TraPac,7,114.10000000000001,2.1142857142857143,64279,0,0.0
2020-10-13,Yang Ming,10,116.52000000000001,2.2399999999999998,128209,2,0.2
2020-10-14,APM Terminals,4,131.175,2.2249999999999996,33863,1,0.25
2020-10-14,China Shipping,3,119.36666666666667,1.4000000000000001,11681,1,0.333
2020-10-14,Everport,6,121.46666666666665,2.35,71454,4,0.667
2020-10-14,TraPac,5,123.04,2.2199999999999998,60135,0,0.0
2020-10-14,Yang Ming,7,122.47142857142858,2.0,58385,2,0.286
2020-10-15,APM Terminals,5,114.67999999999999,2.3600000000000003,57248,1,0.2
2020-10-15,China Shipping,9,115.02222222222223,2.2555555555555555,116704,1,0.111
2020-10-15,Everport,7,117.67142857142858,2.1,80790,1,0.143
2020-10-15,TraPac,3,103.83333333333333,2.3666666666666667,37119,1,0.333
2020-10-15,Yang Ming,5,109.16,2.2600000000000002,49428,2,0.4
2020-10-16,APM Terminals,10,113.15,2.35,121892,1,0.1
2020-10-16,China Shipping,11,115.55454545454545,2.409090909090909,119405,2,0.182
2020-10-16,Everport,12,117.89166666666667,2.283333333333333,125329,1,0.083
2020-10-16,TraPac,5,105.55999999999999,2.06,51101,0,0.0
2020-10-16,Yang Ming,6,116.08333333333333,2.0,55882,2,0.333
2020-10-17,APM Terminals,3,120.2,2.1666666666666665,23769,0,0.0
2020-10-17,China Shipping,6,113.53333333333335,1.866666666666667,44155,2,0.333
2020-10-17,Everport,9,115.56666666666666,2.1333333333333333,85408,3,0.333
2020-10-17,TraPac,10,119.52000000000001,2.06,109088,3,0.3
2020-10-17,Yang Ming,7,113.78571428571429,2.4428571428571426,91607,1,0.143
2020-10-18,APM Terminals,7,113.94285714285715,2.414285714285714,82608,2,0.286
2020-10-18,China Shipping,4,121.225,2.175,45324,0,0.0
2020-10-18,Everport,7,119.55714285714285,2.0285714285714285,75135,1,0.143
2020-10-18,TraPac,5,116.74000000000001,1.8399999999999999,30158,1,0.2
2020-10-18,Yang Ming,3,126.33333333333333,2.1,31056,1,0.333
2020-10-19,APM Terminals,3,119.03333333333335,2.0,27761,0,0.0
2020-10-19,China Shipping,3,116.43333333333334,1.9666666666666668,29108,2,0.667
2020-10-19,Everport,6,118.0,2.183333333333333,65831,1,0.167
2020-10-19,TraPac,6,113.41666666666667,2.1,65323,2,0.333
2020-10-19,Yang Ming,7,117.11428571428571,2.2857142857142856,84399,0,0.0
2020-10-20,APM Terminals,6,106.28333333333335,1.9500000000000002,54584,1,0.167
2020-10-20,China Shipping,6,124.88333333333333,2.3000000000000003,72563,2,0.333
2020-10-20,Everport,10,114.55999999999999,2.05,96119,0,0.0
2020-10-20,TraPac,10,114.62,2.0300000000000002,93370,3,0.3
2020-10-21,APM Terminals,11,113.33636363636364,1.8909090909090909,95517,3,0.273
2020-10-21,China Shipping,8,126.25,2.2125,80270,2,0.25
2020-10-21,Everport,8,111.725,2.075,82513,0,0.0
2020-10-21,TraPac,2,121.0,2.95,26485,0,0.0
2020-10-21,Yang Ming,9,128.2,1.9555555555555557,74370,1,0.111
2020-10-22,APM Terminals,4,117.125,2.1,40617,1,0.25
2020-10-22,China Shipping,5,117.14000000000001,2.5799999999999996,60305,1,0.2
2020-10-22,Everport,5,130.94,2.0,45730,1,0.2
2020-10-22,TraPac,4,112.4,2.125,31307,0,0.0
2020-10-22,Yang Ming,10,112.9,2.0300000000000002,87759,3,0.3
2020-10-23,APM Terminals,4,115.1,2.325,45623,2,0.5
2020-10-23,China Shipping,8,112.2375,2.0125,85380,0,0.0
2020-10-23,Everport,5,112.44000000000001,2.4,66511,0,0.0
2020-10-23,TraPac,6,120.66666666666667,2.0500000000000003,68058,2,0.333
2020-10-23,Yang Ming,10,109.84,2.08,103169,1,0.1
2020-10-24,APM Terminals,4,109.45,2.175,28897,2,0.5
2020-10-24,China Shipping,8,115.3375,2.1,66818,2,0.25
2020-10-24,Everport,7,111.5,2.485714285714286,82315,3,0.429
2020-10-24,TraPac,2,115.8,2.1,7224,0,0.0
2020-10-24,Yang Ming,7,115.48571428571428,2.6285714285714286,90263,1,0.143
2020-10-25,APM Terminals,8,118.65,2.1625,79776,2,0.25
2020-10-25,China Shipping,4,122.375,1.5,21223,1,0.25
2020-10-25,Everport,10,116.67999999999999,2.3600000000000003,113434,2,0.2
2020-10-25,TraPac,8,125.65,2.0625,74648,0,0.0
2020-10-25,Yang Ming,3,122.23333333333333,2.1,28797,1,0.333
2020-10-26,APM Terminals,3,127.60000000000001,1.5999999999999999,25602,0,0.0
2020-10-26,China Shipping,5,124.84,2.0,38258,1,0.2
2020-10-26,Everport,4,121.275,2.125,43499,1,0.25
2020-10-26,TraPac,8,111.80000000000001,2.3125,94868,1,0.125
2020-10-26,Yang Ming,6,115.11666666666667,1.9666666666666668,48408,2,0.333
2020-10-27,APM Terminals,10,110.8,2.21,111122,2,0.2
2020-10-27,China Shipping,4,116.8,2.45,46429,3,0.75
2020-10-27,Everport,7,124.44285714285715,2.1714285714285713,56925,3,0.429
2020-10-27,TraPac,2,107.19999999999999,1.65,17911,0,0.0
2020-10-27,Yang Ming,4,125.5,2.55,46302,0,0.0
2020-10-28,APM Terminals,7,121.14285714285714,2.5,87574,1,0.143
2020-10-28,China Shipping,4,126.45,2.875,56641,1,0.25
2020-10-28,Everport,6,121.43333333333332,2.033333333333333,63162,2,0.333
2020-10-28,TraPac,13,118.19999999999999,2.0846153846153848,125775,4,0.308
2020-10-28,Yang Ming,10,115.62,2.0300000000000002,90646,4,0.4
2020-10-29,APM Terminals,5,107.92,2.56,64596,0,0.0
2020-10-29,China Shipping,3,116.2,2.433333333333333,33983,1,0.333
2020-10-29,Everport,10,115.37,2.34,107008,2,0.2
2020-10-29,TraPac,11,116.55454545454545,1.9,99031,0,0.0
2020-10-29,Yang Ming,12,117.13333333333333,2.058333333333333,116548,1,0.083
2020-10-30,APM Terminals,10,125.47999999999999,2.08,91390,2,0.2
2020-10-30,China Shipping,9,119.39999999999999,2.0777777777777775,100426,0,0.0
2020-10-30,Everport,7,110.61428571428571,2.042857142857143,51933,1,0.143
2020-10-30,TraPac,6,117.73333333333333,2.3833333333333333,50142,2,0.333
2020-10-30,Yang Ming,8,118.025,1.6375,61339,2,0.25
2020-10-31,APM Terminals,5,123.12,2.2199999999999998,58884,2,0.4
2020-10-31,China Shipping,10,119.35,2.1399999999999997,93221,1,0.1
2020-10-31,Everport,11,115.14545454545454,2.1727272727272724,105802,4,0.364
2020-10-31,TraPac,5,117.04,2.2399999999999998,54370,1,0.2
2020-10-31,Yang Ming,5,123.16,2.62,55192,1,0.2
2020-11-01,APM Terminals,4,87.1,2.425,50200,2,0.5
2020-11-01,China Shipping,3,95.86666666666667,1.7999999999999998,20595,1,0.333
2020-11-01,Everport,4,86.35000000000001,2.275,48088,0,0.0
2020-11-01,TraPac,4,83.525,2.525,51640,2,0.5
2020-11-01,Yang Ming,5,87.4,2.1,51698,0,0.0
2020-11-02,APM Terminals,4,80.525,1.45,17077,0,0.0
2020-11-02,China Shipping,8,89.575,1.9874999999999998,56100,2,0.25
2020-11-02,Everport,7,80.05714285714285,2.185714285714286,88121,3,0.429
2020-11-02,TraPac,5,95.8,1.94,40781,0,0.0
2020-11-02,Yang Ming,3,95.53333333333335,1.6333333333333335,24006,0,0.0
2020-11-03,APM Terminals,7,89.48571428571428,2.0,69702,0,0.0
2020-11-03,China Shipping,5,87.72,1.9,42107,1,0.2
2020-11-03,Everport,1,70.7,2.4,16459,0,0.0
2020-11-03,TraPac,6,86.86666666666667,2.3666666666666667,56269,2,0.333
2020-11-03,Yang Ming,1,99.2,1.5,6321,0,0.0
2020-11-04,APM Terminals,8,83.0125,1.7125,68940,1,0.125
2020-11-04,China Shipping,9,88.62222222222222,1.9333333333333331,97833,0,0.0
2020-11-04,Everport,10,88.47999999999999,2.05,89988,1,0.1
2020-11-04,TraPac,6,87.93333333333334,2.033333333333333,59602,0,0.0
2020-11-04,Yang Ming,5,92.0,2.2399999999999998,55887,1,0.2
2020-11-05,APM Terminals,7,89.22857142857143,2.1285714285714286,76916,1,0.143
2020-11-05,China Shipping,3,111.46666666666665,2.766666666666667,40049,0,0.0
2020-11-05,Everport,2,89.35,1.7,12951,0,0.0
2020-11-05,TraPac,11,85.89090909090909,2.0727272727272728,101132,1,0.091
2020-11-05,Yang Ming,5,87.66,1.9600000000000002,46672,0,0.0
2020-11-06,APM Terminals,5,76.52000000000001,2.3,48220,2,0.4
2020-11-06,China Shipping,9,91.95555555555556,2.066666666666667,60637,2,0.222
2020-11-06,Everport,5,84.36,1.8800000000000001,35580,0,0.0
2020-11-06,TraPac,2,95.85,1.85,17913,0,0.0
2020-11-06,Yang Ming,6,83.76666666666667,2.216666666666667,52993,0,0.0
2020-11-07,APM Terminals,3,93.39999999999999,2.5,43837,1,0.333
2020-11-07,China Shipping,2,98.44999999999999,1.5,12246,0,0.0
2020-11-07,Everport,8,98.025,2.6375,119809,1,0.125
2020-11-07,TraPac,5,99.34,2.1399999999999997,48416,0,0.0
2020-11-07,Yang Ming,4,74.725,2.375,47564,0,0.0
2020-11-08,APM Terminals,7,98.67142857142858,2.1714285714285713,86973,2,0.286
2020-11-08,China Shipping,6,91.01666666666667,1.6666666666666667,39191,0,0.0
2020-11-08,Everport,4,91.45,1.725,32013,1,0.25
2020-11-08,TraPac,2,82.2,1.25,12685,0,0.0
2020-11-08,Yang Ming,6,89.56666666666666,2.35,62199,2,0.333
2020-11-09,APM Terminals,6,93.26666666666667,2.1999999999999997,62815,0,0.0
2020-11-09,China Shipping,5,102.92,2.3600000000000003,65944,0,0.0
2020-11-09,Everport,3,74.39999999999999,2.1333333333333333,28681,1,0.333
2020-11-09,TraPac,7,86.10000000000001,2.185714285714286,60608,1,0.143
2020-11-09,Yang Ming,1,89.6,1.5,6271,0,0.0
2020-11-10,APM Terminals,6,92.31666666666666,2.1166666666666667,56045,1,0.167
2020-11-10,China Shipping,4,89.175,2.475,49172,1,0.25
2020-11-10,Everport,6,86.16666666666667,2.4166666666666665,69956,2,0.333
2020-11-10,TraPac,6,91.43333333333334,2.0,54738,1,0.167
2020-11-10,Yang Ming,8,99.4625,1.9625000000000001,80074,0,0.0
2020-11-11,APM Terminals,3,93.16666666666667,1.8333333333333333,29156,0,0.0
2020-11-11,China Shipping,6,86.81666666666666,2.316666666666667,56880,0,0.0
2020-11-11,Everport,5,103.17999999999999,2.2399999999999998,53999,0,0.0
2020-11-11,TraPac,9,88.11111111111111,1.9333333333333331,75898,2,0.222
2020-11-11,Yang Ming,5,93.92,2.58,76839,2,0.4
2020-11-12,APM Terminals,4,73.275,2.75,49501,0,0.0
2020-11-12,China Shipping,7,93.81428571428572,2.4285714285714284,77752,1,0.143
2020-11-12,Everport,6,90.60000000000001,2.0,63112,4,0.667
2020-11-12,TraPac,7,90.42857142857143,2.1714285714285713,75011,0,0.0
2020-11-12,Yang Ming,9,99.11111111111111,1.677777777777778,51657,2,0.222
2020-11-13,APM Terminals,8,91.4375,2.225,67643,1,0.125
2020-11-13,China Shipping,10,88.97999999999999,2.15,103186,3,0.3
2020-11-13,Everport,7,91.34285714285714,1.7714285714285716,61240,1,0.143
2020-11-13,TraPac,11,93.54545454545455,1.9454545454545453,102409,2,0.182
2020-11-13,Yang Ming,5,89.02000000000001,1.92,44549,3,0.6
2020-11-14,APM Terminals,4,89.65,1.825,37466,1,0.25
2020-11-14,China Shipping,8,91.225,2.3125,87889,2,0.25
2020-11-14,Everport,6,81.41666666666667,2.0500000000000003,51051,1,0.167
2020-11-14,TraPac,5,91.36,2.2600000000000002,57945,1,0.2
2020-11-14,Yang Ming,3,75.83333333333333,2.066666666666667,32324,0,0.0
2020-11-15,APM Terminals,6,84.68333333333334,2.5833333333333335,75012,1,0.167
2020-11-15,China Shipping,7,89.3,1.9714285714285715,60488,3,0.429
2020-11-15,Everport,5,87.9,1.78,31864,0,0.0
2020-11-15,TraPac,4,83.275,2.425,51148,1,0.25
2020-11-15,Yang Ming,10,90.94,2.13,96513,1,0.1
2020-11-16,APM Terminals,9,81.08888888888889,2.1666666666666665,99742,0,0.0
2020-11-16,China Shipping,4,82.2,2.1,29960,0,0.0
2020-11-16,Everport,6,93.56666666666666,1.7666666666666666,49698,2,0.333
2020-11-16,TraPac,3,96.06666666666666,2.033333333333333,18341,0,0.0
2020-11-16,Yang Ming,3,86.10000000000001,1.9000000000000001,28231,0,0.0
2020-11-17,APM Terminals,7,93.57142857142857,2.0571428571428574,49519,1,0.143
2020-11-17,China Shipping,3,83.66666666666667,2.5333333333333337,34768,0,0.0
2020-11-17,Everport,7,97.0,2.2714285714285714,84069,1,0.143
2020-11-17,TraPac,8,89.675,2.2125,91533,2,0.25
2020-11-17,Yang Ming,8,83.8875,2.4625,79640,0,0.0
2020-11-18,APM Terminals,6,98.36666666666667,2.2666666666666666,58968,2,0.333
2020-11-18,China Shipping,6,96.35000000000001,2.0,64337,1,0.167
2020-11-18,Everport,9,84.03333333333333,2.6444444444444444,111317,0,0.0
2020-11-18,TraPac,4,82.4,1.9749999999999999,45914,2,0.5
2020-11-18,Yang Ming,4,85.625,2.35,40004,0,0.0
2020-11-19,APM Terminals,6,84.95,1.6500000000000001,48777,2,0.333
2020-11-19,China Shipping,3,94.93333333333334,2.0,20526,0,0.0
2020-11-19,Everport,8,94.1,2.0125,82125,0,0.0
2020-11-19,TraPac,3,76.36666666666666,2.0,16757,1,0.333
2020-11-19,Yang Ming,6,96.55,1.95,57978,2,0.333
2020-11-20,APM Terminals,9,90.76666666666667,1.7111111111111112,56614,4,0.444
2020-11-20,China Shipping,6,93.93333333333334,2.0166666666666666,49124,2,0.333
2020-11-20,Everport,6,97.46666666666665,2.1166666666666667,62034,0,0.0
2020-11-20,TraPac,3,83.83333333333333,1.9666666666666668,33506,0,0.0
2020-11-20,Yang Ming,1,79.1,3.6,15899,1,1.0
2020-11-21,APM Terminals,7,85.48571428571428,2.3714285714285714,83380,2,0.286
2020-11-21,China Shipping,5,86.36,1.64,33069,2,0.4
2020-11-21,Everport,4,83.475,1.575,22561,0,0.0
2020-11-21,TraPac,5,80.88,2.1399999999999997,60130,0,0.0
2020-11-21,Yang Ming,4,100.3,2.05,34528,1,0.25
2020-11-22,APM Terminals,3,79.93333333333334,1.7666666666666668,19203,0,0.0
2020-11-22,China Shipping,2,74.65,2.3,22752,1,0.5
2020-11-22,Everport,2,81.65,1.45,13862,0,0.0
2020-11-22,TraPac,6,99.36666666666667,1.9666666666666668,52171,1,0.167
2020-11-22,Yang Ming,11,97.71818181818183,2.127272727272727,92138,3,0.273
2020-11-23,APM Terminals,1,96.1,1.4,6341,1,1.0
2020-11-23,China Shipping,7,97.05714285714285,2.3714285714285714,66920,0,0.0
2020-11-23,Everport,6,83.83333333333333,2.2333333333333334,61428,0,0.0
2020-11-23,TraPac,5,74.3,1.26,22492,0,0.0
2020-11-23,Yang Ming,5,92.96000000000001,2.4,51264,1,0.2
2020-11-24,APM Terminals,4,92.275,1.975,37460,1,0.25
2020-11-24,China Shipping,5,90.2,2.02,41590,0,0.0
2020-11-24,Everport,7,91.44285714285715,2.457142857142857,80831,1,0.143
2020-11-24,TraPac,7,89.98571428571428,1.9714285714285715,54755,1,0.143
2020-11-24,Yang Ming,10,92.1,1.8699999999999999,81998,5,0.5
2020-11-25,APM Terminals,13,92.07692307692308,1.9769230769230768,115827,3,0.231
2020-11-25,China Shipping,6,98.91666666666667,2.566666666666667,61045,1,0.167
2020-11-25,Everport,1,85.4,2.9,17380,1,1.0
2020-11-25,TraPac,5,81.28,2.2399999999999998,52577,1,0.2
2020-11-25,Yang Ming,5,89.76,1.78,37576,0,0.0
2020-11-26,APM Terminals,6,81.3,2.0,47756,0,0.0
2020-11-26,China Shipping,4,91.4,2.35,30114,1,0.25
2020-11-26,Everport,4,77.725,2.1,40662,0,0.0
2020-11-26,TraPac,3,89.86666666666667,1.8333333333333333,25548,1,0.333
2020-11-26,Yang Ming,10,92.12,2.2600000000000002,111090,1,0.1
2020-11-27,APM Terminals,2,91.85,2.6,23180,0,0.0
2020-11-27,China Shipping,8,86.2375,2.1875,79082,1,0.125
2020-11-27,Everport,6,95.39999999999999,2.4499999999999997,83344,1,0.167
2020-11-27,TraPac,5,81.06,1.7600000000000002,37174,0,0.0
2020-11-27,Yang Ming,2,75.15,2.9,30609,0,0.0
2020-11-28,APM Terminals,4,100.75,2.125,35625,1,0.25
2020-11-28,China Shipping,12,84.925,2.075,120524,4,0.333
2020-11-28,Everport,5,88.96000000000001,1.8399999999999999,54036,0,0.0
2020-11-28,TraPac,6,86.14999999999999,2.5,76689,1,0.167
2020-11-28,Yang Ming,10,91.45,1.9600000000000002,94346,4,0.4
2020-11-29,APM Terminals,7,90.28571428571429,1.8857142857142857,61798,1,0.143
2020-11-29,China Shipping,5,84.16,1.8,35901,1,0.2
2020-11-29,Everport,6,97.73333333333333,2.2333333333333334,70195,0,0.0
2020-11-29,TraPac,3,97.63333333333333,1.6666666666666667,9750,0,0.0
2020-11-29,Yang Ming,8,96.4625,2.1125,88621,0,0.0
2020-11-30,APM Terminals,3,103.0,1.9666666666666668,29065,1,0.333
2020-11-30,China Shipping,4,105.2,2.2,49353,1,0.25
2020-11-30,Everport,4,93.275,2.525,52222,1,0.25
2020-11-30,TraPac,7,90.57142857142857,1.9142857142857144,60027,1,0.143
2020-11-30,Yang Ming,6,91.35000000000001,2.3666666666666667,83905,0,0.0
2020-12-01,APM Terminals,4,79.2,2.325,49366,0,0.0
2020-12-01,China Shipping,4,86.35,2.1999999999999997,41115,0,0.0
2020-12-01,Everport,6,107.48333333333333,2.5,68832,3,0.5
2020-12-01,TraPac,1,88.7,1.3,7104,1,1.0
2020-12-01,Yang Ming,4,101.775,2.5,55012,0,0.0
2020-12-02,APM Terminals,8,89.5625,1.8875,79860,0,0.0
2020-12-02,China Shipping,4,101.3,2.5,45764,1,0.25
2020-12-02,Everport,4,94.2,2.6999999999999997,47884,1,0.25
2020-12-02,TraPac,8,84.225,2.0375,87813,0,0.0
2020-12-02,Yang Ming,7,76.24285714285715,2.257142857142857,76487,1,0.143
2020-12-03,APM Terminals,6,89.55,2.3000000000000003,67781,0,0.0
2020-12-03,China Shipping,6,91.41666666666667,2.1666666666666665,67522,0,0.0
2020-12-03,Everport,3,86.53333333333335,2.1,31903,1,0.333
2020-12-03,TraPac,3,94.23333333333333,2.433333333333333,27220,0,0.0
2020-12-03,Yang Ming,7,89.17142857142858,2.4428571428571426,75073,2,0.286
2020-12-04,APM Terminals,4,81.55000000000001,1.7,25570,1,0.25
2020-12-04,China Shipping,2,95.4,2.65,26834,1,0.5
2020-12-04,Everport,4,84.375,2.075,38516,1,0.25
2020-12-04,TraPac,8,83.4375,1.7625,52821,2,0.25
2020-12-04,Yang Ming,5,88.03999999999999,2.2,45977,0,0.0
2020-12-05,APM Terminals,6,90.13333333333333,1.7833333333333332,49201,1,0.167
2020-12-05,China Shipping,5,84.7,2.2,54827,0,0.0
2020-12-05,Everport,4,83.25,2.075,29617,0,0.0
2020-12-05,TraPac,4,87.35,2.925,53068,2,0.5
2020-12-05,Yang Ming,5,100.84,2.18,49325,1,0.2
2020-12-06,APM Terminals,10,85.55,2.31,109870,0,0.0
2020-12-06,China Shipping,4,105.425,2.375,42013,0,0.0
2020-12-06,Everport,8,89.1125,2.2375,85638,0,0.0
2020-12-06,TraPac,8,83.5625,2.3,84845,0,0.0
2020-12-06,Yang Ming,7,85.21428571428571,2.1714285714285713,58617,0,0.0
2020-12-07,APM Terminals,6,91.56666666666666,2.2666666666666666,59281,2,0.333
2020-12-07,China Shipping,6,81.2,1.9333333333333336,59942,0,0.0
2020-12-07,Everport,2,105.8,1.9,17843,0,0.0
2020-12-07,TraPac,6,87.06666666666666,1.7666666666666668,48626,1,0.167
2020-12-07,Yang Ming,5,97.03999999999999,2.2800000000000002,54814,1,0.2
2020-12-08,APM Terminals,7,88.24285714285715,2.2857142857142856,80338,1,0.143
2020-12-08,China Shipping,7,102.37142857142858,1.9857142857142858,53070,1,0.143
2020-12-08,Everport,3,90.56666666666666,2.3000000000000003,30932,0,0.0
2020-12-08,TraPac,4,97.475,2.55,40175,0,0.0
2020-12-08,Yang Ming,6,86.13333333333333,2.433333333333333,70786,0,0.0
2020-12-09,APM Terminals,8,85.25,2.35,101533,0,0.0
2020-12-09,China Shipping,5,89.7,2.2199999999999998,65561,2,0.4
2020-12-09,Everport,5,80.72,1.7600000000000002,32002,2,0.4
2020-12-09,TraPac,5,98.38,2.2199999999999998,43350,2,0.4
2020-12-09,Yang Ming,3,99.7,1.5333333333333332,15803,0,0.0
2020-12-10,APM Terminals,5,88.76,1.9600000000000002,30352,1,0.2
2020-12-10,China Shipping,5,88.74000000000001,1.5,24606,1,0.2
2020-12-10,Everport,3,83.36666666666667,2.3666666666666667,28370,1,0.333
2020-12-10,TraPac,6,87.55,2.25,64704,0,0.0
2020-12-10,Yang Ming,6,96.26666666666667,2.0,55062,0,0.0
2020-12-11,APM Terminals,3,69.33333333333333,1.9666666666666668,18999,3,1.0
2020-12-11,China Shipping,2,82.85,1.65,18187,1,0.5
2020-12-11,Everport,4,78.15,2.0,30562,0,0.0
2020-12-11,TraPac,4,92.775,2.275,36205,0,0.0
2020-12-11,Yang Ming,3,79.23333333333333,2.2666666666666666,30871,0,0.0
2020-12-12,APM Terminals,4,85.725,2.075,44259,0,0.0
2020-12-12,China Shipping,6,96.13333333333334,1.8499999999999999,50826,1,0.167
2020-12-12,Everport,4,93.95,1.825,31963,0,0.0
2020-12-12,TraPac,7,89.88571428571429,2.257142857142857,83958,2,0.286
2020-12-12,Yang Ming,4,86.32499999999999,1.8499999999999999,36175,2,0.5
2020-12-13,APM Terminals,4,105.975,1.95,31497,0,0.0
2020-12-13,China Shipping,4,87.0,1.9,30005,0,0.0
2020-12-13,Everport,7,102.95714285714284,1.8571428571428572,57818,2,0.286
2020-12-13,TraPac,9,91.30000000000001,2.1222222222222222,84358,1,0.111
2020-12-13,Yang Ming,8,94.25,1.825,54859,2,0.25
2020-12-14,APM Terminals,7,96.2,2.3428571428571425,83520,1,0.143
2020-12-14,China Shipping,8,94.0,2.15,72468,1,0.125
2020-12-14,Everport,2,74.8,1.35,9223,0,0.0
2020-12-14,TraPac,9,85.52222222222223,2.1666666666666665,86491,1,0.111
2020-12-14,Yang Ming,6,89.98333333333333,1.7666666666666666,42922,1,0.167
2020-12-15,APM Terminals,7,90.68571428571428,2.185714285714286,69147,1,0.143
2020-12-15,China Shipping,6,90.78333333333335,2.2333333333333334,71786,2,0.333
2020-12-15,Everport,3,102.0,2.1999999999999997,36390,1,0.333
2020-12-15,TraPac,5,89.66,2.2199999999999998,52974,0,0.0
2020-12-15,Yang Ming,10,82.78999999999999,2.13,79638,1,0.1
2020-12-16,APM Terminals,1,82.0,1.8,11731,0,0.0
2020-12-16,China Shipping,4,87.17500000000001,1.875,27010,1,0.25
2020-12-16,Everport,7,84.62857142857142,1.9285714285714286,53895,0,0.0
2020-12-16,TraPac,4,90.275,1.5499999999999998,28074,0,0.0
2020-12-16,Yang Ming,5,103.7,2.1,51811,1,0.2
2020-12-17,APM Terminals,1,102.2,2.2,7148,0,0.0
2020-12-17,China Shipping,6,81.01666666666667,2.1166666666666667,46864,0,0.0
2020-12-17,Everport,6,92.36666666666667,1.9166666666666667,43758,0,0.0
2020-12-17,TraPac,5,97.44,1.8399999999999999,34049,0,0.0
2020-12-17,Yang Ming,12,95.47500000000001,2.158333333333333,119210,4,0.333
2020-12-18,APM Terminals,4,96.225,2.4000000000000004,52876,1,0.25
2020-12-18,China Shipping,3,100.89999999999999,1.3333333333333333,18340,2,0.667
2020-12-18,Everport,4,95.0,1.875,27704,0,0.0
2020-12-18,TraPac,3,89.83333333333333,2.233333333333333,33126,1,0.333
2020-12-18,Yang Ming,3,83.5,2.6333333333333333,39762,1,0.333
2020-12-19,APM Terminals,7,85.8,1.6142857142857143,48048,1,0.143
2020-12-19,China Shipping,5,99.12,2.12,46704,1,0.2
2020-12-19,Everport,5,85.78,2.3,58191,0,0.0
2020-12-19,TraPac,10,88.28999999999999,2.06,77163,2,0.2
2020-12-19,Yang Ming,7,87.84285714285714,2.6,85486,0,0.0
2020-12-20,APM Terminals,5,96.06,2.12,42583,0,0.0
2020-12-20,China Shipping,6,103.81666666666666,2.0166666666666666,54326,1,0.167
2020-12-20,Everport,3,86.46666666666665,1.5333333333333332,15524,1,0.333
2020-12-20,TraPac,7,92.92857142857143,2.142857142857143,78429,0,0.0
2020-12-20,Yang Ming,8,96.95,1.95,73523,1,0.125
2020-12-21,APM Terminals,8,86.25,1.9625000000000001,74797,0,0.0
2020-12-21,China Shipping,6,84.51666666666667,1.8666666666666665,47633,0,0.0
2020-12-21,Everport,5,97.86,1.3800000000000001,38424,0,0.0
2020-12-21,TraPac,4,93.275,1.75,35752,1,0.25
2020-12-21,Yang Ming,3,93.7,2.566666666666667,35175,0,0.0
2020-12-22,APM Terminals,9,96.61111111111111,2.177777777777778,63995,0,0.0
2020-12-22,China Shipping,3,95.86666666666667,2.533333333333333,36069,1,0.333
2020-12-22,Everport,6,92.31666666666666,2.15,70970,0,0.0
2020-12-22,TraPac,2,106.2,0.75,4479,1,0.5
2020-12-22,Yang Ming,9,91.06666666666666,2.2666666666666666,97157,2,0.222
2020-12-23,APM Terminals,6,84.45,2.25,60572,0,0.0
2020-12-23,China Shipping,4,79.15,2.525,57248,1,0.25
2020-12-23,Everport,2,113.30000000000001,1.4,16964,0,0.0
2020-12-23,TraPac,5,86.16,2.2800000000000002,42947,2,0.4
2020-12-23,Yang Ming,6,88.51666666666667,2.4666666666666663,65267,0,0.0
2020-12-24,APM Terminals,5,99.86,2.3600000000000003,60412,1,0.2
2020-12-24,China Shipping,5,91.14,2.56,67804,0,0.0
2020-12-24,Everport,3,93.16666666666667,2.1,23552,0,0.0
2020-12-24,TraPac,3,99.03333333333335,1.8666666666666665,29099,1,0.333
2020-12-24,Yang Ming,2,110.30000000000001,1.7,18129,0,0.0
2020-12-25,APM Terminals,9,90.38888888888889,1.6444444444444446,62675,2,0.222
2020-12-25,China Shipping,3,82.0,2.6,44074,0,0.0
2020-12-25,Everport,6,93.33333333333333,2.25,80434,1,0.167
2020-12-25,TraPac,2,93.55000000000001,2.4,27804,0,0.0
2020-12-25,Yang Ming,6,89.5,2.1999999999999997,52463,1,0.167
2020-12-26,APM Terminals,2,104.7,1.8,13195,0,0.0
2020-12-26,China Shipping,4,97.15,2.2,42005,1,0.25
2020-12-26,Everport,3,83.7,2.3333333333333335,25635,0,0.0
2020-12-26,TraPac,7,93.28571428571429,2.2857142857142856,74069,0,0.0
2020-12-26,Yang Ming,6,94.53333333333335,2.3000000000000003,60483,1,0.167
2020-12-27,APM Terminals,4,85.125,2.525,43414,0,0.0
2020-12-27,China Shipping,8,91.025,2.325,78511,1,0.125
2020-12-27,Everport,8,91.975,2.2375,87237,0,0.0
2020-12-27,TraPac,4,90.925,2.3,43408,1,0.25
2020-12-27,Yang Ming,3,87.06666666666666,1.4666666666666668,15513,0,0.0
2020-12-28,APM Terminals,2,93.85,2.9000000000000004,32428,0,0.0
2020-12-28,China Shipping,3,89.26666666666665,1.7,27997,1,0.333
2020-12-28,Everport,4,89.425,1.8,35890,0,0.0
2020-12-28,TraPac,9,84.66666666666667,2.0777777777777775,88524,1,0.111
2020-12-28,Yang Ming,10,92.45,2.07,99457,1,0.1
2020-12-29,APM Terminals,5,100.66,2.5,61791,1,0.2
2020-12-29,China Shipping,5,99.17999999999999,1.6800000000000002,32312,0,0.0
2020-12-29,Everport,3,91.06666666666666,1.5666666666666667,23721,1,0.333
2020-12-29,TraPac,4,88.325,2.2,38883,1,0.25
2020-12-29,Yang Ming,4,91.75,2.3000000000000003,47179,1,0.25
2020-12-30,APM Terminals,5,83.52000000000001,2.22,61963,0,0.0
2020-12-30,China Shipping,6,103.08333333333333,2.316666666666667,68646,0,0.0
2020-12-30,Everport,9,83.27777777777777,2.4444444444444446,103064,1,0.111
2020-12-30,TraPac,2,89.94999999999999,2.05,17052,0,0.0
2020-12-30,Yang Ming,8,97.825,2.1375,90586,1,0.125
2020-12-31,APM Terminals,4,91.525,1.7999999999999998,30860,1,0.25
2020-12-31,China Shipping,6,86.35000000000001,1.9333333333333336,34909,2,0.333
2020-12-31,Everport,6,86.73333333333333,2.316666666666667,62839,0,0.0
2020-12-31,TraPac,8,84.8625,2.0625,65534,1,0.125
2020-12-31,Yang Ming,5,86.24,1.7,41153,0,0.0
2021-01-01,APM Terminals,6,87.89999999999999,2.1999999999999997,59721,0,0.0
2021-01-01,China Shipping,7,90.24285714285715,2.357142857142857,83584,1,0.143
2021-01-01,Everport,1,80.8,1.5,7208,1,1.0
2021-01-01,TraPac,5,93.26,1.9,51941,0,0.0
2021-01-01,Yang Ming,6,91.46666666666665,1.95,53189,1,0.167
2021-01-02,APM Terminals,6,81.76666666666667,2.1166666666666667,68048,2,0.333
2021-01-02,China Shipping,8,88.8125,2.4499999999999997,99618,2,0.25
2021-01-02,Everport,4,98.65,1.275,22760,0,0.0
2021-01-02,TraPac,10,93.46000000000001,1.98,88355,2,0.2
2021-01-02,Yang Ming,5,89.82,1.6800000000000002,28739,0,0.0
2021-01-03,APM Terminals,2,97.35,2.4,21728,1,0.5
2021-01-03,China Shipping,7,85.01428571428572,1.842857142857143,63682,0,0.0
2021-01-03,Everport,6,101.0,2.0,53506,2,0.333
2021-01-03,TraPac,9,89.07777777777778,2.1555555555555554,83810,2,0.222
2021-01-03,Yang Ming,5,104.1,1.9600000000000002,46258,3,0.6
2021-01-04,APM Terminals,4,90.575,2.125,40502,0,0.0
2021-01-04,China Shipping,4,85.625,2.15,26229,0,0.0
2021-01-04,Everport,5,93.64,2.3,48725,1,0.2
2021-01-04,TraPac,7,75.5,2.3857142857142857,93075,0,0.0
2021-01-04,Yang Ming,6,98.36666666666667,2.466666666666667,76542,1,0.167
2021-01-05,APM Terminals,4,91.075,2.575,56469,0,0.0
2021-01-05,China Shipping,9,92.19999999999999,2.2666666666666666,88921,3,0.333
2021-01-05,Everport,3,106.53333333333335,2.4,25936,0,0.0
2021-01-05,TraPac,4,103.6,2.325,47605,2,0.5
2021-01-05,Yang Ming,4,93.375,1.9249999999999998,36068,0,0.0
2021-01-06,APM Terminals,5,77.12,2.46,62079,2,0.4
2021-01-06,China Shipping,2,89.25,2.1,13610,1,0.5
2021-01-06,Everport,5,92.08,2.16,56163,1,0.2
2021-01-06,TraPac,6,91.0,2.5,78418,1,0.167
2021-01-06,Yang Ming,3,91.16666666666667,1.9000000000000001,29529,0,0.0
2021-01-07,APM Terminals,4,72.7,1.875,32761,0,0.0
2021-01-07,China Shipping,9,91.75555555555555,1.8333333333333333,66713,3,0.333
2021-01-07,Everport,5,100.47999999999999,2.1399999999999997,56635,1,0.2
2021-01-07,TraPac,7,86.84285714285714,1.9714285714285715,69247,0,0.0
2021-01-07,Yang Ming,3,100.46666666666665,2.3666666666666667,32887,1,0.333
2021-01-08,APM Terminals,3,96.7,1.8,27788,0,0.0
2021-01-08,China Shipping,6,77.16666666666667,1.9166666666666667,57102,2,0.333
2021-01-08,Everport,3,80.0,2.3000000000000003,37996,0,0.0
2021-01-08,TraPac,5,87.84,1.92,33432,0,0.0
2021-01-08,Yang Ming,6,78.45,2.6999999999999997,87296,1,0.167
2021-01-09,APM Terminals,4,88.35,2.525,48719,0,0.0
2021-01-09,China Shipping,6,92.85000000000001,2.066666666666667,62222,1,0.167
2021-01-09,Everport,6,78.53333333333333,2.0500000000000003,55129,2,0.333
2021-01-09,TraPac,4,97.125,2.1,39514,2,0.5
2021-01-09,Yang Ming,4,94.675,1.825,25045,0,0.0
2021-01-10,APM Terminals,5,92.86,2.4,62225,1,0.2
2021-01-10,China Shipping,6,91.86666666666667,2.4166666666666665,64334,1,0.167
2021-01-10,Everport,5,101.26,2.08,44030,1,0.2
2021-01-10,TraPac,6,92.55,2.3333333333333335,58213,0,0.0
2021-01-10,Yang Ming,3,83.73333333333333,2.1,28260,1,0.333
2021-01-11,APM Terminals,4,85.7,1.95,24767,0,0.0
2021-01-11,China Shipping,5,84.12,2.08,46690,1,0.2
2021-01-11,Everport,6,86.8,2.2333333333333334,60927,0,0.0
2021-01-11,TraPac,7,91.55714285714285,2.4857142857142853,81545,0,0.0
2021-01-11,Yang Ming,4,87.35,2.45,60406,1,0.25
2021-01-12,APM Terminals,7,87.27142857142857,2.3285714285714287,78198,1,0.143
2021-01-12,China Shipping,4,86.15,2.55,46736,0,0.0
2021-01-12,Everport,6,98.63333333333333,2.0833333333333335,48527,0,0.0
2021-01-12,TraPac,7,93.82857142857142,2.314285714285714,79459,1,0.143
2021-01-12,Yang Ming,7,84.25714285714285,1.9428571428571428,43527,0,0.0
2021-01-13,APM Terminals,4,98.25,2.025,38188,2,0.5
2021-01-13,China Shipping,5,76.9,1.9600000000000002,51934,0,0.0
2021-01-13,Everport,6,92.7,2.15,69575,3,0.5
2021-01-13,TraPac,5,89.44000000000001,2.2199999999999998,48887,1,0.2
2021-01-13,Yang Ming,4,92.375,1.9,28700,1,0.25
2021-01-14,APM Terminals,6,87.03333333333335,2.4166666666666665,75146,1,0.167
2021-01-14,China Shipping,3,78.33333333333333,2.1999999999999997,37088,1,0.333
2021-01-14,Everport,6,98.89999999999999,2.183333333333333,59582,1,0.167
2021-01-14,TraPac,4,90.35,2.05,44667,1,0.25
2021-01-14,Yang Ming,7,93.75714285714285,2.0,55433,1,0.143
2021-01-15,APM Terminals,5,84.97999999999999,2.3600000000000003,47354,1,0.2
2021-01-15,China Shipping,7,90.94285714285715,2.157142857142857,53540,0,0.0
2021-01-15,Everport,6,95.39999999999999,2.1333333333333333,61167,1,0.167
2021-01-15,TraPac,4,97.525,1.875,30538,1,0.25
2021-01-15,Yang Ming,3,100.63333333333333,2.3000000000000003,37265,0,0.0
2021-01-16,APM Terminals,4,96.875,1.975,26274,0,0.0
2021-01-16,China Shipping,3,93.66666666666667,2.033333333333333,24647,0,0.0
2021-01-16,Everport,5,83.97999999999999,2.06,38494,0,0.0
2021-01-16,TraPac,3,94.43333333333334,2.1999999999999997,34885,0,0.0
2021-01-16,Yang Ming,3,89.89999999999999,2.766666666666667,41628,0,0.0
2021-01-17,APM Terminals,3,81.43333333333334,1.5666666666666667,20786,1,0.333
2021-01-17,China Shipping,8,87.2,2.1375,83576,0,0.0
2021-01-17,Everport,7,83.11428571428571,2.457142857142857,92125,1,0.143
2021-01-17,TraPac,8,89.5,1.7875,62599,1,0.125
2021-01-17,Yang Ming,3,91.96666666666665,1.8666666666666665,28529,0,0.0
2021-01-18,APM Terminals,7,90.57142857142857,2.257142857142857,67385,0,0.0
2021-01-18,China Shipping,4,84.625,2.725,50102,1,0.25
2021-01-18,Everport,3,84.3,2.1666666666666665,22127,0,0.0
2021-01-18,TraPac,2,104.15,2.7,25307,0,0.0
2021-01-18,Yang Ming,4,78.525,2.2,51227,1,0.25
2021-01-19,APM Terminals,6,88.39999999999999,2.3833333333333333,66843,0,0.0
2021-01-19,China Shipping,3,97.33333333333333,2.2666666666666666,31708,0,0.0
2021-01-19,Everport,6,92.43333333333334,2.183333333333333,63840,0,0.0
2021-01-19,TraPac,6,94.53333333333335,2.533333333333333,71892,1,0.167
2021-01-19,Yang Ming,5,94.3,2.2,49021,1,0.2
2021-01-20,APM Terminals,5,99.5,2.44,55932,0,0.0
2021-01-20,China Shipping,6,104.8,1.9000000000000001,45684,1,0.167
2021-01-20,Everport,2,83.95,2.85,30621,0,0.0
2021-01-20,TraPac,7,91.38571428571429,2.0714285714285716,56293,2,0.286
2021-01-20,Yang Ming,7,90.7,1.8285714285714287,70638,1,0.143
2021-01-21,APM Terminals,3,73.10000000000001,1.8666666666666665,26725,0,0.0
2021-01-21,China Shipping,2,96.8,2.3,17628,1,0.5
2021-01-21,Everport,7,94.51428571428572,2.3000000000000003,61976,1,0.143
2021-01-21,TraPac,2,99.5,1.75,13608,0,0.0
2021-01-21,Yang Ming,3,88.53333333333335,2.466666666666667,33699,0,0.0
2021-01-22,APM Terminals,6,87.5,2.0166666666666666,63945,0,0.0
2021-01-22,China Shipping,6,77.58333333333333,2.2166666666666663,65597,1,0.167
2021-01-22,Everport,10,90.84,1.98,86640,3,0.3
2021-01-22,TraPac,4,97.175,2.0749999999999997,38123,2,0.5
2021-01-22,Yang Ming,7,92.39999999999999,2.1714285714285713,71454,0,0.0
2021-01-23,APM Terminals,5,87.96000000000001,2.18,54846,0,0.0
2021-01-23,China Shipping,4,87.425,2.45,39691,1,0.25
2021-01-23,Everport,8,90.3125,2.0375,70349,2,0.25
2021-01-23,TraPac,5,103.5,2.6,61926,3,0.6
2021-01-23,Yang Ming,2,102.9,2.05,13658,0,0.0
2021-01-24,APM Terminals,5,91.17999999999999,1.92,39183,2,0.4
2021-01-24,China Shipping,5,92.67999999999999,2.44,52844,1,0.2
2021-01-24,Everport,7,92.39999999999999,1.8285714285714287,47422,2,0.286
2021-01-24,TraPac,2,89.2,1.85,11697,0,0.0
2021-01-24,Yang Ming,1,102.6,1.8,11229,0,0.0
2021-01-25,APM Terminals,1,72.5,2.1,10801,1,1.0
2021-01-25,China Shipping,3,77.73333333333333,2.066666666666667,27599,0,0.0
2021-01-25,Everport,7,92.10000000000001,2.257142857142857,92974,4,0.571
2021-01-25,TraPac,7,87.08571428571429,2.2142857142857144,81619,1,0.143
2021-01-25,Yang Ming,8,85.7625,2.675,87711,1,0.125
2021-01-26,APM Terminals,4,90.75,1.725,35110,1,0.25
2021-01-26,China Shipping,4,108.225,1.925,30189,0,0.0
2021-01-26,Everport,5,80.56,2.02,37061,2,0.4
2021-01-26,TraPac,5,91.12,1.8,28688,1,0.2
2021-01-26,Yang Ming,3,85.0,1.6666666666666667,16581,1,0.333
2021-01-27,APM Terminals,8,97.55,1.9125,71388,0,0.0
2021-01-27,China Shipping,5,79.62,2.2199999999999998,56869,0,0.0
2021-01-27,Everport,5,83.35999999999999,2.4799999999999995,71558,1,0.2
2021-01-27,TraPac,6,83.85000000000001,2.15,51455,2,0.333
2021-01-27,Yang Ming,8,82.85,1.9,66620,1,0.125
2021-01-28,APM Terminals,4,95.5,2.3,38194,0,0.0
2021-01-28,China Shipping,7,101.45714285714287,2.5714285714285716,89239,1,0.143
2021-01-28,Everport,3,81.46666666666667,2.1,27637,0,0.0
2021-01-28,TraPac,2,103.19999999999999,2.4000000000000004,23382,0,0.0
2021-01-28,Yang Ming,2,98.75,1.9,11750,0,0.0
2021-01-29,APM Terminals,9,86.02222222222223,2.0444444444444443,96482,1,0.111
2021-01-29,China Shipping,9,92.12222222222222,2.177777777777778,82440,1,0.111
2021-01-29,Everport,4,99.85,2.025,40318,2,0.5
2021-01-29,TraPac,4,90.825,2.35,48373,1,0.25
2021-01-29,Yang Ming,6,95.45,2.1166666666666667,62321,1,0.167
2021-01-30,APM Terminals,7,93.81428571428572,2.457142857142857,77131,1,0.143
2021-01-30,China Shipping,8,84.425,2.35,84600,2,0.25
2021-01-30,Everport,7,88.5,1.9285714285714286,60428,1,0.143
2021-01-30,TraPac,5,86.14,2.04,37746,1,0.2
2021-01-30,Yang Ming,4,94.125,1.925,34033,1,0.25
2021-01-31,APM Terminals,9,85.71111111111111,1.6888888888888889,70177,3,0.333
2021-01-31,China Shipping,3,93.33333333333333,1.9666666666666668,28120,0,0.0
2021-01-31,Everport,2,99.65,2.0,8592,0,0.0
2021-01-31,TraPac,5,80.58,2.38,57926,0,0.0
2021-01-31,Yang Ming,3,82.53333333333335,2.1,36318,0,0.0
2021-02-01,APM Terminals,7,92.95714285714287,1.9428571428571428,66622,0,0.0
2021-02-01,China Shipping,3,112.86666666666667,1.9666666666666668,24011,1,0.333
2021-02-01,Everport,7,86.18571428571428,2.142857142857143,68640,1,0.143
2021-02-01,TraPac,7,94.85714285714286,2.1714285714285713,71032,1,0.143
2021-02-01,Yang Ming,5,79.66,1.8399999999999999,32753,1,0.2
2021-02-02,APM Terminals,7,95.88571428571429,1.9714285714285715,77042,2,0.286
2021-02-02,China Shipping,2,85.15,1.9,11697,0,0.0
2021-02-02,Everport,7,93.57142857142857,1.8571428571428572,55618,2,0.286
2021-02-02,TraPac,3,91.23333333333333,2.3000000000000003,32569,0,0.0
2021-02-02,Yang Ming,2,90.25,1.75,8436,0,0.0
2021-02-03,APM Terminals,2,93.7,1.9,14017,0,0.0
2021-02-03,China Shipping,7,96.02857142857144,1.9714285714285715,60162,1,0.143
2021-02-03,Everport,6,89.66666666666667,1.7333333333333334,45326,0,0.0
2021-02-03,TraPac,3,75.66666666666667,1.5999999999999999,23994,1,0.333
2021-02-03,Yang Ming,4,89.7,2.475,46347,0,0.0
2021-02-04,APM Terminals,3,83.33333333333333,2.233333333333333,29392,1,0.333
2021-02-04,China Shipping,3,96.5,2.6666666666666665,38580,0,0.0
2021-02-04,Everport,4,96.65,2.375,39035,0,0.0
2021-02-04,TraPac,7,93.0,1.6285714285714286,36284,0,0.0
2021-02-04,Yang Ming,1,91.3,1.2,2134,0,0.0
2021-02-05,APM Terminals,5,89.0,2.2,49745,0,0.0
2021-02-05,China Shipping,7,91.44285714285715,1.9285714285714286,60235,3,0.429
2021-02-05,Everport,1,93.4,2.2,11571,0,0.0
2021-02-05,TraPac,6,68.96666666666667,2.0,58271,1,0.167
2021-02-05,Yang Ming,8,85.6875,2.15,71299,1,0.125
2021-02-06,APM Terminals,4,96.125,1.85,30382,1,0.25
2021-02-06,China Shipping,4,85.4,1.25,21127,2,0.5
2021-02-06,Everport,8,90.2375,2.275,82421,3,0.375
2021-02-06,TraPac,7,90.65714285714286,2.0714285714285716,69911,0,0.0
2021-02-06,Yang Ming,6,79.7,1.9166666666666667,50580,0,0.0
2021-02-07,APM Terminals,7,91.10000000000001,2.1714285714285713,68578,2,0.286
2021-02-07,China Shipping,3,80.66666666666667,1.7000000000000002,19302,0,0.0
2021-02-07,Everport,4,97.625,2.075,38983,0,0.0
2021-02-07,TraPac,5,77.9,2.38,60636,0,0.0
2021-02-07,Yang Ming,4,97.275,1.9,29771,0,0.0
2021-02-08,APM Terminals,3,75.83333333333333,1.4333333333333336,11154,0,0.0
2021-02-08,China Shipping,6,95.46666666666665,2.216666666666667,57939,0,0.0
2021-02-08,Everport,2,86.15,2.35,16662,1,0.5
2021-02-08,TraPac,6,88.41666666666667,2.316666666666667,56752,1,0.167
2021-02-08,Yang Ming,6,90.60000000000001,2.4166666666666665,59001,1,0.167
2021-02-09,APM Terminals,4,90.65,2.425,48598,0,0.0
2021-02-09,China Shipping,6,108.68333333333334,1.9333333333333333,63570,1,0.167
2021-02-09,Everport,6,92.25,2.2166666666666663,56815,1,0.167
2021-02-09,TraPac,4,83.175,2.35,45128,0,0.0
2021-02-09,Yang Ming,9,84.43333333333334,1.9333333333333331,70253,1,0.111
2021-02-10,APM Terminals,4,87.05,1.9,24782,1,0.25
2021-02-10,China Shipping,3,105.66666666666667,2.066666666666667,28574,0,0.0
2021-02-10,Everport,5,89.34,2.16,57175,0,0.0
2021-02-10,TraPac,6,85.11666666666666,2.25,59217,1,0.167
2021-02-10,Yang Ming,6,91.56666666666666,1.9666666666666668,53969,0,0.0
2021-02-11,APM Terminals,3,89.73333333333333,2.0,23505,0,0.0
2021-02-11,China Shipping,8,81.5125,2.225,89686,2,0.25
2021-02-11,Everport,7,99.24285714285715,1.5142857142857142,40845,3,0.429
2021-02-11,TraPac,6,87.51666666666667,2.1166666666666667,59795,1,0.167
2021-02-11,Yang Ming,6,90.61666666666667,1.8499999999999999,45815,1,0.167
2021-02-12,APM Terminals,6,96.21666666666665,2.25,69556,0,0.0
2021-02-12,China Shipping,4,87.15,2.2,36274,0,0.0
2021-02-12,Everport,5,100.22,1.7600000000000002,37472,0,0.0
2021-02-12,TraPac,7,90.39999999999999,2.3428571428571425,79574,0,0.0
2021-02-12,Yang Ming,6,86.63333333333333,1.7666666666666666,54866,0,0.0
2021-02-13,APM Terminals,4,79.35,2.175,39983,1,0.25
2021-02-13,China Shipping,9,92.37777777777778,2.111111111111111,95750,2,0.222
2021-02-13,Everport,2,77.4,1.9,19332,0,0.0
2021-02-13,TraPac,8,95.675,2.25,72892,2,0.25
2021-02-13,Yang Ming,2,77.85,2.2,16890,0,0.0
2021-02-14,APM Terminals,2,82.85,1.7,21370,0,0.0
2021-02-14,China Shipping,4,98.475,2.25,38083,0,0.0
2021-02-14,Everport,9,87.30000000000001,1.8888888888888888,64631,1,0.111
2021-02-14,TraPac,5,90.5,2.2600000000000002,54551,0,0.0
2021-02-14,Yang Ming,5,85.14,2.54,66904,1,0.2
2021-02-15,APM Terminals,6,94.56666666666666,1.8,49206,1,0.167
2021-02-15,China Shipping,3,91.93333333333334,2.8333333333333335,45159,0,0.0
2021-02-15,Everport,2,97.75,0.8500000000000001,9163,0,0.0
2021-02-15,TraPac,2,89.4,1.6,16651,0,0.0
2021-02-15,Yang Ming,3,73.7,1.8,19023,0,0.0
2021-02-16,APM Terminals,8,93.4625,2.225,86392,1,0.125
2021-02-16,China Shipping,11,92.57272727272726,2.4181818181818184,102283,1,0.091
2021-02-16,Everport,3,77.63333333333334,2.0,32448,0,0.0
2021-02-16,TraPac,2,84.75,2.55,22147,0,0.0
2021-02-16,Yang Ming,3,87.2,2.1333333333333333,18647,2,0.667
2021-02-17,APM Terminals,3,93.13333333333333,1.7666666666666666,20495,0,0.0
2021-02-17,China Shipping,5,88.36,2.1399999999999997,52796,1,0.2
2021-02-17,Everport,6,99.03333333333335,2.5,73672,2,0.333
2021-02-17,TraPac,7,85.92857142857143,2.3857142857142857,86050,3,0.429
2021-02-17,Yang Ming,2,90.0,2.05,21306,1,0.5
2021-02-18,APM Terminals,8,89.275,2.0625,71887,1,0.125
2021-02-18,China Shipping,8,97.9125,2.1625,66748,1,0.125
2021-02-18,Everport,5,92.3,2.34,36420,1,0.2
2021-02-18,TraPac,9,89.85555555555555,1.9444444444444444,77435,1,0.111
2021-02-18,Yang Ming,6,89.71666666666665,1.9666666666666668,55764,1,0.167
2021-02-19,APM Terminals,4,100.275,2.2750000000000004,39460,0,0.0
2021-02-19,China Shipping,5,96.16,2.06,49177,2,0.4
2021-02-19,Everport,10,92.09,1.85,109173,2,0.2
2021-02-19,TraPac,4,84.8,2.0,36187,1,0.25
2021-02-20,APM Terminals,5,86.96000000000001,2.16,51519,1,0.2
2021-02-20,China Shipping,8,92.775,1.9500000000000002,65700,3,0.375
2021-02-20,Everport,4,86.225,2.075,35801,1,0.25
2021-02-20,TraPac,2,91.35,2.5,20881,0,0.0
2021-02-20,Yang Ming,7,89.91428571428571,2.2142857142857144,72512,2,0.286
2021-02-21,APM Terminals,3,87.43333333333334,2.3000000000000003,24653,1,0.333
2021-02-21,China Shipping,1,88.2,1.3,843,0,0.0
2021-02-21,Everport,6,89.03333333333335,1.9833333333333334,45870,1,0.167
2021-02-21,TraPac,8,85.6375,2.275,89088,1,0.125
2021-02-21,Yang Ming,1,123.6,3.0,11230,1,1.0
2021-02-22,APM Terminals,8,91.4,2.1875,66200,1,0.125
2021-02-22,China Shipping,4,85.575,1.8250000000000002,38666,2,0.5
2021-02-22,Everport,5,87.58,2.08,48926,0,0.0
2021-02-22,TraPac,5,82.94,2.94,76276,1,0.2
2021-02-22,Yang Ming,6,83.68333333333334,2.3000000000000003,60978,0,0.0
2021-02-23,APM Terminals,5,97.46000000000001,2.7199999999999998,61698,0,0.0
2021-02-23,China Shipping,9,88.1,2.3666666666666667,94021,0,0.0
2021-02-23,Everport,7,90.38571428571429,1.9000000000000001,68421,2,0.286
2021-02-23,TraPac,5,91.4,2.56,64828,2,0.4
2021-02-23,Yang Ming,4,92.35,1.9,28040,1,0.25
2021-02-24,APM Terminals,9,93.16666666666667,1.6444444444444446,79130,1,0.111
2021-02-24,China Shipping,2,87.05000000000001,2.1,27822,0,0.0
2021-02-24,Everport,7,92.77142857142857,1.8142857142857143,59587,0,0.0
2021-02-24,TraPac,7,84.58571428571429,2.085714285714286,70083,2,0.286
2021-02-24,Yang Ming,3,94.26666666666667,2.466666666666667,30335,0,0.0
2021-02-25,APM Terminals,6,89.41666666666667,2.3000000000000003,56090,1,0.167
2021-02-25,China Shipping,6,88.36666666666667,2.0166666666666666,53832,1,0.167
2021-02-25,Everport,4,90.4,2.625,29552,2,0.5
2021-02-25,TraPac,7,90.92857142857143,2.0,59739,2,0.286
2021-02-25,Yang Ming,4,85.525,2.5,44958,0,0.0
2021-02-26,APM Terminals,3,93.0,2.233333333333333,24245,1,0.333
2021-02-26,China Shipping,11,92.60909090909091,2.1636363636363636,123995,0,0.0
2021-02-26,Everport,6,94.64999999999999,2.3,69400,0,0.0
2021-02-26,TraPac,6,85.41666666666667,2.1,65407,0,0.0
2021-02-26,Yang Ming,5,92.03999999999999,1.8399999999999999,43361,0,0.0
2021-02-27,APM Terminals,2,104.05,2.2,23263,0,0.0
2021-02-27,China Shipping,1,79.3,3.0,15708,0,0.0
2021-02-27,Everport,5,84.56,2.2600000000000002,51316,0,0.0
2021-02-27,TraPac,3,79.03333333333333,2.1666666666666665,34189,0,0.0
2021-02-27,Yang Ming,3,87.39999999999999,2.033333333333333,24769,0,0.0
2021-02-28,APM Terminals,7,98.11428571428571,2.3285714285714287,84801,1,0.143
2021-02-28,China Shipping,1,90.2,3.1,15801,0,0.0
2021-02-28,Everport,7,91.5,2.4714285714285715,82717,0,0.0
2021-02-28,TraPac,5,90.8,2.42,57684,2,0.4
2021-02-28,Yang Ming,4,78.35000000000001,1.8,23640,1,0.25
2021-03-01,APM Terminals,1,128.8,3.5,15576,0,0.0
2021-03-01,China Shipping,4,90.75,2.425,46821,0,0.0
2021-03-01,Everport,5,89.94,2.2600000000000002,47976,0,0.0
2021-03-01,TraPac,5,94.5,1.9,40881,0,0.0
2021-03-01,Yang Ming,4,91.55,2.575,54139,2,0.5
2021-03-02,APM Terminals,6,87.78333333333335,2.0500000000000003,55862,1,0.167
2021-03-02,China Shipping,10,85.46000000000001,1.8800000000000001,84351,2,0.2
2021-03-02,Everport,6,93.08333333333333,1.9666666666666666,55367,0,0.0
2021-03-02,TraPac,4,86.1,2.25,50944,0,0.0
2021-03-02,Yang Ming,7,79.02857142857144,2.2857142857142856,74914,0,0.0
2021-03-03,APM Terminals,5,87.02,2.08,52526,1,0.2
2021-03-03,China Shipping,10,90.39,1.8199999999999998,72272,2,0.2
2021-03-03,Everport,6,71.56666666666666,1.7333333333333334,38235,0,0.0
2021-03-03,TraPac,4,87.475,2.175,30521,1,0.25
2021-03-03,Yang Ming,4,87.35,3.125,60474,2,0.5
2021-03-04,APM Terminals,3,92.13333333333333,2.2666666666666666,38272,0,0.0
2021-03-04,Everport,4,99.30000000000001,1.9500000000000002,25835,1,0.25
2021-03-04,TraPac,10,85.17999999999999,2.2,102866,2,0.2
2021-03-04,Yang Ming,7,94.82857142857142,1.9428571428571428,61839,0,0.0
2021-03-05,APM Terminals,5,77.74,2.2199999999999998,64310,0,0.0
2021-03-05,China Shipping,1,95.1,2.7,10668,0,0.0
2021-03-05,Everport,3,99.2,2.8333333333333335,48361,1,0.333
2021-03-05,TraPac,1,92.4,1.1,844,0,0.0
2021-03-05,Yang Ming,8,86.1125,1.95,83359,3,0.375
2021-03-06,APM Terminals,4,81.625,1.85,31801,2,0.5
2021-03-06,China Shipping,11,87.13636363636364,2.0727272727272728,124604,4,0.364
2021-03-06,Everport,7,77.21428571428571,1.8000000000000003,59656,0,0.0
2021-03-06,TraPac,4,85.85,2.275,38997,2,0.5
2021-03-06,Yang Ming,4,90.0,2.375,37218,1,0.25
2021-03-07,APM Terminals,6,90.3,1.8333333333333333,63644,1,0.167
2021-03-07,China Shipping,1,66.4,1.5,2393,1,1.0
2021-03-07,Everport,4,86.4,2.0,30598,2,0.5
2021-03-07,TraPac,5,89.53999999999999,2.3200000000000003,50903,0,0.0
2021-03-07,Yang Ming,5,92.48,2.0,41813,1,0.2
2021-03-08,APM Terminals,6,102.45,2.0833333333333335,55504,0,0.0
2021-03-08,China Shipping,7,89.14285714285714,2.442857142857143,88807,0,0.0
2021-03-08,Everport,4,84.775,1.7249999999999999,15822,0,0.0
2021-03-08,TraPac,8,83.1,2.4625,90025,0,0.0
2021-03-08,Yang Ming,5,88.32000000000001,1.8599999999999999,27418,0,0.0
2021-03-09,APM Terminals,7,93.47142857142856,2.414285714285714,89324,0,0.0
2021-03-09,China Shipping,7,87.07142857142857,2.0,75183,3,0.429
2021-03-09,Everport,7,95.78571428571429,2.357142857142857,78039,2,0.286
2021-03-09,TraPac,8,89.0,2.225,90733,0,0.0
2021-03-09,Yang Ming,4,85.65,1.825,24804,1,0.25
2021-03-10,APM Terminals,7,85.75714285714285,2.242857142857143,71905,0,0.0
2021-03-10,China Shipping,7,85.8,2.2,55046,4,0.571
2021-03-10,Everport,1,82.9,2.7,11206,0,0.0
2021-03-10,TraPac,8,91.9375,1.95,65416,0,0.0
2021-03-10,Yang Ming,4,77.9,2.35,54001,1,0.25
2021-03-11,APM Terminals,4,90.425,2.075,25494,0,0.0
2021-03-11,China Shipping,4,87.1,2.5,45380,2,0.5
2021-03-11,Everport,7,81.67142857142858,2.357142857142857,68058,0,0.0
2021-03-11,TraPac,5,80.24,1.78,40741,0,0.0
2021-03-11,Yang Ming,4,94.075,1.35,27125,1,0.25
2021-03-12,APM Terminals,1,104.3,1.4,6606,1,1.0
2021-03-12,China Shipping,5,97.24,1.6800000000000002,35830,2,0.4
2021-03-12,Everport,5,103.34,2.16,42194,2,0.4
2021-03-12,TraPac,8,85.4125,2.4,82836,1,0.125
2021-03-12,Yang Ming,3,93.43333333333334,2.566666666666667,28260,0,0.0
2021-03-13,APM Terminals,6,94.58333333333333,2.3833333333333333,63585,0,0.0
2021-03-13,China Shipping,7,92.52857142857144,2.3714285714285714,55727,3,0.429
2021-03-13,Everport,5,94.34,2.2199999999999998,50102,0,0.0
2021-03-13,TraPac,5,102.14,2.1799999999999997,37747,0,0.0
2021-03-13,Yang Ming,5,89.72,2.32,52872,2,0.4
2021-03-14,APM Terminals,3,96.33333333333333,1.7,23551,0,0.0
2021-03-14,China Shipping,7,100.62857142857142,1.9857142857142858,69227,1,0.143
2021-03-14,Everport,9,90.62222222222222,2.2222222222222223,107023,0,0.0
2021-03-14,TraPac,3,90.03333333333335,2.1999999999999997,29435,0,0.0
2021-03-14,Yang Ming,1,105.9,3.2,15812,0,0.0
2021-03-15,APM Terminals,11,90.9090909090909,2.2636363636363637,134178,1,0.091
2021-03-15,China Shipping,4,94.425,1.65,24660,1,0.25
2021-03-15,Everport,5,100.88,2.2,42969,2,0.4
2021-03-15,TraPac,5,96.16,2.12,32505,1,0.2
2021-03-15,Yang Ming,9,87.98888888888888,2.2333333333333334,85215,0,0.0
2021-03-16,APM Terminals,4,91.2,2.175,29563,0,0.0
2021-03-16,China Shipping,7,75.02857142857144,1.842857142857143,70180,1,0.143
2021-03-16,Everport,5,84.6,1.8399999999999999,50395,0,0.0
2021-03-16,TraPac,3,92.96666666666665,2.4333333333333336,39550,0,0.0
2021-03-16,Yang Ming,2,95.5,1.9500000000000002,26801,0,0.0
2021-03-17,APM Terminals,9,89.3111111111111,2.1333333333333333,80662,2,0.222
2021-03-17,China Shipping,6,93.35000000000001,2.1333333333333333,50671,1,0.167
2021-03-17,Everport,6,84.01666666666667,2.1666666666666665,58701,2,0.333
2021-03-17,TraPac,4,100.95,2.35,36530,0,0.0
2021-03-17,Yang Ming,4,93.725,1.5,23835,1,0.25
2021-03-18,APM Terminals,3,91.03333333333335,2.566666666666667,27212,1,0.333
2021-03-18,China Shipping,6,90.91666666666667,1.9833333333333332,46533,2,0.333
2021-03-18,Everport,3,83.56666666666666,2.433333333333333,33815,0,0.0
2021-03-18,TraPac,8,87.6875,2.125,83460,2,0.25
2021-03-18,Yang Ming,5,88.0,1.92,59770,1,0.2
2021-03-19,APM Terminals,5,88.36,2.3600000000000003,58440,0,0.0
2021-03-19,China Shipping,2,82.19999999999999,3.05,28446,0,0.0
2021-03-19,Everport,4,82.475,2.25,40682,0,0.0
2021-03-19,TraPac,9,91.92222222222222,1.8111111111111111,59033,1,0.111
2021-03-19,Yang Ming,5,108.96,2.06,45770,0,0.0
2021-03-20,APM Terminals,5,99.16,2.04,43769,1,0.2
2021-03-20,China Shipping,3,98.63333333333333,1.9333333333333333,23327,1,0.333
2021-03-20,Everport,1,120.9,1.8,2225,0,0.0
2021-03-20,TraPac,9,102.96666666666667,1.8777777777777775,77609,1,0.111
2021-03-20,Yang Ming,4,89.175,1.6749999999999998,26763,1,0.25
2021-03-21,APM Terminals,7,94.88571428571429,2.2714285714285714,67240,1,0.143
2021-03-21,China Shipping,5,83.17999999999999,2.3600000000000003,61831,0,0.0
2021-03-21,Everport,6,96.5,2.066666666666667,46972,1,0.167
2021-03-21,TraPac,7,83.94285714285715,2.257142857142857,64283,1,0.143
2021-03-21,Yang Ming,6,92.63333333333333,2.1166666666666667,69510,1,0.167
2021-03-22,APM Terminals,4,91.8,1.925,41283,0,0.0
2021-03-22,China Shipping,8,86.91250000000001,1.6625,69354,3,0.375
2021-03-22,Everport,6,86.75,1.8166666666666667,55629,2,0.333
2021-03-22,TraPac,4,95.25,2.375,39312,0,0.0
2021-03-22,Yang Ming,8,89.175,2.025,70026,0,0.0
2021-03-23,APM Terminals,7,91.52857142857144,1.8285714285714287,74370,1,0.143
2021-03-23,China Shipping,6,91.25,2.316666666666667,82395,2,0.333
2021-03-23,Everport,11,90.89999999999999,2.0,104136,2,0.182
2021-03-23,TraPac,10,89.42999999999999,2.1,103482,0,0.0
2021-03-23,Yang Ming,3,87.60000000000001,1.9666666666666668,19914,1,0.333
2021-03-24,APM Terminals,3,81.3,1.8,23570,1,0.333
2021-03-24,China Shipping,3,94.2,2.766666666666667,34083,1,0.333
2021-03-24,Everport,2,65.55,1.8499999999999999,18165,2,1.0
2021-03-24,TraPac,6,91.21666666666665,2.0,57504,1,0.167
2021-03-24,Yang Ming,6,95.01666666666667,1.7666666666666666,49295,1,0.167
2021-03-25,APM Terminals,3,93.36666666666667,2.033333333333333,33782,1,0.333
2021-03-25,China Shipping,5,86.46000000000001,2.06,41197,1,0.2
2021-03-25,Everport,7,87.71428571428571,2.028571428571429,59433,1,0.143
2021-03-25,TraPac,5,102.64000000000001,1.7600000000000002,45296,1,0.2
2021-03-25,Yang Ming,5,93.74000000000001,2.1,47693,1,0.2
2021-03-26,APM Terminals,6,91.51666666666667,2.266666666666667,48152,0,0.0
2021-03-26,China Shipping,4,82.675,2.0,33196,1,0.25
2021-03-26,Everport,2,67.95,2.5,27372,1,0.5
2021-03-26,TraPac,6,91.0,2.066666666666667,69058,1,0.167
2021-03-26,Yang Ming,5,85.16,2.68,70244,1,0.2
2021-03-27,APM Terminals,5,88.24,2.1,49860,1,0.2
2021-03-27,China Shipping,5,103.12,1.8,46106,1,0.2
2021-03-27,Everport,1,87.7,2.0,6521,0,0.0
2021-03-27,TraPac,4,90.35,2.6,50271,1,0.25
2021-03-27,Yang Ming,1,96.7,2.7,16349,0,0.0
2021-03-28,APM Terminals,5,90.35999999999999,2.2399999999999998,56304,1,0.2
2021-03-28,China Shipping,5,88.03999999999999,2.2800000000000002,61562,0,0.0
2021-03-28,Everport,8,90.325,2.475,85425,1,0.125
2021-03-28,TraPac,5,98.55999999999999,1.72,35945,1,0.2
2021-03-28,Yang Ming,7,83.51428571428572,2.085714285714286,77343,1,0.143
2021-03-29,APM Terminals,7,93.18571428571428,1.8857142857142857,65436,2,0.286
2021-03-29,China Shipping,8,88.6875,2.4,92031,2,0.25
2021-03-29,Everport,11,87.37272727272727,1.6454545454545455,71387,1,0.091
2021-03-29,TraPac,6,96.01666666666667,2.15,64238,1,0.167
2021-03-29,Yang Ming,1,76.7,2.3,10269,0,0.0
2021-03-30,APM Terminals,3,74.63333333333333,1.6333333333333335,26741,0,0.0
2021-03-30,China Shipping,5,88.2,1.8800000000000001,53732,0,0.0
2021-03-30,Everport,3,101.89999999999999,2.2333333333333334,23988,0,0.0
2021-03-30,TraPac,5,79.94,2.34,54892,0,0.0
2021-03-30,Yang Ming,4,86.35,2.3499999999999996,35503,1,0.25
2021-03-31,APM Terminals,9,82.0,1.8444444444444446,73099,0,0.0
2021-03-31,China Shipping,6,88.73333333333333,1.9833333333333334,57240,1,0.167
2021-03-31,Everport,6,93.39999999999999,1.9333333333333336,56188,0,0.0
2021-03-31,TraPac,4,78.5,1.6,26656,0,0.0
2021-03-31,Yang Ming,7,86.57142857142857,2.0714285714285716,75265,1,0.143
2021-04-01,APM Terminals,5,85.96,2.1,40015,0,0.0
2021-04-01,China Shipping,10,90.72999999999999,2.18,106371,3,0.3
2021-04-01,Everport,7,94.7,2.1285714285714286,70602,1,0.143
2021-04-01,TraPac,4,86.1,2.25,41394,1,0.25
2021-04-01,Yang Ming,5,91.78,1.7,41649,1,0.2
2021-04-02,APM Terminals,6,88.88333333333333,2.1999999999999997,49799,1,0.167
2021-04-02,China Shipping,2,86.94999999999999,2.4,21844,0,0.0
2021-04-02,Everport,7,81.89999999999999,2.8285714285714287,87978,3,0.429
2021-04-02,TraPac,6,96.16666666666667,2.4,63079,0,0.0
2021-04-02,Yang Ming,2,94.05,2.3,22643,0,0.0
2021-04-03,APM Terminals,3,87.86666666666667,2.0,23530,0,0.0
2021-04-03,China Shipping,7,95.62857142857142,2.2857142857142856,74864,2,0.286
2021-04-03,Everport,7,86.10000000000001,2.0,51148,2,0.286
2021-04-03,TraPac,7,83.38571428571429,2.042857142857143,63346,2,0.286
2021-04-03,Yang Ming,10,92.28999999999999,2.15,107466,2,0.2
2021-04-04,APM Terminals,7,87.58571428571429,1.8285714285714287,62872,3,0.429
2021-04-04,China Shipping,3,97.7,2.5,33181,0,0.0
2021-04-04,Everport,9,89.12222222222222,1.9444444444444444,92987,2,0.222
2021-04-04,TraPac,7,89.65714285714286,1.9285714285714286,54052,0,0.0
2021-04-04,Yang Ming,4,88.375,1.9500000000000002,29445,0,0.0
2021-04-05,APM Terminals,3,91.39999999999999,3.0666666666666664,48982,0,0.0
2021-04-05,China Shipping,4,85.975,1.8250000000000002,29967,0,0.0
2021-04-05,Everport,6,88.13333333333333,2.3333333333333335,71223,1,0.167
2021-04-05,TraPac,7,98.71428571428571,2.142857142857143,70963,2,0.286
2021-04-05,Yang Ming,5,88.1,2.16,56784,0,0.0
2021-04-06,APM Terminals,3,90.59999999999998,2.3666666666666667,36808,0,0.0
2021-04-06,China Shipping,6,101.08333333333333,1.4333333333333333,47932,1,0.167
2021-04-06,Everport,6,89.61666666666667,1.9000000000000001,54296,2,0.333
2021-04-06,TraPac,2,91.9,2.2,23318,0,0.0
2021-04-06,Yang Ming,4,107.075,1.9,42238,1,0.25
2021-04-07,APM Terminals,4,81.375,1.825,16781,1,0.25
2021-04-07,China Shipping,6,88.38333333333333,1.5166666666666666,46993,1,0.167
2021-04-07,Everport,4,101.325,2.075,36508,1,0.25
2021-04-07,TraPac,6,96.66666666666667,2.733333333333333,86296,1,0.167
2021-04-07,Yang Ming,6,93.75,2.4,77205,2,0.333
2021-04-08,APM Terminals,10,84.19,2.3600000000000003,109066,1,0.1
2021-04-08,China Shipping,6,87.85000000000001,2.0,58118,0,0.0
2021-04-08,Everport,10,88.85,2.3,101017,2,0.2
2021-04-08,TraPac,8,76.625,2.225,85716,0,0.0
2021-04-08,Yang Ming,10,97.84,2.0300000000000002,90235,1,0.1
2021-04-09,APM Terminals,4,84.425,1.8,35187,0,0.0
2021-04-09,China Shipping,5,94.0,1.72,39564,0,0.0
2021-04-09,Everport,6,84.91666666666667,2.1,69286,1,0.167
2021-04-09,TraPac,12,91.175,2.1,125404,1,0.083
2021-04-09,Yang Ming,9,91.82222222222222,2.033333333333333,83837,2,0.222
2021-04-10,APM Terminals,6,87.0,2.0833333333333335,66704,2,0.333
2021-04-10,China Shipping,9,78.22222222222223,2.022222222222222,89485,1,0.111
2021-04-10,Everport,4,89.325,1.875,36219,0,0.0
2021-04-10,TraPac,9,92.58888888888889,2.066666666666667,78315,2,0.222
2021-04-10,Yang Ming,7,86.44285714285715,2.0285714285714285,81686,1,0.143
2021-04-11,APM Terminals,9,102.32222222222222,2.0,72257,1,0.111
2021-04-11,China Shipping,4,85.05,1.9749999999999999,45508,1,0.25
2021-04-11,Everport,6,93.33333333333333,2.216666666666667,68111,2,0.333
2021-04-11,TraPac,5,88.64000000000001,2.2,52594,1,0.2
2021-04-11,Yang Ming,3,91.36666666666667,1.4000000000000001,16083,0,0.0
2021-04-12,APM Terminals,6,85.98333333333333,2.283333333333333,65561,0,0.0
2021-04-12,China Shipping,8,78.8375,1.625,60685,2,0.25
2021-04-12,Everport,4,103.275,2.05,39961,0,0.0
2021-04-12,TraPac,9,94.97777777777777,1.8333333333333333,74464,0,0.0
2021-04-12,Yang Ming,5,90.22,1.6199999999999999,33166,2,0.4
2021-04-13,APM Terminals,13,83.06153846153846,1.8076923076923077,109268,1,0.077
2021-04-13,China Shipping,6,93.0,2.433333333333333,82234,2,0.333
2021-04-13,Everport,8,91.7875,2.225,86430,0,0.0
2021-04-13,TraPac,7,95.38571428571429,1.9857142857142858,70226,0,0.0
2021-04-13,Yang Ming,8,93.1125,2.2875,81469,0,0.0
2021-04-14,APM Terminals,10,89.35,2.41,109116,0,0.0
2021-04-14,China Shipping,8,90.275,1.9375000000000002,65044,2,0.25
2021-04-14,Everport,3,104.46666666666665,3.0,44496,0,0.0
2021-04-14,TraPac,7,98.54285714285713,2.028571428571429,78959,1,0.143
2021-04-14,Yang Ming,4,98.3,1.325,22298,1,0.25
2021-04-15,APM Terminals,4,91.325,1.675,32510,0,0.0
2021-04-15,China Shipping,6,78.60000000000001,2.2333333333333334,63997,2,0.333
2021-04-15,Everport,6,94.28333333333332,2.15,52746,2,0.333
2021-04-15,TraPac,6,87.76666666666667,2.25,58482,1,0.167
2021-04-15,Yang Ming,4,93.05,2.3,43776,0,0.0
2021-04-16,APM Terminals,5,85.38,2.2,49870,2,0.4
2021-04-16,China Shipping,4,93.44999999999999,1.8499999999999999,39209,0,0.0
2021-04-16,Everport,6,92.14999999999999,1.9166666666666667,39334,0,0.0
2021-04-16,TraPac,6,93.03333333333335,2.25,60376,0,0.0
2021-04-16,Yang Ming,7,92.60000000000001,2.371428571428571,74812,0,0.0
2021-04-17,APM Terminals,5,84.6,1.9,44186,0,0.0
2021-04-17,China Shipping,9,86.5,2.033333333333333,92398,1,0.111
2021-04-17,Everport,5,96.92,2.2399999999999998,56354,1,0.2
2021-04-17,TraPac,6,77.53333333333335,1.8666666666666665,59941,0,0.0
2021-04-17,Yang Ming,4,99.95,1.65,31815,0,0.0
2021-04-18,APM Terminals,7,87.71428571428571,2.1142857142857143,50020,1,0.143
2021-04-18,China Shipping,1,84.9,2.5,10867,0,0.0
2021-04-18,Everport,4,81.725,1.725,26936,1,0.25
2021-04-18,TraPac,3,104.60000000000001,2.3000000000000003,30185,0,0.0
2021-04-18,Yang Ming,7,89.47142857142856,2.1285714285714286,63328,1,0.143
2021-04-19,APM Terminals,3,79.76666666666667,2.5,40106,0,0.0
2021-04-19,China Shipping,5,98.17999999999999,1.8399999999999999,41613,0,0.0
2021-04-19,Everport,4,101.75,2.075,30486,0,0.0
2021-04-19,TraPac,4,90.625,1.675,35222,2,0.5
2021-04-19,Yang Ming,7,101.89999999999999,2.1142857142857143,82273,1,0.143
2021-04-20,APM Terminals,6,109.68333333333334,1.9000000000000001,55990,2,0.333
2021-04-20,China Shipping,6,100.53333333333335,1.9000000000000001,50308,0,0.0
2021-04-20,Everport,9,91.12222222222222,1.8111111111111111,65454,3,0.333
2021-04-20,TraPac,4,83.575,1.7,20967,1,0.25
2021-04-20,Yang Ming,6,99.33333333333333,1.75,47459,1,0.167
2021-04-21,APM Terminals,1,81.5,2.0,15907,0,0.0
2021-04-21,China Shipping,4,90.675,2.2,50515,0,0.0
2021-04-21,Everport,8,88.1375,1.9249999999999998,56924,2,0.25
2021-04-21,TraPac,7,85.45714285714287,2.2285714285714286,69923,2,0.286
2021-04-21,Yang Ming,2,107.94999999999999,2.1500000000000004,22454,0,0.0
2021-04-22,APM Terminals,9,93.81111111111112,2.2777777777777777,93183,0,0.0
2021-04-22,China Shipping,7,96.7,2.242857142857143,77247,1,0.143
2021-04-22,Everport,5,85.94,2.3,41940,1,0.2
2021-04-22,TraPac,2,95.9,2.4,21432,1,0.5
2021-04-22,Yang Ming,10,86.84,1.9899999999999998,93202,3,0.3
2021-04-23,APM Terminals,6,90.38333333333333,2.15,61839,1,0.167
2021-04-23,China Shipping,6,88.08333333333333,2.0,58521,3,0.5
2021-04-23,Everport,2,92.05,2.65,27774,0,0.0
2021-04-23,TraPac,7,97.8,2.1142857142857143,48410,1,0.143
2021-04-23,Yang Ming,8,83.25,2.325,82141,1,0.125
2021-04-24,APM Terminals,6,93.88333333333333,2.283333333333333,75509,0,0.0
2021-04-24,China Shipping,9,97.05555555555556,2.1222222222222222,85279,4,0.444
2021-04-24,Everport,3,95.23333333333333,2.1666666666666665,29908,1,0.333
2021-04-24,TraPac,6,90.03333333333335,1.8666666666666665,58232,1,0.167
2021-04-24,Yang Ming,9,94.35555555555555,2.1444444444444444,83848,0,0.0
2021-04-25,APM Terminals,7,89.12857142857142,1.9285714285714286,41749,0,0.0
2021-04-25,China Shipping,5,92.62,2.34,57262,1,0.2
2021-04-25,Everport,6,90.41666666666667,2.033333333333333,62095,1,0.167
2021-04-25,TraPac,7,78.78571428571429,2.2857142857142856,72883,1,0.143
2021-04-25,Yang Ming,5,102.02000000000001,2.08,41748,0,0.0
2021-04-26,APM Terminals,4,92.175,1.85,43206,0,0.0
2021-04-26,China Shipping,7,88.51428571428572,1.8142857142857143,52046,2,0.286
2021-04-26,Everport,2,105.6,1.0,3372,0,0.0
2021-04-26,TraPac,6,99.75,2.0166666666666666,66661,1,0.167
2021-04-26,Yang Ming,5,80.5,2.66,65653,1,0.2
2021-04-27,China Shipping,6,91.01666666666667,2.2333333333333334,76335,0,0.0
2021-04-27,Everport,7,91.42857142857143,1.842857142857143,57005,2,0.286
2021-04-27,TraPac,2,75.1,2.85,26268,0,0.0
2021-04-27,Yang Ming,5,84.5,2.54,70778,3,0.6
2021-04-28,APM Terminals,6,90.14999999999999,2.15,63992,1,0.167
2021-04-28,China Shipping,10,95.91,2.08,92443,4,0.4
2021-04-28,Everport,4,96.325,2.25,45521,0,0.0
2021-04-28,TraPac,5,94.96000000000001,2.12,45137,2,0.4
2021-04-28,Yang Ming,3,80.3,2.1,32778,2,0.667
2021-04-29,APM Terminals,5,98.84,2.04,56702,1,0.2
2021-04-29,China Shipping,3,66.76666666666667,2.2666666666666666,34719,0,0.0
2021-04-29,Everport,6,95.89999999999999,2.15,47189,1,0.167
2021-04-29,TraPac,10,83.37,2.25,98316,0,0.0
2021-04-29,Yang Ming,3,89.2,2.733333333333333,47548,0,0.0
2021-04-30,APM Terminals,6,93.01666666666667,1.9666666666666668,58292,0,0.0
2021-04-30,China Shipping,7,93.89999999999999,1.885714285714286,62731,1,0.143
2021-04-30,Everport,9,89.1888888888889,1.6888888888888889,59867,3,0.333
2021-04-30,TraPac,4,87.35,1.725,27430,2,0.5
2021-04-30,Yang Ming,2,79.8,2.15,22199,1,0.5
2021-05-01,APM Terminals,9,87.96666666666665,2.3333333333333335,95908,2,0.222
2021-05-01,China Shipping,5,89.36,2.32,57370,1,0.2
2021-05-01,Everport,6,90.36666666666667,1.9166666666666667,64399,2,0.333
2021-05-01,TraPac,7,84.67142857142858,1.7428571428571427,55553,3,0.429
2021-05-01,Yang Ming,6,86.3,2.033333333333333,61148,1,0.167
2021-05-02,APM Terminals,3,96.83333333333333,2.566666666666667,42515,1,0.333
2021-05-02,China Shipping,10,98.31,2.13,103688,1,0.1
2021-05-02,Everport,10,86.77000000000001,2.4,115462,2,0.2
2021-05-02,TraPac,6,80.06666666666666,2.433333333333333,74168,0,0.0
2021-05-02,Yang Ming,12,86.11666666666667,2.1166666666666667,109211,3,0.25
2021-05-03,APM Terminals,3,101.23333333333333,2.3666666666666667,40350,0,0.0
2021-05-03,China Shipping,6,86.63333333333333,1.8833333333333335,48540,1,0.167
2021-05-03,Everport,9,92.0,1.8333333333333333,79015,2,0.222
2021-05-03,TraPac,6,85.8,1.75,61583,1,0.167
2021-05-03,Yang Ming,5,93.78,2.6599999999999997,58388,0,0.0
2021-05-04,APM Terminals,9,87.47777777777777,2.3666666666666667,100998,1,0.111
2021-05-04,China Shipping,5,92.22,1.72,57532,1,0.2
2021-05-04,Everport,4,74.675,2.275,41761,0,0.0
2021-05-04,TraPac,7,89.82857142857142,2.042857142857143,58044,1,0.143
2021-05-04,Yang Ming,3,99.66666666666667,2.9333333333333336,31871,0,0.0
2021-05-05,APM Terminals,6,91.93333333333334,1.9333333333333333,63525,1,0.167
2021-05-05,China Shipping,3,81.56666666666666,1.5,10227,0,0.0
2021-05-05,Everport,4,76.175,1.525,21164,2,0.5
2021-05-05,TraPac,8,78.2,1.85,88631,0,0.0
2021-05-05,Yang Ming,7,86.71428571428571,2.142857142857143,64974,1,0.143
2021-05-06,APM Terminals,7,91.95714285714287,2.1,67043,2,0.286
2021-05-06,China Shipping,3,72.46666666666667,2.033333333333333,32805,1,0.333
2021-05-06,Everport,7,97.44285714285715,1.7,49941,0,0.0
2021-05-06,TraPac,5,80.47999999999999,2.0200000000000005,46732,1,0.2
2021-05-06,Yang Ming,8,84.925,1.85,77350,2,0.25
2021-05-07,APM Terminals,2,101.8,2.3499999999999996,25845,0,0.0
2021-05-07,China Shipping,7,88.38571428571429,2.3285714285714287,84364,0,0.0
2021-05-07,Everport,4,86.475,2.725,43808,1,0.25
2021-05-07,TraPac,7,88.8,1.957142857142857,60230,3,0.429
2021-05-07,Yang Ming,8,85.5875,2.125,82481,1,0.125
2021-05-08,APM Terminals,5,90.53999999999999,2.1399999999999997,51015,0,0.0
2021-05-08,China Shipping,5,93.42,2.42,64174,0,0.0
2021-05-08,Everport,6,89.03333333333335,1.7833333333333332,48041,1,0.167
2021-05-08,TraPac,5,94.67999999999999,2.12,38389,2,0.4
2021-05-08,Yang Ming,9,85.35555555555555,2.0555555555555554,83172,0,0.0
2021-05-09,APM Terminals,7,90.27142857142857,1.9428571428571428,65639,0,0.0
2021-05-09,China Shipping,7,104.95714285714287,2.314285714285714,70780,1,0.143
2021-05-09,Everport,10,90.07000000000001,2.29,108541,1,0.1
2021-05-09,TraPac,4,85.15,2.35,43420,2,0.5
2021-05-09,Yang Ming,6,87.60000000000001,1.8499999999999999,62636,0,0.0
2021-05-10,APM Terminals,6,83.76666666666667,2.1999999999999997,64051,1,0.167
2021-05-10,China Shipping,5,87.34,2.12,46226,0,0.0
2021-05-10,Everport,3,95.23333333333333,1.866666666666667,14827,0,0.0
2021-05-10,TraPac,6,85.23333333333333,1.6833333333333333,46820,1,0.167
2021-05-10,Yang Ming,6,89.96666666666665,2.066666666666667,58774,1,0.167
2021-05-11,APM Terminals,6,91.83333333333333,2.0166666666666666,51395,1,0.167
2021-05-11,China Shipping,9,84.57777777777778,1.9666666666666666,82386,0,0.0
2021-05-11,Everport,7,92.12857142857142,2.5142857142857147,85493,4,0.571
2021-05-11,TraPac,3,96.5,2.1666666666666665,40541,0,0.0
2021-05-11,Yang Ming,5,94.74,2.38,51965,1,0.2
2021-05-12,APM Terminals,11,94.61818181818181,2.2545454545454544,117539,0,0.0
2021-05-12,China Shipping,3,86.09999999999998,2.0,29264,0,0.0
2021-05-12,Everport,7,78.78571428571429,2.414285714285714,89442,1,0.143
2021-05-12,TraPac,5,97.74,2.4,56275,1,0.2
2021-05-12,Yang Ming,5,95.42,1.46,29885,2,0.4
2021-05-13,APM Terminals,12,95.60833333333333,2.1750000000000003,126527,2,0.167
2021-05-13,China Shipping,8,97.0375,2.2625,74339,1,0.125
2021-05-13,Everport,4,87.825,2.3,45016,2,0.5
2021-05-13,TraPac,1,87.3,3.3,16911,1,1.0
2021-05-13,Yang Ming,7,88.05714285714285,2.5714285714285716,86772,1,0.143
2021-05-14,APM Terminals,2,92.75,2.7,21437,0,0.0
2021-05-14,China Shipping,5,91.47999999999999,2.12,46683,0,0.0
2021-05-14,Everport,5,97.97999999999999,2.34,51849,0,0.0
2021-05-14,TraPac,6,93.75,2.033333333333333,66732,0,0.0
2021-05-14,Yang Ming,1,89.4,2.5,16218,0,0.0
2021-05-15,APM Terminals,4,83.67500000000001,1.825,21653,1,0.25
2021-05-15,China Shipping,6,90.0,1.8333333333333333,39281,1,0.167
2021-05-15,Everport,5,86.2,2.3,54876,2,0.4
2021-05-15,TraPac,4,83.325,1.725,32118,0,0.0
2021-05-15,Yang Ming,6,94.56666666666666,1.75,40945,0,0.0
2021-05-16,APM Terminals,6,91.53333333333335,2.0833333333333335,57478,2,0.333
2021-05-16,China Shipping,10,102.21000000000001,1.9899999999999998,92077,2,0.2
2021-05-16,Everport,4,90.05,2.15,35761,1,0.25
2021-05-16,TraPac,6,83.10000000000001,2.3666666666666667,77182,1,0.167
2021-05-16,Yang Ming,3,95.0,1.8333333333333333,19261,0,0.0
2021-05-17,APM Terminals,4,86.55000000000001,2.0,37468,2,0.5
2021-05-17,China Shipping,6,101.39999999999999,2.1,73437,0,0.0
2021-05-17,Everport,6,97.08333333333333,2.1333333333333333,63425,0,0.0
2021-05-17,TraPac,4,88.225,1.375,24694,1,0.25
2021-05-17,Yang Ming,5,92.82000000000001,1.86,40469,2,0.4
2021-05-18,APM Terminals,3,99.39999999999999,2.1999999999999997,33032,0,0.0
2021-05-18,China Shipping,6,80.96666666666667,2.1999999999999997,71666,2,0.333
2021-05-18,Everport,6,96.16666666666667,2.2666666666666666,61924,0,0.0
2021-05-18,TraPac,3,90.5,2.3000000000000003,38055,1,0.333
2021-05-18,Yang Ming,3,87.03333333333335,2.1,34796,0,0.0
2021-05-19,APM Terminals,3,76.3,2.6999999999999997,43288,1,0.333
2021-05-19,China Shipping,4,86.075,1.6,35438,1,0.25
2021-05-19,Everport,7,90.92857142857143,1.8571428571428572,32971,1,0.143
2021-05-19,TraPac,4,108.02499999999999,2.75,58849,0,0.0
2021-05-19,Yang Ming,7,86.72857142857143,2.185714285714286,59308,0,0.0
2021-05-20,APM Terminals,7,83.08571428571429,2.2714285714285714,63973,3,0.429
2021-05-20,China Shipping,7,91.11428571428571,2.3428571428571425,72402,0,0.0
2021-05-20,Everport,5,90.62,2.44,50515,1,0.2
2021-05-20,TraPac,6,76.35000000000001,2.266666666666667,66397,2,0.333
2021-05-20,Yang Ming,6,88.51666666666667,2.1666666666666665,58220,0,0.0
2021-05-21,APM Terminals,4,92.375,2.15,37418,1,0.25
2021-05-21,China Shipping,7,84.27142857142857,2.1142857142857143,76070,3,0.429
2021-05-21,Everport,6,97.25,1.8,53380,0,0.0
2021-05-21,TraPac,3,88.26666666666667,2.466666666666667,34584,0,0.0
2021-05-21,Yang Ming,8,88.75,2.0125,76089,3,0.375
2021-05-22,APM Terminals,5,90.86,2.3600000000000003,54926,1,0.2
2021-05-22,China Shipping,10,93.76,1.75,80918,3,0.3
2021-05-22,Everport,3,81.5,2.3666666666666667,33007,2,0.667
2021-05-22,TraPac,9,89.69999999999999,2.2666666666666666,100379,2,0.222
2021-05-22,Yang Ming,6,91.03333333333335,2.4499999999999997,72962,2,0.333
2021-05-23,APM Terminals,9,78.1888888888889,2.2666666666666666,98936,0,0.0
2021-05-23,China Shipping,7,98.17142857142858,2.0714285714285716,55263,1,0.143
2021-05-23,Everport,2,83.6,2.05,20630,1,0.5
2021-05-23,TraPac,3,80.83333333333333,1.6666666666666667,19556,2,0.667
2021-05-23,Yang Ming,1,94.5,1.6,11025,0,0.0
2021-05-24,APM Terminals,2,98.45,3.05,31322,0,0.0
2021-05-24,China Shipping,8,89.15,1.825,67861,2,0.25
2021-05-24,Everport,2,82.30000000000001,2.1,22584,1,0.5
2021-05-24,TraPac,6,92.38333333333333,1.75,52147,0,0.0
2021-05-24,Yang Ming,4,84.175,1.975,34623,0,0.0
2021-05-25,APM Terminals,8,97.675,2.4375,101323,1,0.125
2021-05-25,China Shipping,3,82.03333333333335,2.966666666666667,43644,0,0.0
2021-05-25,Everport,6,100.61666666666667,2.1,48900,1,0.167
2021-05-25,TraPac,3,79.39999999999999,1.866666666666667,28483,0,0.0
2021-05-25,Yang Ming,6,82.63333333333334,2.066666666666667,53806,1,0.167
2021-05-26,APM Terminals,5,91.34,2.2600000000000002,65317,0,0.0
2021-05-26,China Shipping,7,87.22857142857143,2.5142857142857147,94403,1,0.143
2021-05-26,Everport,5,91.7,1.8800000000000001,39386,1,0.2
2021-05-26,TraPac,4,92.85,1.4,21665,1,0.25
2021-05-26,Yang Ming,5,97.94,2.16,29675,1,0.2
2021-05-27,APM Terminals,4,85.275,1.95,32478,0,0.0
2021-05-27,China Shipping,7,88.27142857142857,2.2142857142857144,66859,2,0.286
2021-05-27,Everport,7,92.01428571428572,2.4,70060,0,0.0
2021-05-27,TraPac,7,84.61428571428571,2.185714285714286,58100,0,0.0
2021-05-27,Yang Ming,7,99.5,2.414285714285714,79550,2,0.286
2021-05-28,APM Terminals,4,100.725,2.275,43407,0,0.0
2021-05-28,China Shipping,3,102.7,2.533333333333333,39366,0,0.0
2021-05-28,Everport,2,99.5,2.15,17857,0,0.0
2021-05-28,TraPac,9,91.02222222222223,2.388888888888889,107621,1,0.111
2021-05-28,Yang Ming,3,82.39999999999999,1.5999999999999999,22764,0,0.0
2021-05-29,APM Terminals,11,91.19999999999999,2.0454545454545454,119767,1,0.091
2021-05-29,China Shipping,7,97.54285714285713,1.6285714285714286,55628,0,0.0
2021-05-29,Everport,7,86.51428571428572,2.257142857142857,74389,1,0.143
2021-05-29,TraPac,5,88.53999999999999,2.46,52155,1,0.2
2021-05-29,Yang Ming,5,99.36,2.12,40605,1,0.2
2021-05-30,APM Terminals,6,88.73333333333333,1.9666666666666668,49079,2,0.333
2021-05-30,China Shipping,6,92.53333333333335,1.9166666666666667,42566,1,0.167
2021-05-30,Everport,7,84.85714285714286,2.1999999999999997,71121,1,0.143
2021-05-30,TraPac,11,84.43636363636364,1.8454545454545455,100209,0,0.0
2021-05-30,Yang Ming,8,93.125,2.275,79292,0,0.0
2021-05-31,APM Terminals,6,80.25,2.466666666666667,57856,0,0.0
2021-05-31,China Shipping,2,87.05,2.7,21958,0,0.0
2021-05-31,Everport,10,85.84,2.27,112870,1,0.1
2021-05-31,TraPac,6,88.73333333333333,2.3666666666666667,76392,0,0.0
2021-05-31,Yang Ming,9,87.24444444444445,2.1666666666666665,91596,1,0.111
2021-06-01,APM Terminals,3,95.36666666666667,2.0333333333333337,42584,0,0.0
2021-06-01,China Shipping,2,76.45,2.5,23420,0,0.0
2021-06-01,Everport,4,94.875,1.4749999999999999,17607,0,0.0
2021-06-01,TraPac,4,91.925,1.925,28737,0,0.0
2021-06-01,Yang Ming,6,82.43333333333334,1.5166666666666666,41288,2,0.333
2021-06-02,APM Terminals,10,92.77000000000001,1.8800000000000001,88461,3,0.3
2021-06-02,China Shipping,4,90.775,1.975,21163,0,0.0
2021-06-02,Everport,10,94.85,1.83,78988,0,0.0
2021-06-02,TraPac,2,98.8,2.3,28060,0,0.0
2021-06-02,Yang Ming,1,101.4,2.4,10992,0,0.0
2021-06-03,APM Terminals,9,94.88888888888889,2.088888888888889,79984,1,0.111
2021-06-03,China Shipping,13,88.56923076923077,1.9615384615384615,110024,3,0.231
2021-06-03,Everport,5,87.53999999999999,2.34,64604,1,0.2
2021-06-03,TraPac,7,92.05714285714285,2.1285714285714286,78490,1,0.143
2021-06-03,Yang Ming,9,89.95555555555556,2.2,86596,0,0.0
2021-06-04,APM Terminals,12,87.83333333333333,2.0833333333333335,117910,1,0.083
2021-06-04,China Shipping,4,92.57499999999999,2.375,37046,0,0.0
2021-06-04,Everport,5,86.74,2.06,53840,1,0.2
2021-06-04,TraPac,6,78.88333333333334,2.1333333333333333,56846,1,0.167
2021-06-04,Yang Ming,4,83.30000000000001,2.1,41890,1,0.25
2021-06-05,APM Terminals,1,87.1,2.2,10364,0,0.0
2021-06-05,China Shipping,6,84.93333333333334,2.1999999999999997,64847,0,0.0
2021-06-05,Everport,3,89.56666666666666,2.9333333333333336,43168,0,0.0
2021-06-05,TraPac,7,86.68571428571428,2.1142857142857143,74326,0,0.0
2021-06-05,Yang Ming,6,83.73333333333333,1.7333333333333334,50885,2,0.333
2021-06-06,APM Terminals,6,94.81666666666666,2.0,56894,0,0.0
2021-06-06,China Shipping,3,76.60000000000001,2.1,28068,1,0.333
2021-06-06,Everport,9,93.63333333333334,1.9777777777777779,82114,2,0.222
2021-06-06,TraPac,7,91.12857142857142,2.7285714285714286,90516,0,0.0
2021-06-06,Yang Ming,3,99.23333333333333,1.9666666666666668,27322,0,0.0
2021-06-07,APM Terminals,9,93.12222222222222,2.1222222222222222,73526,2,0.222
2021-06-07,China Shipping,5,93.8,2.2199999999999998,55642,0,0.0
2021-06-07,Everport,9,78.32222222222222,2.433333333333333,91403,1,0.111
2021-06-07,TraPac,9,93.17777777777778,2.0999999999999996,89119,1,0.111
2021-06-07,Yang Ming,7,85.18571428571428,1.7142857142857142,50997,3,0.429
2021-06-08,APM Terminals,2,68.9,1.6,13663,0,0.0
2021-06-08,China Shipping,4,77.475,2.15,43112,0,0.0
2021-06-08,Everport,9,83.86666666666666,2.4222222222222225,92783,0,0.0
2021-06-08,TraPac,6,88.71666666666665,2.1166666666666667,59869,2,0.333
2021-06-08,Yang Ming,10,93.11,2.07,115968,0,0.0
2021-06-09,APM Terminals,2,82.5,1.9500000000000002,17804,0,0.0
2021-06-09,China Shipping,9,90.01111111111112,2.0777777777777775,92021,1,0.111
2021-06-09,Everport,7,91.18571428571428,1.9285714285714286,59882,1,0.143
2021-06-09,TraPac,7,84.27142857142857,1.7571428571428573,53576,2,0.286
2021-06-09,Yang Ming,9,88.64444444444445,2.011111111111111,82767,1,0.111
2021-06-10,APM Terminals,8,81.775,2.3625,87227,2,0.25
2021-06-10,China Shipping,1,94.1,0.7,834,0,0.0
2021-06-10,Everport,4,82.075,2.725,50287,0,0.0
2021-06-10,TraPac,5,93.98,2.7399999999999998,69105,0,0.0
2021-06-10,Yang Ming,12,89.89166666666667,2.091666666666667,128214,2,0.167
2021-06-11,APM Terminals,5,90.22,1.8399999999999999,29365,0,0.0
2021-06-11,China Shipping,7,88.95714285714287,2.2,68309,1,0.143
2021-06-11,Everport,5,90.3,2.34,50301,1,0.2
2021-06-11,TraPac,6,94.03333333333335,1.9000000000000001,61233,1,0.167
2021-06-11,Yang Ming,3,89.03333333333335,2.0,33924,0,0.0
2021-06-12,APM Terminals,6,84.65,1.9333333333333333,58199,1,0.167
2021-06-12,China Shipping,9,87.72222222222223,2.488888888888889,110524,1,0.111
2021-06-12,Everport,8,87.775,2.2,69664,1,0.125
2021-06-12,TraPac,6,88.2,2.35,60501,3,0.5
2021-06-12,Yang Ming,11,85.19090909090909,2.3181818181818183,117789,1,0.091
2021-06-13,APM Terminals,6,98.56666666666666,2.066666666666667,58772,1,0.167
2021-06-13,China Shipping,3,80.13333333333333,2.1333333333333333,27387,0,0.0
2021-06-13,Everport,8,89.1375,2.325,97662,3,0.375
2021-06-13,TraPac,2,91.9,1.5499999999999998,13926,0,0.0
2021-06-13,Yang Ming,4,99.325,1.7,27011,0,0.0
2021-06-14,APM Terminals,4,93.375,1.6,22313,0,0.0
2021-06-14,China Shipping,5,94.03999999999999,2.16,53142,1,0.2
2021-06-14,Everport,5,80.44,1.86,41883,1,0.2
2021-06-14,TraPac,5,80.52000000000001,2.2600000000000002,57952,0,0.0
2021-06-14,Yang Ming,7,89.77142857142857,2.442857142857143,68862,2,0.286
2021-06-15,APM Terminals,6,90.31666666666666,1.9166666666666667,57604,1,0.167
2021-06-15,China Shipping,6,89.98333333333333,1.9333333333333333,48844,1,0.167
2021-06-15,Everport,3,85.26666666666667,2.266666666666667,27670,0,0.0
2021-06-15,TraPac,3,95.13333333333333,2.3666666666666667,36608,1,0.333
2021-06-15,Yang Ming,9,95.41111111111111,2.4000000000000004,103982,2,0.222
2021-06-16,APM Terminals,5,105.44000000000001,1.8199999999999998,43074,0,0.0
2021-06-16,China Shipping,5,100.12,2.2600000000000002,47549,0,0.0
2021-06-16,Everport,9,85.45555555555556,2.111111111111111,80256,2,0.222
2021-06-16,TraPac,3,86.43333333333334,2.4,38158,0,0.0
2021-06-16,Yang Ming,6,89.11666666666667,1.9000000000000001,54081,2,0.333
2021-06-17,APM Terminals,4,78.0,1.9,34535,0,0.0
2021-06-17,China Shipping,6,88.01666666666667,1.8,39811,1,0.167
2021-06-17,Everport,6,85.88333333333333,2.2333333333333334,54173,2,0.333
2021-06-17,TraPac,7,100.08571428571429,2.3000000000000003,68247,1,0.143
2021-06-17,Yang Ming,6,79.33333333333333,1.7666666666666666,36334,0,0.0
2021-06-18,APM Terminals,4,78.825,2.375,52477,1,0.25
2021-06-18,China Shipping,9,90.26666666666667,2.0999999999999996,85149,1,0.111
2021-06-18,Everport,6,81.31666666666666,1.75,44072,3,0.5
2021-06-18,TraPac,6,94.35000000000001,2.066666666666667,59294,0,0.0
2021-06-18,Yang Ming,2,96.2,1.55,18009,0,0.0
2021-06-19,APM Terminals,7,83.51428571428572,2.6571428571428575,80910,2,0.286
2021-06-19,China Shipping,10,89.55,1.8199999999999998,78966,3,0.3
2021-06-19,Everport,3,91.56666666666666,1.3,9273,1,0.333
2021-06-19,TraPac,5,85.32000000000001,1.98,53488,1,0.2
2021-06-19,Yang Ming,6,84.45,1.9000000000000001,32875,1,0.167
2021-06-20,APM Terminals,5,70.7,2.2600000000000002,44259,0,0.0
2021-06-20,China Shipping,2,76.1,2.0,8283,0,0.0
2021-06-20,Everport,7,85.3,2.0,61984,0,0.0
2021-06-20,TraPac,7,97.14285714285714,2.142857142857143,56731,0,0.0
2021-06-20,Yang Ming,6,87.46666666666665,2.1333333333333333,48436,0,0.0
2021-06-21,APM Terminals,8,86.125,1.85,72737,1,0.125
2021-06-21,China Shipping,5,92.42,2.2,50823,0,0.0
2021-06-21,Everport,5,93.12,2.16,42130,1,0.2
2021-06-21,TraPac,4,90.9,2.2249999999999996,38145,1,0.25
2021-06-21,Yang Ming,6,86.96666666666665,1.8666666666666665,44783,3,0.5
2021-06-22,APM Terminals,4,82.6,1.85,18150,0,0.0
2021-06-22,China Shipping,6,90.56666666666666,2.5166666666666666,65650,0,0.0
2021-06-22,Everport,5,95.56,2.4799999999999995,60109,1,0.2
2021-06-22,TraPac,6,100.88333333333333,1.6666666666666667,29653,1,0.167
2021-06-22,Yang Ming,8,91.175,1.9375,84129,1,0.125
2021-06-23,APM Terminals,4,93.6,2.175,46008,1,0.25
2021-06-23,China Shipping,5,96.16,2.34,53332,1,0.2
2021-06-23,Everport,6,78.35000000000001,1.5999999999999999,52522,1,0.167
2021-06-23,TraPac,7,89.52857142857144,1.8571428571428572,65162,0,0.0
2021-06-23,Yang Ming,6,93.33333333333333,2.033333333333333,64619,1,0.167
2021-06-24,APM Terminals,5,90.44,2.68,77295,1,0.2
2021-06-24,China Shipping,9,87.3111111111111,2.2555555555555555,100888,2,0.222
2021-06-24,Everport,4,81.775,1.9,43388,1,0.25
2021-06-24,TraPac,5,89.2,1.8,40262,1,0.2
2021-06-24,Yang Ming,4,89.975,1.425,25516,1,0.25
2021-06-25,APM Terminals,7,91.18571428571428,2.457142857142857,79392,2,0.286
2021-06-25,China Shipping,7,88.45714285714284,1.6857142857142857,47498,0,0.0
2021-06-25,Everport,5,93.82000000000001,2.26,54374,0,0.0
2021-06-25,TraPac,2,71.5,2.45,17836,0,0.0
2021-06-25,Yang Ming,4,83.225,1.875,26372,1,0.25
2021-06-26,APM Terminals,7,92.67142857142858,2.085714285714286,71364,0,0.0
2021-06-26,China Shipping,8,93.3625,2.1,74939,0,0.0
2021-06-26,Everport,4,89.3,2.5500000000000003,53709,1,0.25
2021-06-26,TraPac,8,93.3125,2.05,70973,0,0.0
2021-06-26,Yang Ming,7,80.61428571428571,1.7857142857142858,71285,1,0.143
2021-06-27,APM Terminals,9,91.6,2.1222222222222222,100106,2,0.222
2021-06-27,China Shipping,3,97.73333333333333,3.1,50821,0,0.0
2021-06-27,Everport,5,81.8,2.08,47840,0,0.0
2021-06-27,TraPac,5,91.3,1.86,33205,0,0.0
2021-06-27,Yang Ming,6,92.61666666666667,1.9000000000000001,50035,3,0.5
2021-06-28,APM Terminals,7,91.10000000000001,2.0285714285714285,51014,1,0.143
2021-06-28,China Shipping,11,86.83636363636364,1.8181818181818181,91535,2,0.182
2021-06-28,Everport,2,74.05000000000001,2.3,24705,1,0.5
2021-06-28,TraPac,6,86.63333333333333,2.3,59389,0,0.0
2021-06-28,Yang Ming,6,96.28333333333335,2.2666666666666666,66379,0,0.0
2021-06-29,APM Terminals,7,85.61428571428571,1.9428571428571428,59361,0,0.0
2021-06-29,China Shipping,9,90.25555555555555,2.3333333333333335,106921,1,0.111
2021-06-29,Everport,8,86.6625,2.15,65970,0,0.0
2021-06-29,TraPac,5,97.14,1.78,26089,0,0.0
2021-06-29,Yang Ming,3,83.2,2.1666666666666665,33133,2,0.667
2021-06-30,APM Terminals,7,88.10000000000001,2.457142857142857,78813,2,0.286
2021-06-30,China Shipping,7,95.21428571428571,1.9,45983,2,0.286
2021-06-30,Everport,5,90.34,2.66,58435,2,0.4
2021-06-30,TraPac,5,94.4,2.58,62145,1,0.2
2021-06-30,Yang Ming,4,93.425,1.825,35903,0,0.0
2021-07-01,APM Terminals,10,97.97,1.97,82602,0,0.0
2021-07-01,China Shipping,6,82.86666666666666,2.0,49361,0,0.0
2021-07-01,Everport,7,83.44285714285715,1.9285714285714286,52826,0,0.0
2021-07-01,TraPac,6,86.7,1.8166666666666667,52476,2,0.333
2021-07-01,Yang Ming,4,76.875,1.75,35805,1,0.25
2021-07-02,APM Terminals,6,79.21666666666667,2.316666666666667,77517,0,0.0
2021-07-02,China Shipping,6,98.55,2.5500000000000003,79398,1,0.167
2021-07-02,Everport,5,86.44,2.3600000000000003,59705,2,0.4
2021-07-02,TraPac,4,83.025,2.525,49171,1,0.25
2021-07-02,Yang Ming,5,86.3,1.8200000000000003,43417,0,0.0
2021-07-03,APM Terminals,5,92.38,1.48,27195,1,0.2
2021-07-03,China Shipping,6,94.3,1.8333333333333333,48543,1,0.167
2021-07-03,Everport,6,89.89999999999999,2.4833333333333334,76572,0,0.0
2021-07-03,TraPac,4,78.9,2.825,47888,0,0.0
2021-07-03,Yang Ming,8,85.0375,2.2625,75683,1,0.125
2021-07-04,APM Terminals,3,87.3,2.533333333333333,34210,1,0.333
2021-07-04,China Shipping,6,88.16666666666667,2.2666666666666666,71427,0,0.0
2021-07-04,Everport,1,100.2,2.1,6710,0,0.0
2021-07-04,TraPac,3,87.96666666666665,1.7,14817,1,0.333
2021-07-04,Yang Ming,3,107.46666666666665,2.5,42446,0,0.0
2021-07-05,APM Terminals,6,99.2,2.25,50572,0,0.0
2021-07-05,China Shipping,7,86.41428571428571,2.357142857142857,87917,0,0.0
2021-07-05,Everport,7,88.3,2.057142857142857,76565,1,0.143
2021-07-05,TraPac,5,79.78,2.18,55088,1,0.2
2021-07-05,Yang Ming,3,90.5,1.6333333333333335,19424,0,0.0
2021-07-06,APM Terminals,9,92.1888888888889,2.2,68394,1,0.111
2021-07-06,China Shipping,6,84.71666666666667,1.9000000000000001,45939,1,0.167
2021-07-06,Everport,3,97.16666666666667,2.5,31718,2,0.667
2021-07-06,TraPac,3,97.63333333333333,2.5,40015,1,0.333
2021-07-06,Yang Ming,5,82.4,1.8800000000000001,48001,2,0.4
2021-07-07,APM Terminals,4,91.55,1.825,30838,0,0.0
2021-07-07,China Shipping,3,92.60000000000001,2.5,33556,1,0.333
2021-07-07,Everport,3,68.73333333333333,2.066666666666667,32066,1,0.333
2021-07-07,TraPac,7,83.8,2.2142857142857144,73285,1,0.143
2021-07-07,Yang Ming,3,81.53333333333335,2.3000000000000003,39550,0,0.0
2021-07-08,APM Terminals,3,96.76666666666667,1.8666666666666665,39218,1,0.333
2021-07-08,China Shipping,6,86.76666666666667,2.033333333333333,70697,1,0.167
2021-07-08,Everport,5,89.32000000000001,2.06,53041,0,0.0
2021-07-08,TraPac,7,93.05714285714285,2.4714285714285715,61904,0,0.0
2021-07-08,Yang Ming,8,91.8375,2.3,77405,0,0.0
2021-07-09,APM Terminals,8,94.05,2.25,89362,1,0.125
2021-07-09,China Shipping,4,89.1,1.4,26121,0,0.0
2021-07-09,Everport,5,85.92,2.2399999999999998,37971,1,0.2
2021-07-09,TraPac,3,89.60000000000001,1.7,28772,1,0.333
2021-07-09,Yang Ming,7,99.18571428571428,1.9857142857142858,76325,2,0.286
2021-07-10,APM Terminals,4,87.925,2.35,51102,0,0.0
2021-07-10,China Shipping,8,94.3875,1.9,79993,2,0.25
2021-07-10,Everport,13,80.16923076923078,1.9692307692307693,123550,2,0.154
2021-07-10,TraPac,5,83.4,1.94,33286,0,0.0
2021-07-10,Yang Ming,4,92.8,1.65,21268,0,0.0
2021-07-11,APM Terminals,2,102.3,1.5,7773,0,0.0
2021-07-11,China Shipping,8,93.0375,2.7375,106533,1,0.125
2021-07-11,Everport,11,87.99090909090908,1.9363636363636365,108476,0,0.0
2021-07-11,TraPac,9,82.98888888888888,1.9888888888888887,77057,0,0.0
2021-07-11,Yang Ming,7,84.3,2.3714285714285714,76436,1,0.143
2021-07-12,APM Terminals,8,84.225,2.325,84650,0,0.0
2021-07-12,China Shipping,8,88.325,2.1125,75629,2,0.25
2021-07-12,Everport,5,93.34,2.2,46493,0,0.0
2021-07-12,TraPac,8,81.4875,1.975,85244,1,0.125
2021-07-12,Yang Ming,3,73.43333333333334,2.066666666666667,28397,0,0.0
2021-07-13,APM Terminals,7,81.51428571428572,2.357142857142857,68759,1,0.143
2021-07-13,China Shipping,9,91.76666666666667,2.1222222222222222,66462,0,0.0
2021-07-13,Everport,5,87.66,2.0,35672,0,0.0
2021-07-13,TraPac,3,90.2,2.1333333333333333,27256,0,0.0
2021-07-13,Yang Ming,5,100.88,2.46,66734,0,0.0
2021-07-14,APM Terminals,6,92.89999999999999,2.1666666666666665,56778,1,0.167
2021-07-14,China Shipping,8,91.0125,2.125,86488,0,0.0
2021-07-14,Everport,5,82.12,2.1,55063,1,0.2
2021-07-14,TraPac,7,91.47142857142856,1.742857142857143,60011,1,0.143
2021-07-14,Yang Ming,12,100.28333333333335,1.95,99596,3,0.25
2021-07-15,APM Terminals,6,95.63333333333333,2.5833333333333335,62691,0,0.0
2021-07-15,China Shipping,4,93.75,2.275,37323,1,0.25
2021-07-15,Everport,5,76.97999999999999,1.92,45277,1,0.2
2021-07-15,TraPac,9,93.43333333333334,2.2222222222222223,101295,1,0.111
2021-07-15,Yang Ming,5,93.06,2.1,52035,0,0.0
2021-07-16,APM Terminals,2,110.19999999999999,2.9,27048,0,0.0
2021-07-16,China Shipping,3,92.53333333333335,1.7,22262,0,0.0
2021-07-16,Everport,5,94.96000000000001,2.32,49560,1,0.2
2021-07-16,TraPac,4,89.6,1.1500000000000001,12654,0,0.0
2021-07-16,Yang Ming,8,85.4125,2.325,76090,1,0.125
2021-07-17,APM Terminals,6,89.61666666666667,1.3499999999999999,30022,0,0.0
2021-07-17,China Shipping,5,93.26,1.8,41487,1,0.2
2021-07-17,Everport,3,92.93333333333334,1.9000000000000001,18270,2,0.667
2021-07-17,TraPac,3,85.73333333333333,2.0,40328,0,0.0
2021-07-17,Yang Ming,7,101.25714285714285,2.0285714285714285,77032,1,0.143
2021-07-18,APM Terminals,3,109.83333333333333,2.9333333333333336,43080,0,0.0
2021-07-18,China Shipping,5,98.06,2.2399999999999998,56569,0,0.0
2021-07-18,Everport,2,79.65,1.8499999999999999,12557,1,0.5
2021-07-18,TraPac,4,89.95,1.775,26078,0,0.0
2021-07-18,Yang Ming,4,87.425,2.4,38951,0,0.0
2021-07-19,APM Terminals,6,89.48333333333333,1.8166666666666667,49525,1,0.167
2021-07-19,Everport,6,88.76666666666667,2.1333333333333333,61484,3,0.5
2021-07-19,TraPac,5,92.94,2.3,51044,0,0.0
2021-07-19,Yang Ming,5,89.22,2.32,65736,0,0.0
2021-07-20,APM Terminals,9,94.41111111111111,1.9888888888888887,64906,0,0.0
2021-07-20,China Shipping,8,85.2375,2.225,64248,0,0.0
2021-07-20,Everport,1,95.1,2.2,11440,0,0.0
2021-07-20,TraPac,9,87.64444444444445,2.177777777777778,98305,0,0.0
2021-07-20,Yang Ming,7,92.57142857142857,1.742857142857143,51217,0,0.0
2021-07-21,APM Terminals,6,96.89999999999999,2.0500000000000003,60607,0,0.0
2021-07-21,China Shipping,4,95.55000000000001,1.65,21365,0,0.0
2021-07-21,Everport,8,90.9625,2.4,88757,1,0.125
2021-07-21,TraPac,5,93.46,2.6,57204,1,0.2
2021-07-21,Yang Ming,6,99.21666666666665,2.4,79837,1,0.167
2021-07-22,APM Terminals,1,92.3,2.7,16595,0,0.0
2021-07-22,China Shipping,8,82.775,1.95,77572,1,0.125
2021-07-22,Everport,4,111.35,2.5,48515,0,0.0
2021-07-22,TraPac,3,90.16666666666667,2.1333333333333333,32575,1,0.333
2021-07-22,Yang Ming,4,91.57499999999999,1.9249999999999998,30755,1,0.25
2021-07-23,APM Terminals,3,106.93333333333334,2.1,24173,0,0.0
2021-07-23,China Shipping,8,94.525,2.0,75939,1,0.125
2021-07-23,Everport,7,80.77142857142857,2.1285714285714286,82945,1,0.143
2021-07-23,TraPac,7,95.0,1.6285714285714286,60056,0,0.0
2021-07-23,Yang Ming,1,86.5,2.7,10214,0,0.0
2021-07-24,APM Terminals,5,100.36,2.3600000000000003,61959,2,0.4
2021-07-24,China Shipping,5,89.56,2.1399999999999997,51010,1,0.2
2021-07-24,Everport,5,91.24000000000001,2.2399999999999998,56239,2,0.4
2021-07-24,TraPac,6,107.25,2.35,64264,1,0.167
2021-07-24,Yang Ming,6,93.81666666666666,2.4499999999999997,69435,0,0.0
2021-07-25,APM Terminals,7,89.28571428571429,2.2,82606,0,0.0
2021-07-25,China Shipping,3,92.83333333333333,2.1666666666666665,34957,0,0.0
2021-07-25,Everport,8,95.1875,2.425,84437,2,0.25
2021-07-25,TraPac,5,80.1,1.9600000000000002,41469,0,0.0
2021-07-25,Yang Ming,7,102.38571428571429,2.2142857142857144,76881,3,0.429
2021-07-26,APM Terminals,5,91.84,2.06,56429,1,0.2
2021-07-26,China Shipping,5,87.22,2.18,50686,1,0.2
2021-07-26,Everport,9,81.48888888888888,2.5444444444444443,120342,1,0.111
2021-07-26,TraPac,8,79.4375,2.075,93100,2,0.25
2021-07-26,Yang Ming,4,81.2,2.375,49783,1,0.25
2021-07-27,APM Terminals,7,86.2,2.0142857142857142,39880,1,0.143
2021-07-27,China Shipping,9,93.6,2.033333333333333,77893,0,0.0
2021-07-27,Everport,3,105.06666666666666,1.8666666666666665,28192,1,0.333
2021-07-27,TraPac,4,84.95,2.2,30226,0,0.0
2021-07-27,Yang Ming,8,91.625,2.2,85932,1,0.125
2021-07-28,APM Terminals,3,92.13333333333333,2.466666666666667,25000,1,0.333
2021-07-28,China Shipping,5,93.84,1.98,42218,1,0.2
2021-07-28,Everport,3,94.39999999999999,2.733333333333333,38753,0,0.0
2021-07-28,TraPac,8,96.575,2.3375,72647,0,0.0
2021-07-28,Yang Ming,2,99.6,2.15,13328,1,0.5
2021-07-29,APM Terminals,7,69.88571428571429,2.1142857142857143,70738,0,0.0
2021-07-29,China Shipping,7,85.72857142857143,1.7714285714285716,64240,2,0.286
2021-07-29,Everport,5,100.74,2.54,66200,1,0.2
2021-07-29,TraPac,7,89.60000000000001,2.3000000000000003,75726,1,0.143
2021-07-29,Yang Ming,9,89.34444444444445,2.3,87568,2,0.222
2021-07-30,APM Terminals,6,83.88333333333334,2.0500000000000003,56794,0,0.0
2021-07-30,China Shipping,11,87.26363636363637,1.9363636363636365,123857,0,0.0
2021-07-30,Everport,11,92.0909090909091,2.1999999999999997,110131,0,0.0
2021-07-30,TraPac,3,104.46666666666665,2.1666666666666665,30672,0,0.0
2021-07-30,Yang Ming,2,117.30000000000001,1.35,3205,0,0.0
2021-07-31,APM Terminals,7,85.34285714285714,2.685714285714286,91680,2,0.286
2021-07-31,China Shipping,8,86.2125,1.8375,61981,1,0.125
2021-07-31,Everport,8,89.6375,1.8875000000000002,61704,3,0.375
2021-07-31,TraPac,7,89.81428571428572,2.2285714285714286,89704,3,0.429
2021-07-31,Yang Ming,9,102.35555555555555,1.9222222222222223,82953,1,0.111
2021-08-01,APM Terminals,6,111.46666666666668,2.25,72197,1,0.167
2021-08-01,China Shipping,4,108.325,2.1,42530,2,0.5
2021-08-01,Everport,7,119.21428571428571,1.8285714285714287,59116,1,0.143
2021-08-01,TraPac,2,119.85,1.6,18122,0,0.0
2021-08-01,Yang Ming,5,124.55999999999999,2.12,36608,1,0.2
2021-08-02,APM Terminals,10,126.35,2.1100000000000003,92219,1,0.1
2021-08-02,China Shipping,7,123.11428571428571,1.9714285714285715,64091,0,0.0
2021-08-02,Everport,5,112.16,2.34,70944,1,0.2
2021-08-02,TraPac,5,114.0,2.12,46464,2,0.4
2021-08-02,Yang Ming,5,111.85999999999999,2.2399999999999998,51576,0,0.0
2021-08-03,APM Terminals,8,113.7875,2.3000000000000003,88032,1,0.125
2021-08-03,China Shipping,3,103.53333333333335,2.3000000000000003,33337,1,0.333
2021-08-03,Everport,6,119.31666666666666,2.466666666666667,66724,1,0.167
2021-08-03,TraPac,5,116.1,2.0,42532,1,0.2
2021-08-03,Yang Ming,9,117.8111111111111,2.1888888888888887,87512,4,0.444
2021-08-04,APM Terminals,13,116.78461538461539,2.1307692307692307,122087,3,0.231
2021-08-04,China Shipping,11,123.91818181818181,2.409090909090909,135655,5,0.455
2021-08-04,Everport,4,120.875,2.3,37972,0,0.0
2021-08-04,TraPac,10,123.17,2.2600000000000002,99814,5,0.5
2021-08-04,Yang Ming,8,122.575,2.225,84744,2,0.25
2021-08-05,APM Terminals,4,123.325,2.075,51955,1,0.25
2021-08-05,China Shipping,4,120.375,2.3,53584,1,0.25
2021-08-05,Everport,7,115.65714285714286,2.0142857142857142,73816,1,0.143
2021-08-05,TraPac,3,107.7,2.5666666666666664,36344,2,0.667
2021-08-05,Yang Ming,6,119.05,2.2333333333333334,75618,1,0.167
2021-08-06,APM Terminals,9,115.66666666666667,2.0999999999999996,96900,2,0.222
2021-08-06,China Shipping,4,117.1,1.775,28720,2,0.5
2021-08-06,Everport,4,106.9,2.2,44730,0,0.0
2021-08-06,TraPac,6,107.39999999999999,1.75,61949,1,0.167
2021-08-06,Yang Ming,5,124.62,2.2,54263,1,0.2
2021-08-07,APM Terminals,5,125.42,1.6,27702,0,0.0
2021-08-07,China Shipping,9,108.98888888888888,2.2555555555555555,84421,3,0.333
2021-08-07,Everport,5,126.0,1.46,37951,1,0.2
2021-08-07,TraPac,3,112.96666666666665,2.3333333333333335,38757,1,0.333
2021-08-07,Yang Ming,5,120.67999999999999,2.0,41628,2,0.4
2021-08-08,APM Terminals,6,123.48333333333335,2.3000000000000003,65760,1,0.167
2021-08-08,China Shipping,4,110.175,1.75,31017,0,0.0
2021-08-08,Everport,3,108.56666666666666,2.066666666666667,19642,1,0.333
2021-08-08,TraPac,6,118.43333333333334,1.5999999999999999,42177,1,0.167
2021-08-08,Yang Ming,4,118.69999999999999,2.525,53363,1,0.25
2021-08-09,APM Terminals,10,119.63,1.92,88169,4,0.4
2021-08-09,China Shipping,3,117.2,1.7333333333333334,32731,1,0.333
2021-08-09,Everport,7,114.27142857142857,2.0285714285714285,49085,2,0.286
2021-08-09,TraPac,9,115.96666666666667,2.2222222222222223,98491,3,0.333
2021-08-09,Yang Ming,8,124.475,2.1625,75524,1,0.125
2021-08-10,APM Terminals,5,115.84,2.32,51976,1,0.2
2021-08-10,China Shipping,5,118.3,1.9600000000000002,47344,1,0.2
2021-08-10,Everport,6,116.71666666666665,2.066666666666667,58057,0,0.0
2021-08-10,TraPac,4,127.9,2.275,46022,2,0.5
2021-08-10,Yang Ming,3,119.26666666666667,1.9000000000000001,29201,1,0.333
2021-08-11,APM Terminals,5,120.24000000000001,2.38,57615,3,0.6
2021-08-11,China Shipping,9,115.67777777777776,2.3111111111111113,91269,1,0.111
2021-08-11,Everport,4,126.5,2.475,41187,0,0.0
2021-08-11,TraPac,2,127.6,2.05,13208,1,0.5
2021-08-11,Yang Ming,5,103.9,1.72,39909,0,0.0
2021-08-12,APM Terminals,6,110.33333333333333,2.0500000000000003,56994,0,0.0
2021-08-12,China Shipping,3,136.5,2.1,28325,1,0.333
2021-08-12,Everport,10,123.75999999999999,2.25,100555,2,0.2
2021-08-12,TraPac,6,114.0,2.1666666666666665,61199,1,0.167
2021-08-12,Yang Ming,9,122.67777777777776,2.088888888888889,81771,4,0.444
2021-08-13,APM Terminals,15,110.52666666666667,2.0733333333333333,143154,2,0.133
2021-08-13,China Shipping,8,118.5625,2.15,69185,2,0.25
2021-08-13,Everport,9,117.51111111111112,2.1222222222222222,92152,1,0.111
2021-08-13,TraPac,7,114.72857142857143,1.8714285714285714,62621,1,0.143
2021-08-13,Yang Ming,7,113.98571428571428,2.0142857142857147,57902,0,0.0
2021-08-14,APM Terminals,5,111.16,1.64,35552,1,0.2
2021-08-14,China Shipping,9,123.8777777777778,2.2333333333333334,82599,2,0.222
2021-08-14,Everport,5,133.45999999999998,2.2600000000000002,58554,1,0.2
2021-08-14,TraPac,6,101.68333333333334,2.0500000000000003,46048,1,0.167
2021-08-14,Yang Ming,4,114.975,2.2249999999999996,44298,1,0.25
2021-08-15,APM Terminals,4,114.975,2.3499999999999996,43067,1,0.25
2021-08-15,China Shipping,13,116.44615384615385,2.1923076923076925,120360,6,0.462
2021-08-15,Everport,8,105.8875,2.175,90784,3,0.375
2021-08-15,TraPac,4,125.14999999999999,2.825,59141,0,0.0
2021-08-15,Yang Ming,7,119.71428571428571,2.4,79267,1,0.143
2021-08-16,APM Terminals,9,112.86666666666666,1.7666666666666666,56070,1,0.111
2021-08-16,China Shipping,13,123.06923076923077,1.7692307692307692,100523,3,0.231
2021-08-16,Everport,2,103.3,2.7,23090,0,0.0
2021-08-16,TraPac,5,115.46,1.58,30984,1,0.2
2021-08-16,Yang Ming,4,113.325,2.1999999999999997,47746,1,0.25
2021-08-17,APM Terminals,3,110.8,2.1,27376,0,0.0
2021-08-17,China Shipping,9,112.72222222222223,2.1333333333333333,85154,4,0.444
2021-08-17,Everport,4,114.325,2.5,66397,1,0.25
2021-08-17,TraPac,7,116.27142857142857,2.0285714285714285,63577,3,0.429
2021-08-17,Yang Ming,4,123.75,2.4,43342,2,0.5
2021-08-18,APM Terminals,8,112.8125,2.4,97655,2,0.25
2021-08-18,China Shipping,8,109.6875,2.0875,86601,2,0.25
2021-08-18,Everport,7,124.21428571428571,2.4285714285714284,70974,3,0.429
2021-08-18,TraPac,7,108.51428571428572,2.257142857142857,69819,1,0.143
2021-08-18,Yang Ming,5,124.85999999999999,2.1399999999999997,41068,0,0.0
2021-08-19,APM Terminals,9,120.27777777777777,2.1666666666666665,112376,4,0.444
2021-08-19,China Shipping,4,135.05,1.825,36010,0,0.0
2021-08-19,Everport,4,111.275,2.275,51134,1,0.25
2021-08-19,TraPac,7,117.22857142857143,1.9000000000000001,55289,0,0.0
2021-08-19,Yang Ming,2,135.95,2.8,34133,0,0.0
2021-08-20,APM Terminals,10,121.73999999999998,2.77,121901,4,0.4
2021-08-20,China Shipping,10,123.98999999999998,2.31,124549,1,0.1
2021-08-20,Everport,4,124.32499999999999,2.2750000000000004,34873,0,0.0
2021-08-20,TraPac,5,120.66,2.2,46993,0,0.0
2021-08-20,Yang Ming,5,120.2,1.8400000000000003,41302,1,0.2
2021-08-21,APM Terminals,10,111.75999999999999,1.92,105135,1,0.1
2021-08-21,China Shipping,4,111.7,2.025,30025,0,0.0
2021-08-21,Everport,8,112.9,2.0,69768,1,0.125
2021-08-21,TraPac,13,117.66923076923078,2.0461538461538464,117931,4,0.308
2021-08-21,Yang Ming,5,104.32000000000001,2.16,45708,1,0.2
2021-08-22,APM Terminals,7,115.61428571428571,2.242857142857143,74111,1,0.143
2021-08-22,China Shipping,1,132.1,2.4,15365,1,1.0
2021-08-22,Everport,7,111.8,1.9857142857142858,61257,2,0.286
2021-08-22,TraPac,6,109.81666666666666,2.1666666666666665,31615,0,0.0
2021-08-22,Yang Ming,6,126.26666666666667,2.433333333333333,63884,1,0.167
2021-08-23,APM Terminals,4,116.475,2.2,47721,1,0.25
2021-08-23,China Shipping,6,118.93333333333334,1.75,39168,0,0.0
2021-08-23,Everport,6,118.93333333333334,2.066666666666667,56420,0,0.0
2021-08-23,TraPac,8,119.0875,2.1,62296,1,0.125
2021-08-23,Yang Ming,14,113.10000000000001,2.207142857142857,139207,2,0.143
2021-08-24,APM Terminals,7,116.78571428571429,2.2,68028,1,0.143
2021-08-24,China Shipping,7,112.25714285714285,2.157142857142857,81893,1,0.143
2021-08-24,Everport,7,124.78571428571429,1.9857142857142858,51141,1,0.143
2021-08-24,TraPac,7,110.89999999999999,1.9714285714285713,61319,1,0.143
2021-08-24,Yang Ming,9,116.16666666666667,2.0999999999999996,98168,3,0.333
2021-08-25,APM Terminals,5,114.7,1.9,37923,0,0.0
2021-08-25,China Shipping,6,114.78333333333335,2.283333333333333,60348,2,0.333
2021-08-25,Everport,6,101.71666666666665,2.033333333333333,75090,1,0.167
2021-08-25,TraPac,8,109.875,1.8625,83810,4,0.5
2021-08-25,Yang Ming,7,107.3142857142857,2.314285714285714,86223,1,0.143
2021-08-26,APM Terminals,6,121.43333333333334,2.25,72805,1,0.167
2021-08-26,China Shipping,10,109.14000000000001,2.1399999999999997,102400,1,0.1
2021-08-26,Everport,6,117.0,2.5833333333333335,81413,2,0.333
2021-08-26,TraPac,8,113.675,1.775,51553,1,0.125
2021-08-26,Yang Ming,5,119.94000000000001,2.1399999999999997,45471,2,0.4
2021-08-27,APM Terminals,5,111.02000000000001,2.1,57034,3,0.6
2021-08-27,China Shipping,6,111.43333333333334,1.866666666666667,46910,5,0.833
2021-08-27,Everport,8,115.9125,2.375,87847,3,0.375
2021-08-27,TraPac,5,119.14000000000001,2.32,41152,1,0.2
2021-08-27,Yang Ming,6,118.43333333333334,1.9666666666666668,44145,2,0.333
2021-08-28,APM Terminals,3,114.43333333333334,2.966666666666667,49189,1,0.333
2021-08-28,China Shipping,4,111.375,1.8,26201,1,0.25
2021-08-28,Everport,9,117.56666666666666,2.1333333333333333,86451,3,0.333
2021-08-28,TraPac,6,113.23333333333333,1.8500000000000003,44988,1,0.167
2021-08-28,Yang Ming,5,110.44000000000001,2.2600000000000002,55942,0,0.0
2021-08-29,APM Terminals,2,126.5,1.75,9290,1,0.5
2021-08-29,China Shipping,12,116.35833333333333,1.8,109032,3,0.25
2021-08-29,Everport,11,112.48181818181818,2.127272727272727,106378,3,0.273
2021-08-29,TraPac,4,97.45,2.55,40578,1,0.25
2021-08-29,Yang Ming,7,124.18571428571428,2.1285714285714286,79416,3,0.429
2021-08-30,APM Terminals,4,106.9,1.9,30914,1,0.25
2021-08-30,China Shipping,11,125.18181818181819,1.8636363636363635,91511,1,0.091
2021-08-30,Everport,3,109.23333333333333,2.4,28668,1,0.333
2021-08-30,TraPac,3,129.93333333333334,1.9000000000000001,30163,0,0.0
2021-08-30,Yang Ming,7,110.60000000000001,1.7857142857142858,44434,3,0.429
2021-08-31,APM Terminals,2,124.6,2.0,7122,0,0.0
2021-08-31,China Shipping,4,111.85,2.425,45826,0,0.0
2021-08-31,Everport,6,114.48333333333333,2.15,56342,0,0.0
2021-08-31,TraPac,7,116.3,1.957142857142857,66130,1,0.143
2021-08-31,Yang Ming,6,120.75,2.1,62203,3,0.5
2021-09-01,APM Terminals,7,251.5142857142857,1.8285714285714287,32853,4,0.571
2021-09-01,China Shipping,2,237.4,1.9,4400,1,0.5
2021-09-01,Everport,1,276.8,2.2,6746,0,0.0
2021-09-01,TraPac,5,253.96000000000004,2.34,44394,2,0.4
2021-09-01,Yang Ming,5,248.98000000000002,2.0,28634,2,0.4
2021-09-02,APM Terminals,5,249.9,2.2,34312,4,0.8
2021-09-02,China Shipping,5,246.68,2.82,55603,3,0.6
2021-09-02,Everport,7,257.04285714285714,2.1,45325,6,0.857
2021-09-02,TraPac,6,247.46666666666667,3.183333333333333,84351,4,0.667
2021-09-02,Yang Ming,6,247.03333333333333,2.65,62021,3,0.5
2021-09-03,APM Terminals,4,258.9,2.3,29592,2,0.5
2021-09-03,China Shipping,7,243.14285714285714,2.6,66787,2,0.286
2021-09-03,Everport,6,243.43333333333337,2.1166666666666667,39204,4,0.667
2021-09-03,TraPac,2,256.5,1.1,4265,0,0.0
2021-09-03,Yang Ming,5,249.88000000000002,2.48,46360,5,1.0
2021-09-04,APM Terminals,10,256.39,2.71,101301,4,0.4
2021-09-04,China Shipping,5,247.26,2.5,46948,1,0.2
2021-09-04,Everport,3,265.0333333333333,3.0,38752,2,0.667
2021-09-04,TraPac,4,259.7,2.75,37025,1,0.25
2021-09-04,Yang Ming,8,260.2875,2.55,69692,3,0.375
2021-09-05,APM Terminals,6,248.6833333333333,2.983333333333333,83052,3,0.5
2021-09-05,China Shipping,5,261.15999999999997,3.1599999999999997,64461,3,0.6
2021-09-05,Everport,5,259.24,2.92,63492,0,0.0
2021-09-05,TraPac,8,248.7625,3.25,110775,4,0.5
2021-09-05,Yang Ming,3,257.96666666666664,2.5666666666666664,24360,0,0.0
2021-09-06,APM Terminals,5,247.4,2.54,43034,3,0.6
2021-09-06,China Shipping,3,252.26666666666665,2.6666666666666665,34175,1,0.333
2021-09-06,Everport,3,260.43333333333334,2.6666666666666665,36457,3,1.0
2021-09-06,TraPac,2,251.95,1.95,12459,1,0.5
2021-09-06,Yang Ming,7,254.64285714285714,2.914285714285714,80917,5,0.714
2021-09-07,APM Terminals,5,260.41999999999996,2.12,40315,2,0.4
2021-09-07,China Shipping,2,260.5,2.7,21692,1,0.5
2021-09-07,Everport,6,245.86666666666667,2.6333333333333333,62635,2,0.333
2021-09-07,TraPac,5,262.62,3.22,55702,3,0.6
2021-09-07,Yang Ming,7,255.58571428571426,2.2142857142857144,50005,5,0.714
2021-09-08,APM Terminals,6,243.45000000000002,2.4166666666666665,46227,3,0.5
2021-09-08,China Shipping,6,253.88333333333333,2.5500000000000003,55670,2,0.333
2021-09-08,Everport,4,247.25,2.25,36964,2,0.5
2021-09-08,TraPac,7,250.6142857142857,2.7857142857142856,67090,4,0.571
2021-09-08,Yang Ming,7,250.35714285714286,2.3285714285714287,73001,3,0.429
2021-09-09,APM Terminals,6,242.9333333333333,2.283333333333333,62921,1,0.167
2021-09-09,China Shipping,4,241.875,2.525,36425,2,0.5
2021-09-09,Everport,6,254.78333333333333,2.1999999999999997,48285,2,0.333
2021-09-09,TraPac,1,222.7,1.4,2242,0,0.0
2021-09-09,Yang Ming,6,254.35000000000002,2.3833333333333333,44007,1,0.167
2021-09-10,APM Terminals,1,241.7,2.8,15253,0,0.0
2021-09-10,China Shipping,7,252.12857142857143,2.3714285714285714,79440,0,0.0
2021-09-10,Everport,2,260.75,2.8499999999999996,28241,2,1.0
2021-09-10,TraPac,5,263.28000000000003,2.98,57068,2,0.4
2021-09-10,Yang Ming,7,251.17142857142858,2.9285714285714284,72975,2,0.286
2021-09-11,APM Terminals,3,231.9,2.9,33478,1,0.333
2021-09-11,China Shipping,3,256.46666666666664,2.2333333333333334,11733,1,0.333
2021-09-11,Everport,4,256.95,2.4,40354,1,0.25
2021-09-11,TraPac,4,251.45,2.6,49074,1,0.25
2021-09-11,Yang Ming,5,260.32,2.66,52388,4,0.8
2021-09-12,APM Terminals,4,247.925,3.1,40855,3,0.75
2021-09-12,China Shipping,4,256.2,2.725,45352,3,0.75
2021-09-12,Everport,2,256.15,2.55,23033,1,0.5
2021-09-12,TraPac,9,255.5888888888889,3.033333333333333,112639,4,0.444
2021-09-12,Yang Ming,4,246.225,2.275,44079,1,0.25
2021-09-13,APM Terminals,6,252.85,2.6666666666666665,74433,2,0.333
2021-09-13,China Shipping,5,252.93999999999997,2.34,44703,2,0.4
2021-09-13,Everport,7,250.74285714285716,2.1714285714285713,58946,2,0.286
2021-09-13,TraPac,3,250.9,2.1666666666666665,14297,2,0.667
2021-09-13,Yang Ming,3,258.8333333333333,2.066666666666667,19978,2,0.667
2021-09-14,APM Terminals,3,239.6,2.533333333333333,36295,0,0.0
2021-09-14,China Shipping,7,255.45714285714283,2.757142857142857,71819,4,0.571
2021-09-14,Everport,4,249.925,2.4,26975,1,0.25
2021-09-14,TraPac,2,244.1,1.8499999999999999,7886,0,0.0
2021-09-14,Yang Ming,4,246.925,2.45,32550,2,0.5
2021-09-15,APM Terminals,2,238.1,2.5,11302,1,0.5
2021-09-15,China Shipping,4,255.1,2.625,39037,2,0.5
2021-09-15,Everport,3,239.03333333333333,2.6,24726,1,0.333
2021-09-15,TraPac,4,243.05,2.325,34560,3,0.75
2021-09-15,Yang Ming,2,266.05,2.95,22286,1,0.5
2021-09-16,APM Terminals,6,252.75,2.6833333333333336,66165,3,0.5
2021-09-16,China Shipping,6,250.33333333333334,2.6666666666666665,62601,3,0.5
2021-09-16,Everport,4,253.95,3.125,58689,3,0.75
2021-09-16,TraPac,4,268.875,2.125,21363,2,0.5
2021-09-16,Yang Ming,7,249.9857142857143,2.2142857142857144,60295,5,0.714
2021-09-17,APM Terminals,3,253.5666666666667,2.6,40013,2,0.667
2021-09-17,China Shipping,2,257.5,2.3,21442,0,0.0
2021-09-17,Everport,7,247.72857142857143,3.2285714285714286,85810,1,0.143
2021-09-17,TraPac,4,242.875,2.7,39536,2,0.5
2021-09-17,Yang Ming,7,258.62857142857143,2.9714285714285715,96238,3,0.429
2021-09-18,APM Terminals,4,256.7,2.15,20807,2,0.5
2021-09-18,China Shipping,6,253.5666666666667,2.2333333333333334,42840,0,0.0
2021-09-18,Everport,3,263.6666666666667,2.5,32058,1,0.333
2021-09-18,TraPac,4,249.3,2.925,40322,2,0.5
2021-09-18,Yang Ming,4,244.65,1.95,27359,2,0.5
2021-09-19,APM Terminals,8,247.125,2.225,54381,2,0.25
2021-09-19,China Shipping,5,242.45999999999998,2.78,49827,1,0.2
2021-09-19,Everport,1,241.4,1.2,2435,1,1.0
2021-09-19,TraPac,5,257.46,2.6399999999999997,55697,2,0.4
2021-09-19,Yang Ming,10,249.24,2.63,93511,2,0.2
2021-09-20,APM Terminals,3,240.03333333333333,2.466666666666667,33486,1,0.333
2021-09-20,Everport,3,256.90000000000003,3.0666666666666664,37771,2,0.667
2021-09-20,TraPac,5,256.82000000000005,2.62,46047,0,0.0
2021-09-20,Yang Ming,3,251.96666666666667,2.3333333333333335,22826,2,0.667
2021-09-21,APM Terminals,6,253.25,2.716666666666667,70069,4,0.667
2021-09-21,China Shipping,7,257.9142857142857,2.1999999999999997,45068,2,0.286
2021-09-21,Everport,3,246.76666666666665,2.5666666666666664,27855,1,0.333
2021-09-21,TraPac,5,247.48000000000002,2.52,47044,1,0.2
2021-09-21,Yang Ming,10,247.24,2.67,102519,5,0.5
2021-09-22,APM Terminals,3,245.70000000000002,2.2666666666666666,28406,1,0.333
2021-09-22,China Shipping,6,251.20000000000002,2.433333333333333,38089,2,0.333
2021-09-22,Everport,6,244.04999999999998,2.3666666666666667,59169,2,0.333
2021-09-22,TraPac,1,238.7,2.0,6589,1,1.0
2021-09-22,Yang Ming,3,254.20000000000002,3.233333333333333,43881,1,0.333
2021-09-23,APM Terminals,4,251.075,3.4,49288,0,0.0
2021-09-23,China Shipping,4,241.45,3.075,53604,2,0.5
2021-09-23,Everport,6,252.61666666666667,2.766666666666667,64522,2,0.333
2021-09-23,TraPac,2,247.75,2.95,20125,1,0.5
2021-09-23,Yang Ming,6,243.65,2.4333333333333336,56114,3,0.5
2021-09-24,APM Terminals,8,252.2875,2.65,88067,4,0.5
2021-09-24,China Shipping,5,265.9,2.7600000000000002,46752,3,0.6
2021-09-24,Everport,7,256.7857142857143,2.9857142857142853,84356,2,0.286
2021-09-24,TraPac,4,255.75,2.625,37256,3,0.75
2021-09-24,Yang Ming,3,250.5,2.8333333333333335,31717,1,0.333
2021-09-25,APM Terminals,4,252.125,2.175,26555,1,0.25
2021-09-25,China Shipping,5,243.35999999999999,2.46,44493,3,0.6
2021-09-25,Everport,6,249.21666666666667,2.1333333333333333,43825,2,0.333
2021-09-25,TraPac,3,250.53333333333333,2.433333333333333,29894,2,0.667
2021-09-25,Yang Ming,2,239.25,3.8,25168,0,0.0
2021-09-26,APM Terminals,5,252.0,3.02,71306,2,0.4
2021-09-26,China Shipping,7,242.28571428571428,2.2142857142857144,55947,4,0.571
2021-09-26,Everport,2,251.6,2.8,13921,1,0.5
2021-09-26,TraPac,3,237.20000000000002,3.1666666666666665,26049,1,0.333
2021-09-26,Yang Ming,3,247.83333333333334,2.6666666666666665,29984,3,1.0
2021-09-27,APM Terminals,5,254.74,2.94,55769,1,0.2
2021-09-27,China Shipping,4,253.925,2.725,48770,3,0.75
2021-09-27,Everport,2,255.0,2.25,14253,1,0.5
2021-09-27,TraPac,8,251.95,2.5375,80697,3,0.375
2021-09-27,Yang Ming,4,248.925,2.0,22918,3,0.75
2021-09-28,APM Terminals,8,249.83749999999998,2.3125,71905,3,0.375
2021-09-28,China Shipping,4,258.0,2.8,49223,1,0.25
2021-09-28,Everport,4,257.45,2.5,46610,2,0.5
2021-09-28,TraPac,6,266.73333333333335,2.4166666666666665,55486,4,0.667
2021-09-28,Yang Ming,5,257.65999999999997,2.68,51293,3,0.6
2021-09-29,APM Terminals,1,251.0,3.3,10836,1,1.0
2021-09-29,China Shipping,8,248.5625,2.4625,73223,2,0.25
2021-09-29,Everport,6,251.08333333333334,2.8666666666666667,59000,3,0.5
2021-09-29,TraPac,5,243.74,2.94,59709,0,0.0
2021-09-29,Yang Ming,4,257.95,2.3,35937,1,0.25
2021-09-30,APM Terminals,6,239.38333333333333,2.75,73557,3,0.5
2021-09-30,China Shipping,6,255.5666666666667,2.85,53627,2,0.333
2021-09-30,Everport,7,254.41428571428574,2.8000000000000003,70870,2,0.286
2021-09-30,TraPac,5,245.51999999999998,2.16,33490,2,0.4
2021-09-30,Yang Ming,3,253.70000000000002,2.533333333333333,27996,2,0.667
2021-10-01,APM Terminals,7,252.1,2.814285714285714,77042,3,0.429
2021-10-01,China Shipping,6,245.46666666666667,2.6333333333333333,60805,0,0.0
2021-10-01,Everport,8,258.85,2.5375,92285,5,0.625
2021-10-01,TraPac,6,245.63333333333333,2.8166666666666664,78675,3,0.5
2021-10-01,Yang Ming,6,252.08333333333334,2.45,66869,2,0.333
2021-10-02,APM Terminals,8,259.45,2.2875,63779,3,0.375
2021-10-02,China Shipping,3,232.83333333333334,2.4,24269,1,0.333
2021-10-02,Everport,5,240.3,1.98,41486,2,0.4
2021-10-02,TraPac,6,247.23333333333335,2.9,71959,2,0.333
2021-10-02,Yang Ming,5,252.74,2.52,42774,3,0.6
2021-10-03,APM Terminals,3,260.3333333333333,2.8000000000000003,43983,0,0.0
2021-10-03,China Shipping,3,262.56666666666666,2.4333333333333336,18854,1,0.333
2021-10-03,Everport,5,261.32,2.2800000000000002,26846,3,0.6
2021-10-03,TraPac,9,254.4888888888889,3.1222222222222222,114675,3,0.333
2021-10-03,Yang Ming,7,253.74285714285716,2.1,49545,4,0.571
2021-10-04,APM Terminals,4,249.825,2.425,45385,2,0.5
2021-10-04,China Shipping,5,253.42,1.72,28353,2,0.4
2021-10-04,Everport,6,255.88333333333333,2.6,51051,4,0.667
2021-10-04,TraPac,4,249.9,2.35,37520,1,0.25
2021-10-04,Yang Ming,8,246.975,2.3625,77300,5,0.625
2021-10-05,APM Terminals,2,267.25,2.6500000000000004,28577,1,0.5
2021-10-05,China Shipping,8,253.0625,2.6625,80871,2,0.25
2021-10-05,Everport,3,253.16666666666666,2.0,17215,1,0.333
2021-10-05,TraPac,3,253.5,3.2000000000000006,39383,2,0.667
2021-10-05,Yang Ming,6,253.38333333333333,2.316666666666667,49227,3,0.5
2021-10-06,APM Terminals,6,254.0,2.8833333333333333,65588,2,0.333
2021-10-06,China Shipping,4,258.95,2.825,44779,2,0.5
2021-10-06,Everport,4,253.8,2.125,26127,2,0.5
2021-10-06,TraPac,5,246.26,1.8,29215,2,0.4
2021-10-06,Yang Ming,3,265.8666666666667,3.1999999999999997,38589,0,0.0
2021-10-07,APM Terminals,8,258.9875,2.5625,84747,4,0.5
2021-10-07,China Shipping,3,235.20000000000002,2.766666666666667,38842,1,0.333
2021-10-07,Everport,4,256.57500000000005,2.575,38229,2,0.5
2021-10-07,TraPac,1,246.6,1.7,6685,0,0.0
2021-10-07,Yang Ming,8,246.325,2.7625,77023,4,0.5
2021-10-08,APM Terminals,1,251.6,2.4,11736,0,0.0
2021-10-08,China Shipping,9,251.7555555555556,2.211111111111111,79550,4,0.444
2021-10-08,Everport,3,241.70000000000002,2.8333333333333335,35646,2,0.667
2021-10-08,TraPac,5,246.98000000000002,2.66,51694,2,0.4
2021-10-08,Yang Ming,6,251.23333333333335,2.2666666666666666,49023,3,0.5
2021-10-09,APM Terminals,4,245.625,2.7,33862,1,0.25
2021-10-09,China Shipping,5,249.06,3.0,68798,3,0.6
2021-10-09,Everport,6,256.26666666666665,3.1833333333333336,75830,1,0.167
2021-10-09,TraPac,5,261.84000000000003,2.7,43023,0,0.0
2021-10-09,Yang Ming,4,239.625,2.45,41443,3,0.75
2021-10-10,APM Terminals,7,250.32857142857142,2.6999999999999997,68536,3,0.429
2021-10-10,China Shipping,5,256.24,3.04,70881,2,0.4
2021-10-10,Everport,3,261.93333333333334,3.1999999999999997,40282,1,0.333
2021-10-10,TraPac,3,272.56666666666666,2.6,30558,2,0.667
2021-10-10,Yang Ming,3,238.9333333333333,1.8666666666666665,19417,1,0.333
2021-10-11,APM Terminals,4,253.575,2.175,34675,1,0.25
2021-10-11,China Shipping,6,253.88333333333333,2.6666666666666665,57836,2,0.333
2021-10-11,Everport,3,250.33333333333334,2.6333333333333333,46241,3,1.0
2021-10-11,TraPac,5,244.1,2.42,45975,2,0.4
2021-10-11,Yang Ming,2,253.0,3.25,21681,0,0.0
2021-10-12,APM Terminals,4,256.75,2.675,40632,2,0.5
2021-10-12,China Shipping,2,250.1,2.45,18605,0,0.0
2021-10-12,Everport,7,256.14285714285717,2.585714285714286,65405,2,0.286
2021-10-12,TraPac,4,244.8,2.5,35330,3,0.75
2021-10-12,Yang Ming,3,260.53333333333336,2.3666666666666667,23846,1,0.333
2021-10-13,APM Terminals,5,259.28000000000003,2.38,50988,2,0.4
2021-10-13,China Shipping,5,254.66,2.68,49512,2,0.4
2021-10-13,Everport,5,250.82,2.4200000000000004,44465,3,0.6
2021-10-13,TraPac,6,248.48333333333335,2.5,57139,3,0.5
2021-10-13,Yang Ming,9,256.8888888888889,2.7444444444444445,95356,4,0.444
2021-10-14,APM Terminals,5,241.6,2.8600000000000003,64401,1,0.2
2021-10-14,China Shipping,4,252.675,2.25,34988,2,0.5
2021-10-14,Everport,2,246.45,3.4,33274,1,0.5
2021-10-14,TraPac,5,248.34,2.3600000000000003,48133,3,0.6
2021-10-14,Yang Ming,5,257.53999999999996,2.2199999999999998,35404,0,0.0
2021-10-15,APM Terminals,6,241.5,2.3833333333333333,53226,2,0.333
2021-10-15,China Shipping,6,244.23333333333335,2.766666666666667,67682,3,0.5
2021-10-15,Everport,5,254.85999999999999,3.06,54383,3,0.6
2021-10-15,TraPac,5,244.26,2.7399999999999998,52855,2,0.4
2021-10-15,Yang Ming,9,255.35555555555553,2.611111111111111,73748,1,0.111
2021-10-16,APM Terminals,3,253.79999999999998,2.533333333333333,25098,0,0.0
2021-10-16,China Shipping,7,256.3,2.9714285714285715,93562,4,0.571
2021-10-16,Everport,7,250.81428571428572,2.8000000000000003,61998,6,0.857
2021-10-16,TraPac,4,256.05,2.375,30020,2,0.5
2021-10-16,Yang Ming,4,256.775,2.8249999999999997,45134,1,0.25
2021-10-17,APM Terminals,6,246.78333333333333,2.733333333333333,64429,2,0.333
2021-10-17,China Shipping,5,258.04,2.1399999999999997,32975,3,0.6
2021-10-17,Everport,1,243.2,3.1,16719,0,0.0
2021-10-17,TraPac,5,260.54,2.56,48412,1,0.2
2021-10-17,Yang Ming,4,246.175,2.725,40409,1,0.25
2021-10-18,APM Terminals,5,253.48000000000002,1.98,20766,0,0.0
2021-10-18,China Shipping,1,273.6,2.9,15790,0,0.0
2021-10-18,Everport,6,247.71666666666667,2.85,61072,2,0.333
2021-10-18,TraPac,3,250.70000000000002,2.6999999999999997,29164,1,0.333
2021-10-18,Yang Ming,6,254.9,2.6666666666666665,56361,1,0.167
2021-10-19,APM Terminals,2,236.25,3.25,27838,1,0.5
2021-10-19,China Shipping,6,259.93333333333334,2.1999999999999997,50603,2,0.333
2021-10-19,Everport,7,247.35714285714286,2.457142857142857,65224,3,0.429
2021-10-19,TraPac,9,252.6222222222222,2.6888888888888887,102470,5,0.556
2021-10-19,Yang Ming,6,255.26666666666665,3.016666666666667,59550,4,0.667
2021-10-20,APM Terminals,8,254.5,2.8,94515,5,0.625
2021-10-20,China Shipping,4,265.6,3.325,52722,1,0.25
2021-10-20,Everport,3,246.0,2.6666666666666665,36600,1,0.333
2021-10-20,TraPac,4,250.64999999999998,2.0,46092,3,0.75
2021-10-20,Yang Ming,8,244.4125,2.75,91609,5,0.625
2021-10-21,APM Terminals,6,257.18333333333334,2.433333333333333,55672,2,0.333
2021-10-21,China Shipping,5,249.76,2.82,48952,3,0.6
2021-10-21,Everport,5,250.06,2.44,34534,3,0.6
2021-10-21,TraPac,3,247.30000000000004,2.3666666666666667,29908,2,0.667
2021-10-21,Yang Ming,3,260.40000000000003,2.8333333333333335,36482,1,0.333
2021-10-22,APM Terminals,1,263.3,2.0,6399,0,0.0
2021-10-22,China Shipping,4,252.025,2.25,34895,3,0.75
2021-10-22,Everport,9,254.17777777777778,2.477777777777778,85727,5,0.556
2021-10-22,TraPac,3,251.36666666666667,2.3000000000000003,28980,0,0.0
2021-10-22,Yang Ming,5,251.35999999999999,1.94,42542,1,0.2
2021-10-23,APM Terminals,7,265.81428571428575,2.314285714285714,52153,5,0.714
2021-10-23,China Shipping,1,227.0,1.6,10162,0,0.0
2021-10-23,Everport,3,238.79999999999998,2.566666666666667,30515,1,0.333
2021-10-23,TraPac,6,257.45,2.1666666666666665,39405,1,0.167
2021-10-23,Yang Ming,6,248.51666666666665,2.9166666666666665,79599,2,0.333
2021-10-24,APM Terminals,3,262.6333333333333,3.466666666666667,47244,1,0.333
2021-10-24,China Shipping,2,257.55,2.8,33166,1,0.5
2021-10-24,Everport,5,258.64,2.7600000000000002,53902,2,0.4
2021-10-24,TraPac,4,262.4,2.2,30124,0,0.0
2021-10-24,Yang Ming,1,263.2,2.9,6482,0,0.0
2021-10-25,APM Terminals,7,252.7571428571429,2.7857142857142856,74724,5,0.714
2021-10-25,China Shipping,6,249.73333333333335,3.0500000000000003,80286,3,0.5
2021-10-25,Everport,6,252.61666666666667,2.533333333333333,53142,2,0.333
2021-10-25,TraPac,7,252.92857142857142,2.7714285714285714,79838,1,0.143
2021-10-25,Yang Ming,4,248.15,2.225,25403,2,0.5
2021-10-26,APM Terminals,6,254.06666666666663,2.483333333333333,63585,3,0.5
2021-10-26,China Shipping,5,254.84,2.3600000000000003,38798,2,0.4
2021-10-26,Everport,7,252.65714285714287,2.257142857142857,62394,2,0.286
2021-10-26,TraPac,5,265.2,3.38,76969,2,0.4
2021-10-26,Yang Ming,2,253.95,3.5,28208,1,0.5
2021-10-27,APM Terminals,2,266.05,2.8,25901,1,0.5
2021-10-27,China Shipping,3,245.9,2.566666666666667,35473,1,0.333
2021-10-27,Everport,1,248.0,2.8,11066,1,1.0
2021-10-27,TraPac,6,244.95000000000002,2.9333333333333336,80345,4,0.667
2021-10-27,Yang Ming,4,257.15000000000003,2.9,46331,0,0.0
2021-10-28,APM Terminals,7,252.42857142857142,3.314285714285714,90493,2,0.286
2021-10-28,China Shipping,3,252.6,2.466666666666667,19942,1,0.333
2021-10-28,Everport,5,261.54,3.16,65156,0,0.0
2021-10-28,TraPac,5,261.96,2.14,47665,2,0.4
2021-10-28,Yang Ming,3,241.16666666666666,2.1,19929,2,0.667
2021-10-29,APM Terminals,4,245.725,2.65,45633,1,0.25
2021-10-29,China Shipping,9,250.22222222222223,2.5444444444444443,91906,3,0.333
2021-10-29,Everport,1,242.9,2.9,10051,0,0.0
2021-10-29,TraPac,3,243.0666666666667,2.6,29748,1,0.333
2021-10-29,Yang Ming,7,251.65714285714284,2.442857142857143,76753,3,0.429
2021-10-30,APM Terminals,6,251.38333333333333,2.6166666666666667,58267,4,0.667
2021-10-30,China Shipping,4,238.975,2.4000000000000004,35363,2,0.5
2021-10-30,Everport,1,253.0,4.1,17278,0,0.0
2021-10-30,TraPac,1,234.7,3.6,15585,1,1.0
2021-10-30,Yang Ming,9,248.06666666666666,2.566666666666667,74469,5,0.556
2021-10-31,APM Terminals,8,249.075,2.475,67822,6,0.75
2021-10-31,China Shipping,2,257.1,2.75,22447,2,1.0
2021-10-31,Everport,4,255.7,2.5,37298,0,0.0
2021-10-31,TraPac,1,264.3,2.0,7078,0,0.0
2021-10-31,Yang Ming,1,245.7,2.6,6318,0,0.0
2021-11-01,APM Terminals,4,252.5,2.3,38256,2,0.5
2021-11-01,China Shipping,7,250.85714285714286,2.7285714285714286,73848,2,0.286
2021-11-01,Everport,2,247.4,2.3,22924,0,0.0
2021-11-01,TraPac,8,250.3375,2.55,84481,3,0.375
2021-11-01,Yang Ming,4,256.875,2.3,29091,1,0.25
2021-11-02,APM Terminals,4,251.4,3.1,49895,0,0.0
2021-11-02,China Shipping,4,254.775,1.8,21605,2,0.5
2021-11-02,Everport,4,250.7,2.1,35602,1,0.25
2021-11-02,TraPac,4,236.375,2.7750000000000004,44275,2,0.5
2021-11-02,Yang Ming,3,246.03333333333333,3.0,32038,1,0.333
2021-11-03,APM Terminals,3,240.73333333333335,3.0,35265,2,0.667
2021-11-03,China Shipping,4,248.70000000000002,2.925,43514,2,0.5
2021-11-03,Everport,5,250.28000000000003,1.9600000000000002,34553,5,1.0
2021-11-03,TraPac,2,262.04999999999995,3.7,32496,2,1.0
2021-11-03,Yang Ming,5,242.61999999999998,3.02,65968,1,0.2
2021-11-04,APM Terminals,5,251.64000000000001,2.6399999999999997,56706,0,0.0
2021-11-04,China Shipping,4,260.475,2.675,46895,2,0.5
2021-11-04,Everport,5,257.8,1.9600000000000002,26788,1,0.2
2021-11-04,TraPac,5,262.88,2.62,67056,3,0.6
2021-11-04,Yang Ming,2,256.2,2.65,26901,0,0.0
2021-11-05,APM Terminals,7,258.75714285714287,2.6142857142857143,76612,6,0.857
2021-11-05,China Shipping,9,255.72222222222223,2.8777777777777778,102206,2,0.222
2021-11-05,Everport,5,255.85999999999999,2.6399999999999997,50641,2,0.4
2021-11-05,TraPac,2,249.0,2.2,14565,1,0.5
2021-11-05,Yang Ming,3,254.0,2.3333333333333335,25114,0,0.0
2021-11-06,China Shipping,2,261.20000000000005,3.3499999999999996,25825,1,0.5
2021-11-06,Everport,9,246.44444444444446,2.5444444444444447,106683,4,0.444
2021-11-06,TraPac,5,245.66,3.22,63794,3,0.6
2021-11-06,Yang Ming,2,245.3,2.95,21949,1,0.5
2021-11-07,APM Terminals,2,260.0,2.3,20436,2,1.0
2021-11-07,China Shipping,3,254.6,3.033333333333333,28848,1,0.333
2021-11-07,Everport,2,265.54999999999995,2.75,27474,0,0.0
2021-11-07,TraPac,6,246.48333333333335,2.783333333333333,73001,2,0.333
2021-11-07,Yang Ming,2,253.75,3.1,27524,0,0.0
2021-11-08,APM Terminals,5,246.88000000000002,2.48,33931,3,0.6
2021-11-08,China Shipping,6,243.9,2.3000000000000003,52788,1,0.167
2021-11-08,Everport,2,266.2,2.25,7973,2,1.0
2021-11-08,TraPac,2,245.4,2.05,12477,1,0.5
2021-11-08,Yang Ming,5,265.62,2.8400000000000003,49382,2,0.4
2021-11-09,APM Terminals,8,256.0375,2.5625,68820,3,0.375
2021-11-09,China Shipping,6,248.55000000000004,2.6666666666666665,54826,0,0.0
2021-11-09,Everport,3,270.40000000000003,3.4,43632,2,0.667
2021-11-09,TraPac,3,255.5333333333333,3.1666666666666665,46903,2,0.667
2021-11-09,Yang Ming,3,251.5666666666667,2.566666666666667,36211,1,0.333
2021-11-10,APM Terminals,7,249.57142857142858,2.542857142857143,61236,1,0.143
2021-11-10,China Shipping,6,252.35,2.8166666666666664,68101,3,0.5
2021-11-10,Everport,4,265.65,2.55,38854,1,0.25
2021-11-10,Yang Ming,6,246.03333333333333,2.3000000000000003,48628,1,0.167
2021-11-11,APM Terminals,1,272.2,2.5,10312,0,0.0
2021-11-11,China Shipping,3,258.5333333333333,2.6333333333333333,28841,1,0.333
2021-11-11,Everport,6,254.29999999999998,2.65,71899,3,0.5
2021-11-11,TraPac,5,254.66,2.98,64048,1,0.2
2021-11-11,Yang Ming,6,246.46666666666667,2.5833333333333335,52472,5,0.833
2021-11-12,APM Terminals,8,251.4,2.3,68823,5,0.625
2021-11-12,China Shipping,5,250.61999999999998,3.12,65019,4,0.8
2021-11-12,Everport,3,256.23333333333335,2.6,30429,0,0.0
2021-11-12,TraPac,4,256.625,2.875,43827,1,0.25
2021-11-12,Yang Ming,5,261.65999999999997,2.8,51871,3,0.6
2021-11-13,APM Terminals,2,257.4,3.3499999999999996,26869,1,0.5
2021-11-13,China Shipping,1,244.7,3.3,14954,0,0.0
2021-11-13,Everport,6,262.8833333333333,2.1166666666666667,41413,3,0.5
2021-11-13,TraPac,3,236.5666666666667,2.066666666666667,15528,2,0.667
2021-11-13,Yang Ming,4,255.375,2.725,40088,2,0.5
2021-11-14,APM Terminals,3,244.26666666666665,2.6666666666666665,38351,1,0.333
2021-11-14,Everport,3,262.93333333333334,2.1666666666666665,20139,0,0.0
2021-11-14,TraPac,3,246.83333333333334,3.1666666666666665,38005,1,0.333
2021-11-15,APM Terminals,5,246.51999999999998,2.54,45607,4,0.8
2021-11-15,China Shipping,4,255.2,2.0,25834,0,0.0
2021-11-15,Everport,3,249.69999999999996,2.733333333333333,33699,1,0.333
2021-11-15,TraPac,3,252.66666666666666,1.7666666666666666,19731,2,0.667
2021-11-15,Yang Ming,3,265.56666666666666,2.8000000000000003,32701,1,0.333
2021-11-16,APM Terminals,4,250.1,2.8,41114,3,0.75
2021-11-16,China Shipping,8,259.53749999999997,2.7625,78923,2,0.25
2021-11-16,Everport,5,253.5,3.04,62894,2,0.4
2021-11-16,TraPac,2,251.05,3.3,27389,0,0.0
2021-11-16,Yang Ming,5,258.65999999999997,2.7399999999999998,61748,2,0.4
2021-11-17,APM Terminals,5,249.92,2.54,42005,3,0.6
2021-11-17,China Shipping,3,248.53333333333333,2.8000000000000003,36124,0,0.0
2021-11-17,Everport,5,243.24,2.62,49041,1,0.2
2021-11-17,TraPac,4,254.32500000000002,2.075,26873,2,0.5
2021-11-17,Yang Ming,5,259.04,2.7600000000000002,66107,2,0.4
2021-11-18,APM Terminals,4,247.925,2.475,38021,3,0.75
2021-11-18,China Shipping,4,251.95,2.45,36298,4,1.0
2021-11-18,Everport,4,251.45,2.95,52061,2,0.5
2021-11-18,TraPac,6,251.04999999999998,2.0833333333333335,46778,4,0.667
2021-11-18,Yang Ming,7,256.0857142857143,2.4714285714285715,74718,2,0.286
2021-11-19,APM Terminals,5,256.4,2.02,32745,1,0.2
2021-11-19,China Shipping,7,249.02857142857144,3.1714285714285713,81614,3,0.429
2021-11-19,Everport,3,253.33333333333334,2.566666666666667,24535,1,0.333
2021-11-19,TraPac,4,255.6,2.5,31291,2,0.5
2021-11-19,Yang Ming,4,243.7,2.1,22823,2,0.5
2021-11-20,APM Terminals,4,243.85,2.6,36229,1,0.25
2021-11-20,China Shipping,2,243.5,1.85,13678,0,0.0
2021-11-20,Everport,7,253.24285714285716,2.6285714285714286,72552,2,0.286
2021-11-20,TraPac,1,245.0,2.7,6609,0,0.0
2021-11-20,Yang Ming,2,256.45,2.5,13774,1,0.5
2021-11-21,APM Terminals,2,244.14999999999998,1.6,7267,1,0.5
2021-11-21,China Shipping,1,275.5,2.7,10123,0,0.0
2021-11-21,Everport,4,250.85,2.9,45403,2,0.5
2021-11-21,TraPac,6,245.36666666666667,2.5500000000000003,61498,4,0.667
2021-11-21,Yang Ming,3,251.69999999999996,2.3666666666666667,22887,1,0.333
2021-11-22,APM Terminals,2,243.7,2.7,21164,1,0.5
2021-11-22,China Shipping,4,244.425,2.525,34652,1,0.25
2021-11-22,Everport,1,262.4,4.0,16682,1,1.0
2021-11-22,TraPac,6,256.81666666666666,3.266666666666667,76243,4,0.667
2021-11-22,Yang Ming,7,250.05714285714288,2.0714285714285716,51185,2,0.286
2021-11-23,APM Terminals,2,243.05,2.55,21373,2,1.0
2021-11-23,China Shipping,10,256.3,2.35,71429,3,0.3
2021-11-23,Everport,6,259.4666666666667,2.3666666666666667,40962,2,0.333
2021-11-23,TraPac,1,232.2,2.4,11621,1,1.0
2021-11-23,Yang Ming,4,241.275,2.375,36593,0,0.0
2021-11-24,APM Terminals,2,265.0,1.8,7160,0,0.0
2021-11-24,China Shipping,1,229.2,1.4,2348,1,1.0
2021-11-24,Everport,6,259.78333333333336,2.8000000000000003,58943,3,0.5
2021-11-24,TraPac,3,241.23333333333335,2.733333333333333,34413,2,0.667
2021-11-24,Yang Ming,4,244.625,2.425,47633,1,0.25
2021-11-25,APM Terminals,2,246.35,2.95,26198,1,0.5
2021-11-25,China Shipping,4,248.125,2.875,46806,3,0.75
2021-11-25,Everport,2,249.10000000000002,2.6500000000000004,22037,1,0.5
2021-11-25,TraPac,3,256.8,2.0,24553,1,0.333
2021-11-25,Yang Ming,6,240.41666666666666,2.8333333333333335,68282,4,0.667
2021-11-26,APM Terminals,4,248.025,3.05,54321,3,0.75
2021-11-26,China Shipping,4,253.95,2.575,43783,2,0.5
2021-11-26,Everport,5,255.06,2.96,60236,1,0.2
2021-11-26,TraPac,8,263.675,2.3625,63572,3,0.375
2021-11-26,Yang Ming,7,252.08571428571426,2.414285714285714,64202,2,0.286
2021-11-27,APM Terminals,2,259.35,2.8,18302,2,1.0
2021-11-27,China Shipping,3,266.96666666666664,2.4,24856,1,0.333
2021-11-27,Everport,3,260.06666666666666,2.3333333333333335,29125,2,0.667
2021-11-27,TraPac,4,261.75,2.3,35264,3,0.75
2021-11-27,Yang Ming,2,256.6,1.85,8650,0,0.0
2021-11-28,APM Terminals,1,254.1,1.9,6344,1,1.0
2021-11-28,China Shipping,1,246.2,2.1,901,1,1.0
2021-11-28,Everport,2,239.55,2.55,23973,1,0.5
2021-11-28,TraPac,3,244.6,2.866666666666667,32899,1,0.333
2021-11-28,Yang Ming,4,254.975,2.4,34647,1,0.25
2021-11-29,APM Terminals,3,237.9333333333333,2.466666666666667,23373,1,0.333
2021-11-29,China Shipping,2,259.75,1.85,13724,0,0.0
2021-11-29,Everport,3,252.63333333333333,2.6333333333333333,29757,1,0.333
2021-11-29,TraPac,9,246.7888888888889,2.3666666666666667,81862,4,0.444
2021-11-29,Yang Ming,5,245.98000000000002,2.2,48656,4,0.8
2021-11-30,APM Terminals,7,253.54285714285714,2.7285714285714286,67001,3,0.429
2021-11-30,China Shipping,3,243.23333333333335,2.6,28577,2,0.667
2021-11-30,Everport,2,239.85000000000002,3.15,27195,2,1.0
2021-11-30,TraPac,5,262.18,2.7,56789,2,0.4
2021-11-30,Yang Ming,1,263.9,3.8,16861,0,0.0
2021-12-01,APM Terminals,12,255.51666666666665,2.3583333333333334,154568,4,0.333
2021-12-01,China Shipping,4,255.85,2.275,37604,2,0.5
2021-12-01,Everport,3,269.93333333333334,1.1666666666666667,14998,1,0.333
2021-12-01,TraPac,6,251.70000000000002,1.8333333333333333,41800,4,0.667
2021-12-01,Yang Ming,4,246.2,1.725,35061,3,0.75
2021-12-02,APM Terminals,7,240.29999999999998,2.3714285714285714,79096,0,0.0
2021-12-02,China Shipping,4,249.125,2.6,58686,1,0.25
2021-12-02,Everport,2,242.15,2.1,16932,1,0.5
2021-12-02,TraPac,6,259.6666666666667,1.7666666666666666,49650,2,0.333
2021-12-02,Yang Ming,9,258.6444444444444,2.088888888888889,72710,5,0.556
2021-12-03,APM Terminals,2,266.04999999999995,2.3,24379,2,1.0
2021-12-03,China Shipping,8,249.7625,2.2125,75290,4,0.5
2021-12-03,Everport,7,249.15714285714284,2.085714285714286,57078,4,0.571
2021-12-03,TraPac,6,256.40000000000003,2.3000000000000003,58907,2,0.333
2021-12-03,Yang Ming,7,247.41428571428574,1.5,44215,4,0.571
2021-12-04,APM Terminals,3,252.86666666666667,2.466666666666667,39930,1,0.333
2021-12-04,China Shipping,3,255.33333333333334,1.9666666666666668,34818,0,0.0
2021-12-04,Everport,9,254.15555555555557,2.3777777777777778,114568,2,0.222
2021-12-04,TraPac,7,256.5571428571429,2.3000000000000003,77282,0,0.0
2021-12-04,Yang Ming,7,255.64285714285714,2.414285714285714,89374,2,0.286
2021-12-05,APM Terminals,3,231.70000000000002,2.6666666666666665,41271,2,0.667
2021-12-05,China Shipping,5,246.88000000000002,2.34,44641,5,1.0
2021-12-05,Everport,5,270.58000000000004,1.98,46166,2,0.4
2021-12-05,TraPac,8,260.5625,2.2375,80740,4,0.5
2021-12-05,Yang Ming,6,248.83333333333334,2.2333333333333334,69358,1,0.167
2021-12-06,APM Terminals,7,247.42857142857142,2.1142857142857143,56162,3,0.429
2021-12-06,China Shipping,3,255.83333333333334,2.1,32808,0,0.0
2021-12-06,Everport,6,254.6833333333333,2.3000000000000003,74303,4,0.667
2021-12-06,TraPac,6,242.61666666666667,2.1666666666666665,61441,4,0.667
2021-12-06,Yang Ming,11,244.33636363636361,1.9636363636363638,114949,4,0.364
2021-12-07,APM Terminals,4,251.675,2.1,42215,1,0.25
2021-12-07,China Shipping,2,233.89999999999998,2.1,19026,1,0.5
2021-12-07,Everport,4,247.6,2.65,44611,1,0.25
2021-12-07,TraPac,6,234.41666666666666,2.2333333333333334,60610,3,0.5
2021-12-07,Yang Ming,6,252.29999999999998,2.15,52710,4,0.667
2021-12-08,APM Terminals,2,257.7,2.3,26398,0,0.0
2021-12-08,China Shipping,6,253.13333333333333,1.7,44972,2,0.333
2021-12-08,Everport,5,254.9,2.2600000000000002,55012,2,0.4
2021-12-08,TraPac,5,240.54000000000002,1.6600000000000001,35303,3,0.6
2021-12-08,Yang Ming,5,238.6,2.04,54681,0,0.0
2021-12-09,APM Terminals,8,254.15,1.625,56075,5,0.625
2021-12-09,China Shipping,4,244.2,2.4,39647,3,0.75
2021-12-09,Everport,6,245.79999999999998,2.0,47203,4,0.667
2021-12-09,TraPac,3,268.56666666666666,2.0666666666666664,23612,1,0.333
2021-12-09,Yang Ming,4,253.175,1.9,34930,1,0.25
2021-12-10,APM Terminals,8,252.7625,2.25,83722,2,0.25
2021-12-10,China Shipping,4,261.7,1.875,41962,2,0.5
2021-12-10,Everport,5,258.08000000000004,2.26,44844,1,0.2
2021-12-10,TraPac,8,254.7,1.9500000000000002,68200,4,0.5
2021-12-10,Yang Ming,8,252.3125,2.025,71155,2,0.25
2021-12-11,APM Terminals,4,245.525,2.525,54868,2,0.5
2021-12-11,China Shipping,5,248.54000000000002,2.0,42551,2,0.4
2021-12-11,Everport,6,259.4166666666667,1.95,41725,2,0.333
2021-12-11,TraPac,4,258.95,2.1500000000000004,50585,0,0.0
2021-12-11,Yang Ming,3,248.63333333333335,2.0,29638,2,0.667
2021-12-12,APM Terminals,3,248.26666666666665,1.9666666666666668,24585,1,0.333
2021-12-12,China Shipping,1,247.5,1.4,2183,1,1.0
2021-12-12,Everport,8,242.15,2.025,78491,3,0.375
2021-12-12,TraPac,4,245.425,2.075,38677,1,0.25
2021-12-12,Yang Ming,5,253.95999999999998,1.92,43020,3,0.6
2021-12-13,APM Terminals,6,251.76666666666665,2.3833333333333333,66223,3,0.5
2021-12-13,China Shipping,3,264.23333333333335,2.3000000000000003,34183,1,0.333
2021-12-13,Everport,4,255.64999999999998,2.25,38933,2,0.5
2021-12-13,TraPac,8,247.0875,2.2375,83974,4,0.5
2021-12-13,Yang Ming,4,256.875,2.05,36462,2,0.5
2021-12-14,APM Terminals,5,260.88,1.98,47560,1,0.2
2021-12-14,China Shipping,5,249.54000000000002,1.94,46991,2,0.4
2021-12-14,Everport,4,256.225,2.3000000000000003,47146,1,0.25
2021-12-14,TraPac,4,244.275,1.8250000000000002,52170,3,0.75
2021-12-14,Yang Ming,6,260.18333333333334,1.4833333333333334,24924,1,0.167
2021-12-15,APM Terminals,4,249.97500000000002,2.0,36552,1,0.25
2021-12-15,China Shipping,5,252.17999999999998,2.54,71069,3,0.6
2021-12-15,Everport,14,257.8642857142857,2.042857142857143,127226,5,0.357
2021-12-15,TraPac,7,251.57142857142858,2.185714285714286,71347,4,0.571
2021-12-15,Yang Ming,11,250.6909090909091,2.018181818181818,100921,4,0.364
2021-12-16,APM Terminals,12,244.9,2.4166666666666665,133224,6,0.5
2021-12-16,China Shipping,8,247.725,2.1375,88637,2,0.25
2021-12-16,Everport,8,258.0375,2.075,66929,2,0.25
2021-12-16,TraPac,5,255.42,1.92,51899,3,0.6
2021-12-16,Yang Ming,3,243.5333333333333,1.9333333333333333,24468,1,0.333
2021-12-17,APM Terminals,5,249.95999999999998,1.6199999999999999,28977,3,0.6
2021-12-17,China Shipping,7,254.62857142857143,2.1142857142857143,55239,4,0.571
2021-12-17,Everport,6,246.86666666666667,2.1166666666666667,63346,3,0.5
2021-12-17,TraPac,4,243.225,2.0749999999999997,37992,1,0.25
2021-12-17,Yang Ming,6,249.28333333333333,1.9333333333333333,60165,2,0.333
2021-12-18,APM Terminals,5,258.1,1.5,18261,2,0.4
2021-12-18,China Shipping,4,254.02499999999998,2.3,44204,1,0.25
2021-12-18,Everport,3,272.8,2.066666666666667,28552,1,0.333
2021-12-18,TraPac,1,230.8,1.4,6471,0,0.0
2021-12-18,Yang Ming,3,242.63333333333333,2.1333333333333333,36856,1,0.333
2021-12-19,APM Terminals,2,256.65,2.35,17285,0,0.0
2021-12-19,China Shipping,7,249.67142857142858,2.257142857142857,86139,3,0.429
2021-12-19,Everport,3,245.20000000000002,2.2333333333333334,31629,0,0.0
2021-12-19,TraPac,8,256.6875,2.3625,93046,4,0.5
2021-12-19,Yang Ming,4,244.85,2.15,26309,1,0.25
2021-12-20,APM Terminals,2,246.65,1.5,8883,1,0.5
2021-12-20,China Shipping,4,259.225,2.05,48871,1,0.25
2021-12-20,Everport,1,232.3,1.3,916,0,0.0
2021-12-20,TraPac,6,246.6833333333333,1.9333333333333333,38986,3,0.5
2021-12-20,Yang Ming,5,262.06,2.7199999999999998,69351,3,0.6
2021-12-21,APM Terminals,6,251.71666666666667,2.1666666666666665,66629,3,0.5
2021-12-21,China Shipping,4,255.75,2.25,41511,1,0.25
2021-12-21,Everport,4,235.29999999999998,2.15,45238,1,0.25
2021-12-21,TraPac,6,258.34999999999997,2.466666666666667,62863,2,0.333
2021-12-21,Yang Ming,5,233.3,2.34,54587,3,0.6
2021-12-22,APM Terminals,8,260.625,1.5125,45338,3,0.375
2021-12-22,China Shipping,6,242.88333333333333,2.15,54772,1,0.167
2021-12-22,Everport,3,268.4666666666667,1.5666666666666667,29200,0,0.0
2021-12-22,TraPac,5,256.34000000000003,2.44,45655,3,0.6
2021-12-22,Yang Ming,2,260.5,1.65,17438,0,0.0
2021-12-23,APM Terminals,8,257.5875,2.2625,81094,1,0.125
2021-12-23,China Shipping,8,255.28750000000002,2.3875,98637,3,0.375
2021-12-23,Everport,7,251.64285714285714,2.6142857142857143,86168,2,0.286
2021-12-23,TraPac,4,262.125,2.325,46742,0,0.0
2021-12-23,Yang Ming,3,248.53333333333333,2.2333333333333334,15248,1,0.333
2021-12-24,APM Terminals,3,256.7333333333333,2.266666666666667,36787,1,0.333
2021-12-24,China Shipping,3,247.5666666666667,2.3666666666666667,32583,1,0.333
2021-12-24,Everport,11,251.46363636363637,2.3181818181818183,125619,5,0.455
2021-12-24,TraPac,2,240.6,2.75,33334,0,0.0
2021-12-24,Yang Ming,4,253.3,1.65,36478,1,0.25
2021-12-25,APM Terminals,6,253.68333333333337,2.4833333333333334,66401,3,0.5
2021-12-25,China Shipping,6,251.38333333333333,2.1999999999999997,58186,5,0.833
2021-12-25,Everport,1,262.2,1.7,6211,0,0.0
2021-12-25,TraPac,2,262.45,2.55,27093,1,0.5
2021-12-25,Yang Ming,7,256.74285714285713,1.8142857142857145,50899,3,0.429
2021-12-26,APM Terminals,6,247.66666666666666,1.9833333333333334,49480,1,0.167
2021-12-26,China Shipping,5,262.68,2.1399999999999997,55547,1,0.2
2021-12-26,Everport,2,255.5,2.1500000000000004,12978,1,0.5
2021-12-26,TraPac,3,247.79999999999998,1.8333333333333333,23721,3,1.0
2021-12-26,Yang Ming,10,244.79000000000002,2.07,99874,5,0.5
2021-12-27,APM Terminals,5,247.01999999999998,2.2399999999999998,42122,0,0.0
2021-12-27,China Shipping,8,253.425,2.55,107178,5,0.625
2021-12-27,Everport,3,251.86666666666667,2.6,36561,0,0.0
2021-12-27,TraPac,5,257.12,1.7,24244,2,0.4
2021-12-27,Yang Ming,5,252.08,2.08,38021,3,0.6
2021-12-28,APM Terminals,7,247.6142857142857,2.257142857142857,80454,2,0.286
2021-12-28,China Shipping,10,255.5,2.46,118711,2,0.2
2021-12-28,Everport,2,264.65,1.9,17561,1,0.5
2021-12-28,TraPac,4,249.1,2.3,46093,2,0.5
2021-12-28,Yang Ming,3,248.0666666666667,2.4333333333333336,33731,2,0.667
2021-12-29,APM Terminals,12,241.475,2.308333333333333,131391,2,0.167
2021-12-29,China Shipping,11,248.5727272727273,2.1363636363636362,113099,7,0.636
2021-12-29,Everport,9,259.9222222222222,1.9888888888888887,85607,1,0.111
2021-12-29,TraPac,6,235.54999999999998,2.0166666666666666,55578,4,0.667
2021-12-29,Yang Ming,8,252.9375,2.3125,84051,4,0.5
2021-12-30,APM Terminals,7,248.6142857142857,2.0571428571428574,72236,2,0.286
2021-12-30,China Shipping,6,256.84999999999997,1.7166666666666668,37973,1,0.167
2021-12-30,Everport,7,257.0285714285714,2.0142857142857142,62875,5,0.714
2021-12-30,TraPac,7,264.5571428571429,1.9285714285714286,63044,3,0.429
2021-12-30,Yang Ming,8,246.0125,2.1375,84953,4,0.5
2021-12-31,APM Terminals,8,248.225,2.3375,98851,3,0.375
2021-12-31,China Shipping,7,258.24285714285713,2.457142857142857,82953,3,0.429
2021-12-31,Everport,3,250.16666666666666,2.1999999999999997,32532,1,0.333
2021-12-31,TraPac,3,255.16666666666666,2.1333333333333333,31454,0,0.0
2021-12-31,Yang Ming,9,262.2444444444444,2.0999999999999996,76600,4,0.444
2022-01-01,APM Terminals,3,105.63333333333333,2.3333333333333335,33415,2,0.667
2022-01-01,China Shipping,10,88.42,1.95,84557,2,0.2
2022-01-01,Everport,4,91.875,2.375,50916,2,0.5
2022-01-01,TraPac,9,87.66666666666667,1.9222222222222223,77453,3,0.333
2022-01-01,Yang Ming,4,89.95,2.5,39238,1,0.25
2022-01-02,APM Terminals,1,92.8,2.6,16545,0,0.0
2022-01-02,China Shipping,5,82.6,1.8800000000000001,40351,1,0.2
2022-01-02,Everport,2,88.5,1.2000000000000002,8474,1,0.5
2022-01-02,TraPac,6,89.71666666666665,1.7333333333333334,39533,2,0.333
2022-01-02,Yang Ming,5,89.24000000000001,1.8,29102,0,0.0
2022-01-03,APM Terminals,1,89.4,2.5,6383,0,0.0
2022-01-03,China Shipping,5,81.94,1.8200000000000003,48416,0,0.0
2022-01-03,Everport,5,98.24,2.3600000000000003,58006,3,0.6
2022-01-03,TraPac,9,97.32222222222222,2.011111111111111,77264,2,0.222
2022-01-03,Yang Ming,4,84.55000000000001,2.425,49253,0,0.0
2022-01-04,APM Terminals,7,93.0,1.9857142857142858,53562,1,0.143
2022-01-04,China Shipping,5,91.47999999999999,1.7399999999999998,26806,1,0.2
2022-01-04,Everport,5,86.2,2.2399999999999998,55680,0,0.0
2022-01-04,TraPac,2,89.0,2.25,22025,1,0.5
2022-01-04,Yang Ming,1,87.4,1.7,11016,0,0.0
2022-01-05,APM Terminals,6,87.3,2.0166666666666666,50050,1,0.167
2022-01-05,China Shipping,2,92.25,1.9,17570,0,0.0
2022-01-05,Everport,7,78.89999999999999,1.8285714285714285,53093,2,0.286
2022-01-05,TraPac,4,84.35,1.475,24026,2,0.5
2022-01-05,Yang Ming,7,93.18571428571428,1.5999999999999999,52069,2,0.286
2022-01-06,APM Terminals,6,87.21666666666665,2.483333333333333,77595,1,0.167
2022-01-06,China Shipping,9,89.56666666666666,1.8111111111111111,61467,0,0.0
2022-01-06,Everport,3,81.03333333333333,2.2333333333333334,33861,1,0.333
2022-01-06,TraPac,2,101.44999999999999,2.85,32129,1,0.5
2022-01-06,Yang Ming,8,86.2875,2.15,67611,2,0.25
2022-01-07,APM Terminals,4,108.875,2.4000000000000004,55499,1,0.25
2022-01-07,China Shipping,5,85.6,1.8,46036,0,0.0
2022-01-07,Everport,8,86.35,1.7375,73148,2,0.25
2022-01-07,TraPac,5,87.67999999999999,2.1399999999999997,39588,0,0.0
2022-01-07,Yang Ming,4,93.625,2.125,38530,0,0.0
2022-01-08,APM Terminals,8,89.025,2.5875000000000004,99408,3,0.375
2022-01-08,China Shipping,5,90.42,2.04,43237,1,0.2
2022-01-08,Everport,1,88.0,2.4,11197,0,0.0
2022-01-08,TraPac,2,92.15,2.6500000000000004,27777,0,0.0
2022-01-08,Yang Ming,4,82.85,2.2,33288,0,0.0
2022-01-09,APM Terminals,6,85.35000000000001,1.9833333333333334,49725,1,0.167
2022-01-09,China Shipping,3,84.73333333333333,2.466666666666667,34653,1,0.333
2022-01-09,Everport,4,86.8,2.3,41707,0,0.0
2022-01-09,TraPac,4,88.0,1.425,17914,0,0.0
2022-01-09,Yang Ming,5,81.44000000000001,1.6199999999999999,31531,0,0.0
2022-01-10,APM Terminals,3,96.89999999999999,1.5999999999999999,18741,1,0.333
2022-01-10,China Shipping,4,92.975,1.975,34836,0,0.0
2022-01-10,Everport,5,89.62,1.86,42784,2,0.4
2022-01-10,TraPac,9,97.6,2.2666666666666666,86177,3,0.333
2022-01-10,Yang Ming,2,100.19999999999999,2.5,22442,0,0.0
2022-01-11,APM Terminals,5,96.0,2.32,46261,0,0.0
2022-01-11,China Shipping,2,103.2,1.6,12629,0,0.0
2022-01-11,Everport,3,91.26666666666667,1.8333333333333333,22491,1,0.333
2022-01-11,TraPac,4,87.7,2.25,39682,0,0.0
2022-01-11,Yang Ming,3,90.7,2.3666666666666667,40531,0,0.0
2022-01-12,APM Terminals,9,86.92222222222223,2.2555555555555555,77851,1,0.111
2022-01-12,China Shipping,9,85.13333333333334,2.022222222222222,101180,1,0.111
2022-01-12,Everport,4,85.7,2.225,40503,1,0.25
2022-01-12,TraPac,7,90.54285714285713,2.1,64673,2,0.286
2022-01-12,Yang Ming,3,85.26666666666667,1.8666666666666665,24858,1,0.333
2022-01-13,APM Terminals,2,101.95,1.5499999999999998,11271,0,0.0
2022-01-13,China Shipping,9,93.58888888888889,1.8777777777777775,78538,1,0.111
2022-01-13,Everport,8,93.8625,2.125,72073,2,0.25
2022-01-13,TraPac,4,102.0,2.2,30788,0,0.0
2022-01-13,Yang Ming,10,93.4,2.18,103711,0,0.0
2022-01-14,APM Terminals,5,91.86,2.02,46436,0,0.0
2022-01-14,China Shipping,6,94.06666666666666,2.0166666666666666,51701,0,0.0
2022-01-14,Everport,8,90.35,2.0749999999999997,65303,1,0.125
2022-01-14,TraPac,4,86.5,1.825,29897,0,0.0
2022-01-14,Yang Ming,4,90.275,2.15,54167,1,0.25
2022-01-15,APM Terminals,8,92.0125,2.3375,89980,2,0.25
2022-01-15,China Shipping,1,71.2,1.7,6279,0,0.0
2022-01-15,Everport,11,87.19090909090909,1.9545454545454546,95981,1,0.091
2022-01-15,TraPac,4,97.15,2.875,54074,1,0.25
2022-01-15,Yang Ming,6,93.31666666666666,2.0166666666666666,46376,1,0.167
2022-01-16,APM Terminals,6,79.53333333333333,1.9333333333333333,51981,3,0.5
2022-01-16,China Shipping,4,87.15,2.575,47779,2,0.5
2022-01-16,Everport,3,90.0,2.533333333333333,48502,0,0.0
2022-01-16,TraPac,6,96.28333333333335,1.9833333333333334,53838,0,0.0
2022-01-16,Yang Ming,4,92.6,1.725,27715,0,0.0
2022-01-17,APM Terminals,11,85.93636363636364,1.9363636363636365,90631,2,0.182
2022-01-17,Everport,5,83.97999999999999,2.48,52250,1,0.2
2022-01-17,TraPac,3,92.73333333333333,2.6,34704,1,0.333
2022-01-17,Yang Ming,11,89.82727272727273,2.518181818181818,139621,0,0.0
2022-01-18,APM Terminals,4,93.7,2.35,40021,3,0.75
2022-01-18,China Shipping,4,86.5,2.05,41696,2,0.5
2022-01-18,Everport,5,78.34,2.08,37680,1,0.2
2022-01-18,TraPac,2,83.85,2.3499999999999996,24385,1,0.5
2022-01-18,Yang Ming,2,92.94999999999999,2.6500000000000004,23886,1,0.5
2022-01-19,APM Terminals,7,95.62857142857142,1.8,65001,0,0.0
2022-01-19,China Shipping,8,88.0375,2.0875000000000004,61967,0,0.0
2022-01-19,Everport,5,91.38,2.32,50073,1,0.2
2022-01-19,TraPac,2,92.25,2.15,24145,0,0.0
2022-01-19,Yang Ming,9,86.37777777777778,1.8888888888888888,77312,2,0.222
2022-01-20,APM Terminals,1,81.4,1.7,11597,1,1.0
2022-01-20,China Shipping,4,77.95,2.0,41769,1,0.25
2022-01-20,Everport,4,98.375,1.475,41483,0,0.0
2022-01-20,TraPac,8,88.975,1.85,62462,4,0.5
2022-01-20,Yang Ming,8,89.375,1.9625,83686,1,0.125
2022-01-21,APM Terminals,4,98.0,1.475,23318,3,0.75
2022-01-21,China Shipping,5,108.58,2.2,55824,0,0.0
2022-01-21,Everport,3,105.60000000000001,2.233333333333333,33618,1,0.333
2022-01-21,TraPac,5,95.04,2.02,46265,0,0.0
2022-01-21,Yang Ming,1,86.9,1.9,11249,1,1.0
2022-01-22,APM Terminals,4,92.125,2.225,38495,0,0.0
2022-01-22,China Shipping,3,88.73333333333333,2.6333333333333333,30207,1,0.333
2022-01-22,TraPac,2,74.15,1.9500000000000002,10905,0,0.0
2022-01-22,Yang Ming,11,94.47272727272728,1.718181818181818,92555,4,0.364
2022-01-23,APM Terminals,7,94.2,2.242857142857143,66199,0,0.0
2022-01-23,China Shipping,1,76.1,1.6,10568,0,0.0
2022-01-23,Everport,2,84.4,1.4,8686,0,0.0
2022-01-23,TraPac,4,94.775,2.475,39029,0,0.0
2022-01-23,Yang Ming,4,94.425,2.25,39007,0,0.0
2022-01-24,APM Terminals,4,93.1,2.275,46620,0,0.0
2022-01-24,China Shipping,12,91.54166666666667,1.9666666666666668,115180,1,0.083
2022-01-24,Everport,8,84.025,2.0875,69727,0,0.0
2022-01-24,TraPac,3,101.2,1.8,25707,1,0.333
2022-01-24,Yang Ming,4,78.375,1.325,27233,0,0.0
2022-01-25,APM Terminals,3,73.26666666666667,2.4333333333333336,31928,1,0.333
2022-01-25,China Shipping,8,88.3125,1.9125,62618,2,0.25
2022-01-25,Everport,2,96.5,3.05,26489,1,0.5
2022-01-25,TraPac,2,106.35,2.0999999999999996,13389,0,0.0
2022-01-25,Yang Ming,6,90.03333333333335,1.8333333333333333,46162,0,0.0
2022-01-26,APM Terminals,4,85.425,1.975,24784,1,0.25
2022-01-26,China Shipping,3,74.3,2.1666666666666665,25144,1,0.333
2022-01-26,Everport,8,95.875,2.1625,79136,0,0.0
2022-01-26,TraPac,4,91.95,2.5,59116,0,0.0
2022-01-26,Yang Ming,10,94.49,1.83,97597,3,0.3
2022-01-27,APM Terminals,2,116.44999999999999,2.1,22464,0,0.0
2022-01-27,China Shipping,6,88.96666666666665,1.8166666666666667,62354,2,0.333
2022-01-27,Everport,1,101.9,2.0,2443,0,0.0
2022-01-27,TraPac,5,84.17999999999999,1.98,50861,0,0.0
2022-01-27,Yang Ming,5,82.76,2.18,51570,0,0.0
2022-01-28,APM Terminals,1,60.5,2.3,15284,0,0.0
2022-01-28,China Shipping,7,88.65714285714286,2.0571428571428574,54678,1,0.143
2022-01-28,TraPac,5,90.97999999999999,2.22,63960,1,0.2
2022-01-28,Yang Ming,4,114.125,1.8,34648,0,0.0
2022-01-29,APM Terminals,7,90.25714285714285,1.9857142857142858,71996,3,0.429
2022-01-29,China Shipping,8,91.425,2.35,85380,1,0.125
2022-01-29,Everport,3,102.76666666666667,2.266666666666667,31888,0,0.0
2022-01-29,TraPac,8,88.75,2.1125,84951,1,0.125
2022-01-29,Yang Ming,8,87.5,2.3125,92750,0,0.0
2022-01-30,APM Terminals,1,122.2,1.4,2361,1,1.0
2022-01-30,China Shipping,4,93.425,2.125,45951,0,0.0
2022-01-30,Everport,5,84.82000000000001,2.8,62318,1,0.2
2022-01-30,TraPac,3,82.36666666666666,1.8,24451,0,0.0
2022-01-30,Yang Ming,3,97.96666666666665,2.1,35338,0,0.0
2022-01-31,APM Terminals,3,81.5,2.1,24274,1,0.333
2022-01-31,China Shipping,1,92.4,1.8,2321,0,0.0
2022-01-31,Everport,4,73.625,2.075,39747,1,0.25
2022-01-31,TraPac,5,86.97999999999999,2.18,51011,1,0.2
2022-01-31,Yang Ming,3,92.5,2.033333333333333,29311,1,0.333
2022-02-01,APM Terminals,5,84.98,2.16,49697,1,0.2
2022-02-01,China Shipping,3,106.53333333333335,2.433333333333333,35944,0,0.0
2022-02-01,Everport,9,93.88888888888889,1.8666666666666667,70169,0,0.0
2022-02-01,TraPac,6,92.18333333333334,1.9833333333333332,43801,0,0.0
2022-02-01,Yang Ming,5,89.74,2.4,56775,0,0.0
2022-02-02,APM Terminals,7,95.24285714285715,2.0285714285714285,65552,0,0.0
2022-02-02,China Shipping,7,85.97142857142856,2.5714285714285716,85911,2,0.286
2022-02-02,Everport,4,85.775,1.825,22496,1,0.25
2022-02-02,TraPac,1,109.1,1.8,11209,0,0.0
2022-02-02,Yang Ming,5,95.52000000000001,1.22,34718,0,0.0
2022-02-03,APM Terminals,4,101.75,2.225,44113,1,0.25
2022-02-03,China Shipping,8,81.9,2.45,98664,1,0.125
2022-02-03,Everport,4,96.9,2.575,56670,0,0.0
2022-02-03,TraPac,3,99.8,2.6999999999999997,36754,1,0.333
2022-02-03,Yang Ming,2,105.35,2.2,28732,0,0.0
2022-02-04,APM Terminals,7,91.15714285714286,2.5,89776,0,0.0
2022-02-04,China Shipping,7,91.87142857142858,2.542857142857143,82140,1,0.143
2022-02-04,Everport,6,96.14999999999999,2.8333333333333335,85676,0,0.0
2022-02-04,TraPac,4,86.75,1.925,34499,1,0.25
2022-02-04,Yang Ming,3,100.3,1.6000000000000003,29030,1,0.333
2022-02-05,APM Terminals,4,80.3,1.8499999999999999,29955,0,0.0
2022-02-05,China Shipping,2,88.80000000000001,1.65,17720,0,0.0
2022-02-05,TraPac,6,84.48333333333333,2.15,61095,1,0.167
2022-02-05,Yang Ming,1,90.5,2.5,11469,0,0.0
2022-02-06,APM Terminals,7,95.04285714285713,2.0142857142857142,64661,1,0.143
2022-02-06,China Shipping,5,99.26,2.2600000000000002,53087,1,0.2
2022-02-06,Everport,5,97.9,2.7,70939,1,0.2
2022-02-06,TraPac,4,84.65,2.1999999999999997,46865,0,0.0
2022-02-06,Yang Ming,2,97.5,2.05,24228,0,0.0
2022-02-07,APM Terminals,5,97.78,2.5,59526,0,0.0
2022-02-07,China Shipping,6,95.60000000000001,2.1333333333333333,59139,1,0.167
2022-02-07,Everport,2,92.94999999999999,2.45,27845,0,0.0
2022-02-07,TraPac,5,95.53999999999999,2.3200000000000003,61333,0,0.0
2022-02-07,Yang Ming,5,92.28,2.2,47417,1,0.2
2022-02-08,APM Terminals,2,104.6,2.2,24256,0,0.0
2022-02-08,China Shipping,3,91.5,2.8666666666666667,42414,0,0.0
2022-02-08,Everport,2,101.2,1.5,9485,0,0.0
2022-02-08,TraPac,8,84.6125,1.825,61000,1,0.125
2022-02-08,Yang Ming,11,90.21818181818182,1.9090909090909092,88566,0,0.0
2022-02-09,APM Terminals,3,90.23333333333333,2.466666666666667,30590,1,0.333
2022-02-09,China Shipping,1,107.9,2.3,9952,0,0.0
2022-02-09,Everport,6,90.36666666666667,2.25,59092,1,0.167
2022-02-09,TraPac,9,85.98888888888888,2.411111111111111,111981,1,0.111
2022-02-09,Yang Ming,3,93.06666666666666,2.1666666666666665,40042,1,0.333
2022-02-10,APM Terminals,4,78.075,2.675,45330,1,0.25
2022-02-10,China Shipping,2,71.45,2.3,21182,0,0.0
2022-02-10,Everport,4,89.025,2.75,58405,0,0.0
2022-02-10,TraPac,7,96.89999999999999,1.7,37404,1,0.143
2022-02-10,Yang Ming,4,92.975,1.975,23234,1,0.25
2022-02-11,APM Terminals,8,81.875,1.95,68932,0,0.0
2022-02-11,China Shipping,2,85.25,1.85,18501,1,0.5
2022-02-11,Everport,9,91.67777777777778,2.0444444444444443,77839,0,0.0
2022-02-11,TraPac,6,85.66666666666667,2.15,62790,1,0.167
2022-02-11,Yang Ming,3,88.36666666666667,1.8333333333333333,20531,0,0.0
2022-02-12,APM Terminals,4,90.65,2.4,44020,0,0.0
2022-02-12,China Shipping,7,95.25714285714285,2.0142857142857142,53874,1,0.143
2022-02-12,Everport,3,71.56666666666666,2.2666666666666666,38987,1,0.333
2022-02-12,TraPac,5,97.06,1.48,20962,0,0.0
2022-02-12,Yang Ming,3,84.13333333333333,1.6333333333333335,19288,0,0.0
2022-02-13,APM Terminals,4,83.825,2.05,40487,0,0.0
2022-02-13,China Shipping,4,94.325,2.075,35656,2,0.5
2022-02-13,Everport,2,82.45,2.35,26538,0,0.0
2022-02-13,TraPac,2,99.35,1.7000000000000002,8903,0,0.0
2022-02-13,Yang Ming,1,86.1,1.3,2075,0,0.0
2022-02-14,APM Terminals,9,90.45555555555556,2.1333333333333333,79637,2,0.222
2022-02-14,China Shipping,7,88.75714285714285,1.9857142857142858,77040,2,0.286
2022-02-14,Everport,2,89.15,2.65,23639,0,0.0
2022-02-14,TraPac,5,89.2,2.4,61417,0,0.0
2022-02-14,Yang Ming,6,105.21666666666665,1.6500000000000001,47756,0,0.0
2022-02-15,APM Terminals,4,88.075,2.175,46032,0,0.0
2022-02-15,China Shipping,4,92.525,2.25,45652,2,0.5
2022-02-15,Everport,6,91.95,2.216666666666667,56887,2,0.333
2022-02-15,TraPac,7,99.81428571428572,1.5999999999999999,33130,0,0.0
2022-02-15,Yang Ming,4,86.075,2.65,45225,1,0.25
2022-02-16,APM Terminals,4,103.2,1.675,30482,0,0.0
2022-02-16,China Shipping,7,88.05714285714285,2.457142857142857,81790,4,0.571
2022-02-16,Everport,1,86.4,0.6,2351,0,0.0
2022-02-16,TraPac,5,92.58,2.4,40740,0,0.0
2022-02-16,Yang Ming,5,95.12,2.06,35763,1,0.2
2022-02-17,APM Terminals,4,78.025,2.025,27661,0,0.0
2022-02-17,China Shipping,4,87.05,2.3,39323,0,0.0
2022-02-17,Everport,14,93.06428571428572,1.9714285714285715,120445,0,0.0
2022-02-17,TraPac,5,91.78,2.54,54663,0,0.0
2022-02-17,Yang Ming,6,90.73333333333333,2.15,64381,1,0.167
2022-02-18,APM Terminals,7,86.3,1.9428571428571428,50505,2,0.286
2022-02-18,China Shipping,3,97.89999999999999,2.1666666666666665,18778,0,0.0
2022-02-18,Everport,3,79.83333333333333,2.3333333333333335,34367,1,0.333
2022-02-18,TraPac,6,91.43333333333334,1.8833333333333335,47850,0,0.0
2022-02-18,Yang Ming,2,94.05,2.05,13532,0,0.0
2022-02-19,APM Terminals,3,96.43333333333334,1.7333333333333332,17472,0,0.0
2022-02-19,China Shipping,6,88.53333333333335,2.316666666666667,63972,1,0.167
2022-02-19,Everport,5,88.74,1.8800000000000001,34125,1,0.2
2022-02-19,TraPac,5,80.88,2.66,64063,0,0.0
2022-02-19,Yang Ming,10,90.41999999999999,2.06,85365,3,0.3
2022-02-20,APM Terminals,5,96.6,2.32,61675,1,0.2
2022-02-20,China Shipping,4,98.5,2.5,55300,0,0.0
2022-02-20,Everport,3,88.93333333333334,1.6333333333333335,5491,0,0.0
2022-02-20,TraPac,1,70.6,3.1,16868,0,0.0
2022-02-20,Yang Ming,5,94.44,1.7,44550,1,0.2
2022-02-21,APM Terminals,1,105.2,2.3,9941,0,0.0
2022-02-21,China Shipping,6,92.23333333333333,1.7833333333333332,52172,1,0.167
2022-02-21,Everport,6,90.28333333333335,2.066666666666667,70624,1,0.167
2022-02-21,TraPac,4,82.6,2.675,53144,1,0.25
2022-02-21,Yang Ming,5,96.38,2.5,63382,0,0.0
2022-02-22,APM Terminals,3,102.26666666666667,2.2,33913,1,0.333
2022-02-22,China Shipping,8,83.325,2.1375,84708,3,0.375
2022-02-22,Everport,5,80.53999999999999,2.0,42283,0,0.0
2022-02-22,TraPac,2,92.69999999999999,2.3,22674,1,0.5
2022-02-22,Yang Ming,6,90.33333333333333,1.7333333333333334,57152,0,0.0
2022-02-23,APM Terminals,8,91.3625,2.1875,78460,0,0.0
2022-02-23,China Shipping,5,94.24,1.8,42426,2,0.4
2022-02-23,Everport,4,82.825,2.125,35649,1,0.25
2022-02-23,TraPac,2,74.35,2.9,32672,2,1.0
2022-02-23,Yang Ming,4,67.0,2.025,32101,1,0.25
2022-02-24,APM Terminals,9,91.55555555555556,2.0444444444444443,89486,1,0.111
2022-02-24,China Shipping,5,85.66,1.98,46873,0,0.0
2022-02-24,Everport,5,85.24000000000001,2.2,56481,2,0.4
2022-02-24,TraPac,4,99.875,2.05,29750,0,0.0
2022-02-24,Yang Ming,4,83.85,2.15,34655,1,0.25
2022-02-25,APM Terminals,4,90.525,2.675,50092,1,0.25
2022-02-25,China Shipping,4,89.65,1.775,24622,0,0.0
2022-02-25,Everport,5,86.84,1.8,36247,0,0.0
2022-02-25,TraPac,4,92.02499999999999,1.45,29976,0,0.0
2022-02-25,Yang Ming,5,81.53999999999999,1.98,49436,0,0.0
2022-02-26,APM Terminals,1,68.4,1.4,6932,0,0.0
2022-02-26,China Shipping,6,101.60000000000001,2.75,80876,1,0.167
2022-02-26,Everport,5,101.03999999999999,2.4,61428,3,0.6
2022-02-26,TraPac,7,90.92857142857143,2.1142857142857143,75237,0,0.0
2022-02-26,Yang Ming,4,89.7,1.725,25899,1,0.25
2022-02-27,APM Terminals,11,82.19090909090909,1.9272727272727272,82565,4,0.364
2022-02-27,China Shipping,4,82.675,1.975,36830,1,0.25
2022-02-27,Everport,5,92.9,1.7399999999999998,31955,1,0.2
2022-02-27,TraPac,7,90.67142857142858,2.042857142857143,68976,2,0.286
2022-02-27,Yang Ming,5,94.35999999999999,2.2399999999999998,53980,2,0.4
2022-02-28,APM Terminals,2,106.1,1.8499999999999999,12611,0,0.0
2022-02-28,China Shipping,5,75.42,2.2600000000000002,56589,1,0.2
2022-02-28,Everport,3,103.56666666666666,1.7333333333333334,18763,0,0.0
2022-02-28,TraPac,5,98.8,1.7,45002,3,0.6
2022-02-28,Yang Ming,3,84.43333333333334,2.766666666666667,45797,1,0.333
2022-03-01,APM Terminals,8,84.0875,1.8375,56793,3,0.375
2022-03-01,China Shipping,6,91.56666666666666,2.533333333333333,82246,0,0.0
2022-03-01,Everport,6,87.78333333333335,2.0,64623,0,0.0
2022-03-01,TraPac,3,101.66666666666667,2.1,33510,0,0.0
2022-03-01,Yang Ming,12,84.80833333333334,2.2666666666666666,124781,1,0.083
2022-03-02,APM Terminals,5,93.03999999999999,2.2800000000000002,52511,1,0.2
2022-03-02,China Shipping,6,95.89999999999999,2.4833333333333334,80846,0,0.0
2022-03-02,Everport,6,88.78333333333335,2.1999999999999997,48753,2,0.333
2022-03-02,TraPac,5,88.4,1.8199999999999998,38858,0,0.0
2022-03-02,Yang Ming,11,88.04545454545455,1.9909090909090907,106443,1,0.091
2022-03-03,China Shipping,4,85.875,2.65,41348,0,0.0
2022-03-03,Everport,7,82.34285714285714,1.4285714285714286,32871,3,0.429
2022-03-03,TraPac,5,93.5,1.9799999999999998,44095,0,0.0
2022-03-03,Yang Ming,6,99.58333333333333,1.8833333333333335,48766,3,0.5
2022-03-04,APM Terminals,4,86.375,2.375,37731,0,0.0
2022-03-04,China Shipping,7,91.54285714285713,1.8285714285714287,60837,1,0.143
2022-03-04,Everport,8,101.225,1.65,57892,1,0.125
2022-03-04,TraPac,3,94.63333333333333,2.5666666666666664,39005,0,0.0
2022-03-04,Yang Ming,5,79.44,2.24,41502,1,0.2
2022-03-05,APM Terminals,8,99.3,1.925,69508,1,0.125
2022-03-05,China Shipping,1,91.7,1.4,6267,0,0.0
2022-03-05,Everport,9,95.3111111111111,2.4555555555555557,109768,1,0.111
2022-03-05,TraPac,2,100.6,1.4,13102,0,0.0
2022-03-05,Yang Ming,4,89.1,1.95,41966,0,0.0
2022-03-06,APM Terminals,6,82.66666666666667,2.0833333333333335,54602,0,0.0
2022-03-06,China Shipping,9,86.38888888888889,2.011111111111111,85630,0,0.0
2022-03-06,Everport,7,86.22857142857143,2.0,68125,1,0.143
2022-03-06,TraPac,8,89.25,2.275,78305,1,0.125
2022-03-06,Yang Ming,7,92.60000000000001,1.8,63618,1,0.143
2022-03-07,APM Terminals,4,93.25,2.375,44185,0,0.0
2022-03-07,China Shipping,7,104.91428571428571,2.1142857142857143,75267,1,0.143
2022-03-07,Everport,6,97.3,2.3,60016,3,0.5
2022-03-07,TraPac,1,127.9,1.5,6882,1,1.0
2022-03-07,Yang Ming,7,95.71428571428571,2.1999999999999997,71503,0,0.0
2022-03-08,APM Terminals,4,86.875,2.4,51166,0,0.0
2022-03-08,China Shipping,5,86.72,2.2800000000000002,55310,0,0.0
2022-03-08,Everport,5,88.44,1.54,29013,1,0.2
2022-03-08,TraPac,3,80.26666666666667,2.9,38269,1,0.333
2022-03-08,Yang Ming,4,85.775,2.125,29478,0,0.0
2022-03-09,APM Terminals,6,87.76666666666667,2.3000000000000003,51287,3,0.5
2022-03-09,China Shipping,5,93.5,2.12,49989,1,0.2
2022-03-09,Everport,5,86.66,1.9600000000000002,41028,2,0.4
2022-03-09,TraPac,9,102.86666666666666,1.8444444444444446,67964,4,0.444
2022-03-09,Yang Ming,3,103.03333333333335,2.466666666666667,35894,0,0.0
2022-03-10,APM Terminals,9,87.88888888888889,1.9000000000000001,87386,2,0.222
2022-03-10,China Shipping,10,91.72999999999999,2.15,113948,3,0.3
2022-03-10,Everport,3,96.60000000000001,2.1666666666666665,24729,2,0.667
2022-03-10,TraPac,4,91.3,2.05,35188,0,0.0
2022-03-10,Yang Ming,5,90.8,2.32,53931,0,0.0
2022-03-11,APM Terminals,5,92.36,1.9799999999999998,47184,1,0.2
2022-03-11,China Shipping,3,90.26666666666667,2.766666666666667,27667,0,0.0
2022-03-11,Everport,1,85.9,2.8,16291,0,0.0
2022-03-11,TraPac,5,80.76,2.58,49614,1,0.2
2022-03-11,Yang Ming,5,80.92,1.94,45264,2,0.4
2022-03-12,APM Terminals,3,79.0,2.1666666666666665,33410,0,0.0
2022-03-12,China Shipping,5,79.9,1.46,26186,2,0.4
2022-03-12,Everport,3,82.66666666666667,2.2333333333333334,34798,0,0.0
2022-03-12,TraPac,10,92.97999999999999,2.13,103095,1,0.1
2022-03-12,Yang Ming,7,79.34285714285714,2.085714285714286,64050,0,0.0
2022-03-13,APM Terminals,3,90.26666666666665,2.1,36762,1,0.333
2022-03-13,China Shipping,13,88.63846153846154,2.0615384615384618,156342,1,0.077
2022-03-13,Everport,3,87.53333333333335,1.8666666666666665,30212,0,0.0
2022-03-13,TraPac,9,85.72222222222223,1.8444444444444446,68294,1,0.111
2022-03-13,Yang Ming,6,100.64999999999999,2.1166666666666667,40083,0,0.0
2022-03-14,APM Terminals,8,95.5375,1.9,58926,2,0.25
2022-03-14,China Shipping,7,91.14285714285714,2.3857142857142857,71917,1,0.143
2022-03-14,Everport,5,92.47999999999999,2.8200000000000003,80290,0,0.0
2022-03-14,TraPac,4,89.475,2.4,52121,0,0.0
2022-03-14,Yang Ming,7,83.89999999999999,2.357142857142857,75311,0,0.0
2022-03-15,APM Terminals,7,91.42857142857143,1.5,53835,1,0.143
2022-03-15,China Shipping,4,101.125,1.625,27110,0,0.0
2022-03-15,Everport,7,83.25714285714285,2.3000000000000003,75790,0,0.0
2022-03-15,TraPac,6,88.36666666666667,2.1333333333333333,64634,2,0.333
2022-03-15,Yang Ming,12,89.85833333333333,1.9666666666666668,134451,0,0.0
2022-03-16,APM Terminals,6,96.36666666666667,1.8833333333333335,49308,0,0.0
2022-03-16,China Shipping,3,82.3,1.7333333333333332,24888,1,0.333
2022-03-16,Everport,4,87.625,2.35,46672,1,0.25
2022-03-16,TraPac,13,91.76153846153846,2.223076923076923,124657,1,0.077
2022-03-16,Yang Ming,6,89.55,1.9166666666666667,57503,0,0.0
2022-03-17,APM Terminals,6,93.61666666666667,2.15,53723,0,0.0
2022-03-17,China Shipping,7,93.78571428571429,2.0285714285714285,69945,0,0.0
2022-03-17,Everport,6,88.46666666666665,1.75,46322,0,0.0
2022-03-17,TraPac,8,85.825,2.275,84895,1,0.125
2022-03-17,Yang Ming,8,90.8625,2.1625,77736,2,0.25
2022-03-18,APM Terminals,4,83.525,2.0,29141,2,0.5
2022-03-18,China Shipping,2,80.75,2.3,22327,0,0.0
2022-03-18,Everport,7,89.0,2.4857142857142853,80384,1,0.143
2022-03-18,TraPac,5,87.08,2.1,42748,1,0.2
2022-03-18,Yang Ming,9,85.3111111111111,2.177777777777778,71808,0,0.0
2022-03-19,APM Terminals,3,100.0,2.6999999999999997,43513,0,0.0
2022-03-19,China Shipping,4,90.6,1.775,34360,1,0.25
2022-03-19,Everport,7,90.77142857142857,2.6285714285714286,83801,0,0.0
2022-03-19,TraPac,9,86.88888888888889,2.2666666666666666,102110,3,0.333
2022-03-19,Yang Ming,7,80.84285714285714,2.1,58314,2,0.286
2022-03-20,APM Terminals,6,85.61666666666667,2.283333333333333,57111,1,0.167
2022-03-20,China Shipping,3,85.7,2.3666666666666667,38695,0,0.0
2022-03-20,Everport,5,86.28,2.2,59732,1,0.2
2022-03-20,TraPac,4,105.9,1.4500000000000002,36575,0,0.0
2022-03-20,Yang Ming,3,96.26666666666667,2.8000000000000003,48751,0,0.0
2022-03-21,APM Terminals,3,81.0,2.3666666666666667,33380,1,0.333
2022-03-21,China Shipping,10,96.24,1.8800000000000001,76379,0,0.0
2022-03-21,Everport,7,91.10000000000001,2.1714285714285713,66697,1,0.143
2022-03-21,TraPac,5,99.78,1.8399999999999999,42498,1,0.2
2022-03-21,Yang Ming,6,91.51666666666667,2.4666666666666663,80254,1,0.167
2022-03-22,APM Terminals,5,87.14,1.8800000000000001,46449,0,0.0
2022-03-22,China Shipping,3,82.76666666666667,1.3333333333333333,8170,0,0.0
2022-03-22,Everport,4,98.6,2.25,39910,1,0.25
2022-03-22,TraPac,4,92.4,2.35,39963,1,0.25
2022-03-22,Yang Ming,5,86.24,2.18,60377,2,0.4
2022-03-23,APM Terminals,9,84.21111111111111,2.1555555555555554,93073,2,0.222
2022-03-23,China Shipping,5,93.3,2.14,49866,2,0.4
2022-03-23,Everport,8,92.6375,1.9875,65014,0,0.0
2022-03-23,TraPac,4,90.05,2.425,50175,1,0.25
2022-03-23,Yang Ming,5,79.78,2.34,57982,1,0.2
2022-03-24,APM Terminals,8,78.4125,1.95,81505,2,0.25
2022-03-24,China Shipping,6,76.89999999999999,2.2333333333333334,63402,0,0.0
2022-03-24,Everport,5,76.62,1.9600000000000002,60994,1,0.2
2022-03-24,TraPac,6,81.7,2.25,72287,0,0.0
2022-03-24,Yang Ming,6,85.85000000000001,1.8166666666666667,44047,1,0.167
2022-03-25,APM Terminals,7,96.65714285714286,2.142857142857143,69277,1,0.143
2022-03-25,China Shipping,3,87.36666666666667,2.1333333333333333,27450,0,0.0
2022-03-25,Everport,3,81.33333333333333,2.1999999999999997,39506,0,0.0
2022-03-25,TraPac,5,86.74,1.8399999999999999,37453,0,0.0
2022-03-25,Yang Ming,3,92.8,2.3333333333333335,45164,0,0.0
2022-03-26,APM Terminals,7,94.08571428571429,2.157142857142857,57050,2,0.286
2022-03-26,China Shipping,2,73.1,1.85,11500,1,0.5
2022-03-26,Everport,8,89.8125,2.0,72620,1,0.125
2022-03-26,TraPac,10,89.47,2.1,106995,1,0.1
2022-03-26,Yang Ming,2,93.44999999999999,2.65,30907,0,0.0
2022-03-27,APM Terminals,6,98.60000000000001,2.1999999999999997,68033,0,0.0
2022-03-27,China Shipping,4,86.475,2.35,49863,0,0.0
2022-03-27,Everport,4,93.60000000000001,2.425,47199,0,0.0
2022-03-27,TraPac,8,85.0875,1.6375000000000002,49603,0,0.0
2022-03-27,Yang Ming,6,87.2,1.9000000000000001,52229,0,0.0
2022-03-28,APM Terminals,7,97.82857142857142,2.0142857142857142,51056,1,0.143
2022-03-28,China Shipping,4,81.775,2.275,50482,2,0.5
2022-03-28,Everport,3,77.66666666666667,2.0,34196,0,0.0
2022-03-28,TraPac,5,91.12,2.0799999999999996,49710,1,0.2
2022-03-28,Yang Ming,5,79.08,2.7,58584,1,0.2
2022-03-29,APM Terminals,5,87.14,2.3,38542,1,0.2
2022-03-29,China Shipping,8,98.55,2.1875,73051,2,0.25
2022-03-29,Everport,8,90.0375,2.275,82683,0,0.0
2022-03-29,TraPac,6,91.51666666666667,2.033333333333333,46173,1,0.167
2022-03-29,Yang Ming,7,88.38571428571429,1.7285714285714284,61497,0,0.0
2022-03-30,APM Terminals,4,71.4,2.45,54312,2,0.5
2022-03-30,China Shipping,5,82.2,2.2600000000000002,55882,1,0.2
2022-03-30,Everport,4,94.15,2.05,35110,1,0.25
2022-03-30,TraPac,8,91.0625,2.3375,99340,1,0.125
2022-03-30,Yang Ming,3,98.16666666666667,2.066666666666667,27831,0,0.0
2022-03-31,APM Terminals,9,94.1,1.911111111111111,78326,2,0.222
2022-03-31,China Shipping,5,86.47999999999999,1.6,33971,0,0.0
2022-03-31,Everport,5,88.14,2.2800000000000002,57935,2,0.4
2022-03-31,TraPac,6,94.06666666666666,2.466666666666667,76353,1,0.167
2022-03-31,Yang Ming,5,96.02000000000001,1.78,38825,0,0.0
2022-04-01,APM Terminals,5,91.84,1.78,41845,0,0.0
2022-04-01,China Shipping,4,88.75,1.85,34307,1,0.25
2022-04-01,Everport,5,93.92,1.56,18296,1,0.2
2022-04-01,TraPac,6,79.60000000000001,2.0500000000000003,66842,3,0.5
2022-04-01,Yang Ming,4,87.575,1.725,39356,1,0.25
2022-04-02,APM Terminals,11,84.9090909090909,2.2545454545454544,95050,1,0.091
2022-04-02,China Shipping,9,94.82222222222222,2.111111111111111,74176,0,0.0
2022-04-02,Everport,6,96.75,2.3666666666666667,70537,0,0.0
2022-04-02,TraPac,4,85.975,2.1,34957,1,0.25
2022-04-02,Yang Ming,5,83.16,2.38,46656,2,0.4
2022-04-03,APM Terminals,7,91.02857142857144,1.957142857142857,71160,1,0.143
2022-04-03,China Shipping,8,88.725,2.4125,94352,2,0.25
2022-04-03,Everport,5,94.2,1.54,27791,1,0.2
2022-04-03,TraPac,5,75.0,2.34,47608,1,0.2
2022-04-03,Yang Ming,8,82.6,1.8875,54023,1,0.125
2022-04-04,APM Terminals,3,82.06666666666666,1.8333333333333333,22970,0,0.0
2022-04-04,China Shipping,8,82.6875,1.9375,70045,1,0.125
2022-04-04,Everport,2,105.05,2.15,17355,1,0.5
2022-04-04,TraPac,5,84.62,2.32,64788,0,0.0
2022-04-04,Yang Ming,9,95.01111111111112,2.2,83961,1,0.111
2022-04-05,APM Terminals,3,93.8,1.5333333333333332,15723,0,0.0
2022-04-05,China Shipping,4,101.725,1.975,46355,0,0.0
2022-04-05,Everport,4,92.7,1.95,35976,0,0.0
2022-04-05,TraPac,8,93.9375,2.0875,69576,0,0.0
2022-04-05,Yang Ming,3,74.73333333333333,2.0,27794,1,0.333
2022-04-06,APM Terminals,3,94.3,2.1,33540,1,0.333
2022-04-06,China Shipping,6,83.8,2.3833333333333333,53254,0,0.0
2022-04-06,Everport,8,86.9375,2.1375,75911,1,0.125
2022-04-06,TraPac,4,84.8,2.4499999999999997,48378,0,0.0
2022-04-06,Yang Ming,2,90.80000000000001,1.6,8705,0,0.0
2022-04-07,APM Terminals,3,90.66666666666667,2.1333333333333333,29093,0,0.0
2022-04-07,China Shipping,10,91.8,2.3,86787,2,0.2
2022-04-07,Everport,4,89.05,2.15,41229,0,0.0
2022-04-07,TraPac,6,91.88333333333333,1.9666666666666666,38478,0,0.0
2022-04-07,Yang Ming,8,95.3875,2.175,87784,3,0.375
2022-04-08,APM Terminals,7,84.37142857142858,2.4285714285714284,75297,3,0.429
2022-04-08,China Shipping,5,99.74,2.46,52590,3,0.6
2022-04-08,Everport,4,88.025,2.45,39661,1,0.25
2022-04-08,TraPac,8,88.8875,1.75,62447,1,0.125
2022-04-08,Yang Ming,11,92.63636363636364,1.9727272727272727,109805,0,0.0
2022-04-09,APM Terminals,3,85.76666666666667,1.8666666666666665,23582,1,0.333
2022-04-09,China Shipping,2,99.15,1.75,3067,0,0.0
2022-04-09,Everport,3,85.33333333333333,2.433333333333333,31706,0,0.0
2022-04-09,TraPac,5,82.5,2.2399999999999998,52265,2,0.4
2022-04-09,Yang Ming,8,93.1125,2.5125,99808,1,0.125
2022-04-10,APM Terminals,3,78.53333333333335,1.5666666666666667,29221,0,0.0
2022-04-10,China Shipping,14,81.44285714285715,1.8642857142857143,117072,2,0.143
2022-04-10,Everport,2,92.25,2.1500000000000004,24747,0,0.0
2022-04-10,TraPac,6,94.2,1.7333333333333334,46237,2,0.333
2022-04-10,Yang Ming,5,91.03999999999999,2.04,52082,0,0.0
2022-04-11,APM Terminals,8,94.55,2.0875,78901,2,0.25
2022-04-11,China Shipping,2,82.9,2.3,21254,0,0.0
2022-04-11,Everport,6,82.75,2.283333333333333,65031,0,0.0
2022-04-11,TraPac,7,96.52857142857144,1.7714285714285711,56404,1,0.143
2022-04-11,Yang Ming,4,79.175,1.875,41291,1,0.25
2022-04-12,APM Terminals,3,89.36666666666667,2.0,28616,0,0.0
2022-04-12,China Shipping,6,87.14999999999999,1.9333333333333333,47045,0,0.0
2022-04-12,Everport,6,90.35000000000001,2.6166666666666667,76030,1,0.167
2022-04-12,TraPac,2,110.2,1.85,20995,0,0.0
2022-04-12,Yang Ming,3,88.23333333333333,2.2333333333333334,37281,0,0.0
2022-04-13,APM Terminals,6,93.18333333333334,2.1166666666666667,49229,0,0.0
2022-04-13,China Shipping,5,93.1,2.0799999999999996,53103,0,0.0
2022-04-13,Everport,6,82.06666666666666,2.0,48102,0,0.0
2022-04-13,TraPac,5,89.92,1.94,42206,0,0.0
2022-04-13,Yang Ming,1,82.9,2.8,11435,0,0.0
2022-04-14,APM Terminals,1,71.8,2.6,7047,0,0.0
2022-04-14,China Shipping,5,76.02000000000001,1.3800000000000001,20908,0,0.0
2022-04-14,Everport,1,103.7,1.6,6906,0,0.0
2022-04-14,TraPac,5,89.26,1.9600000000000002,50645,0,0.0
2022-04-14,Yang Ming,5,91.52000000000001,1.8399999999999999,40660,0,0.0
2022-04-15,APM Terminals,3,82.56666666666666,2.3333333333333335,34337,1,0.333
2022-04-15,China Shipping,7,85.45714285714287,2.085714285714286,81731,2,0.286
2022-04-15,Everport,6,93.63333333333333,1.9333333333333333,60120,1,0.167
2022-04-15,TraPac,13,88.73846153846154,2.5615384615384613,154640,1,0.077
2022-04-15,Yang Ming,5,102.08,1.92,52470,0,0.0
2022-04-16,APM Terminals,5,89.03999999999999,2.6,63158,1,0.2
2022-04-16,China Shipping,2,111.35,2.5,26173,0,0.0
2022-04-16,Everport,3,93.60000000000001,2.6333333333333333,37792,1,0.333
2022-04-16,TraPac,4,85.725,2.35,45532,1,0.25
2022-04-16,Yang Ming,4,102.675,2.0,39899,1,0.25
2022-04-17,APM Terminals,1,93.5,2.3,11063,0,0.0
2022-04-17,China Shipping,4,98.2,2.625,59532,0,0.0
2022-04-17,Everport,4,85.325,2.325,33764,0,0.0
2022-04-17,TraPac,2,90.5,1.2,18523,1,0.5
2022-04-17,Yang Ming,2,85.1,2.2,25496,0,0.0
2022-04-18,APM Terminals,1,92.1,2.5,10804,0,0.0
2022-04-18,China Shipping,10,82.9,2.06,92260,0,0.0
2022-04-18,Everport,5,96.32000000000001,1.8399999999999999,48887,0,0.0
2022-04-18,TraPac,3,88.73333333333333,2.033333333333333,22629,0,0.0
2022-04-18,Yang Ming,4,98.125,2.85,53618,0,0.0
2022-04-19,APM Terminals,4,87.875,2.5,43289,0,0.0
2022-04-19,China Shipping,5,94.94,2.34,52353,1,0.2
2022-04-19,Everport,5,76.94,2.04,45910,0,0.0
2022-04-19,TraPac,5,95.2,1.7600000000000002,35583,1,0.2
2022-04-19,Yang Ming,5,95.67999999999999,2.08,40148,1,0.2
2022-04-20,APM Terminals,1,119.7,1.9,6982,0,0.0
2022-04-20,China Shipping,4,97.075,1.375,30670,1,0.25
2022-04-20,Everport,6,86.16666666666667,2.3000000000000003,53007,1,0.167
2022-04-20,TraPac,7,96.3,2.357142857142857,65934,1,0.143
2022-04-20,Yang Ming,4,90.3,2.8499999999999996,51538,0,0.0
2022-04-21,APM Terminals,5,89.62,2.1399999999999997,51153,1,0.2
2022-04-21,China Shipping,2,98.85,2.1,23930,1,0.5
2022-04-21,Everport,3,87.3,2.1666666666666665,32500,1,0.333
2022-04-21,TraPac,5,88.58,2.04,44913,1,0.2
2022-04-21,Yang Ming,5,86.66,2.2,53077,2,0.4
2022-04-22,APM Terminals,2,79.9,2.1,22010,0,0.0
2022-04-22,China Shipping,7,93.05714285714285,2.314285714285714,83075,2,0.286
2022-04-22,Everport,5,98.94,2.2600000000000002,52706,0,0.0
2022-04-22,TraPac,3,78.83333333333333,2.2666666666666666,38882,0,0.0
2022-04-22,Yang Ming,7,82.97142857142856,2.5285714285714285,81307,0,0.0
2022-04-23,APM Terminals,8,100.1625,2.175,61799,0,0.0
2022-04-23,China Shipping,5,93.4,2.1,40108,1,0.2
2022-04-23,Everport,9,87.51111111111112,2.3111111111111113,114200,3,0.333
2022-04-23,TraPac,3,89.26666666666667,2.0,28874,0,0.0
2022-04-23,Yang Ming,3,98.76666666666667,1.8666666666666665,23665,0,0.0
2022-04-24,APM Terminals,8,95.2,2.2125,82483,1,0.125
2022-04-24,China Shipping,6,84.60000000000001,1.2333333333333334,30528,1,0.167
2022-04-24,Everport,5,91.82000000000001,2.2399999999999998,43942,0,0.0
2022-04-24,TraPac,7,96.91428571428571,2.2,62599,0,0.0
2022-04-24,Yang Ming,7,93.71428571428571,2.4285714285714284,76019,2,0.286
2022-04-25,APM Terminals,5,96.78,1.92,53636,1,0.2
2022-04-25,China Shipping,9,88.91111111111111,2.1555555555555554,97919,2,0.222
2022-04-25,Everport,6,83.95,2.3166666666666664,70048,0,0.0
2022-04-25,TraPac,2,86.75,2.4,26098,0,0.0
2022-04-25,Yang Ming,6,90.46666666666665,2.183333333333333,60546,1,0.167
2022-04-26,APM Terminals,9,85.6,2.322222222222222,112051,2,0.222
2022-04-26,China Shipping,3,89.13333333333333,1.7,24601,1,0.333
2022-04-26,Everport,8,96.775,1.725,60727,1,0.125
2022-04-26,TraPac,8,90.77499999999999,1.825,61943,1,0.125
2022-04-26,Yang Ming,4,94.075,2.225,42594,1,0.25
2022-04-27,APM Terminals,5,105.25999999999999,1.92,39685,2,0.4
2022-04-27,China Shipping,10,92.6,1.8399999999999999,54462,1,0.1
2022-04-27,Everport,11,91.23636363636363,1.9181818181818182,98291,3,0.273
2022-04-27,TraPac,7,79.38571428571429,2.314285714285714,72158,0,0.0
2022-04-27,Yang Ming,6,102.23333333333333,1.8,53165,3,0.5
2022-04-28,APM Terminals,4,100.4,1.875,39551,1,0.25
2022-04-28,China Shipping,7,83.67142857142858,2.0142857142857147,84198,1,0.143
2022-04-28,Everport,3,101.89999999999999,2.1333333333333333,14495,0,0.0
2022-04-28,TraPac,2,89.9,2.25,16815,0,0.0
2022-04-28,Yang Ming,4,97.05,2.1,36501,1,0.25
2022-04-29,APM Terminals,7,88.35714285714286,2.685714285714286,75267,0,0.0
2022-04-29,China Shipping,7,92.18571428571428,2.085714285714286,57036,2,0.286
2022-04-29,Everport,2,71.45,1.95,17344,0,0.0
2022-04-29,TraPac,3,94.93333333333334,1.9666666666666668,19889,0,0.0
2022-04-29,Yang Ming,10,88.01,2.25,103155,0,0.0
2022-04-30,APM Terminals,4,92.0,2.1500000000000004,50278,1,0.25
2022-04-30,China Shipping,1,99.7,1.8,827,0,0.0
2022-04-30,Everport,7,86.44285714285715,1.9285714285714286,70747,1,0.143
2022-04-30,TraPac,10,84.96000000000001,2.21,92763,1,0.1
2022-04-30,Yang Ming,12,88.60833333333333,1.9583333333333333,123909,2,0.167
2022-05-01,APM Terminals,6,91.88333333333333,1.8,53733,2,0.333
2022-05-01,China Shipping,7,88.55714285714285,2.1142857142857143,65054,2,0.286
2022-05-01,Everport,4,86.475,1.55,21199,0,0.0
2022-05-01,TraPac,7,83.41428571428571,2.0571428571428574,59781,0,0.0
2022-05-01,Yang Ming,2,95.55,1.8,17229,0,0.0
2022-05-02,APM Terminals,10,89.45,2.19,90991,0,0.0
2022-05-02,China Shipping,8,86.8375,2.4,95419,1,0.125
2022-05-02,Everport,4,88.35,2.425,46604,1,0.25
2022-05-02,TraPac,10,87.26,2.1,81355,3,0.3
2022-05-02,Yang Ming,10,86.25,2.52,124383,2,0.2
2022-05-03,APM Terminals,3,79.06666666666666,1.9333333333333333,19672,1,0.333
2022-05-03,China Shipping,8,88.5375,2.1125,75647,0,0.0
2022-05-03,Everport,14,87.85714285714286,2.207142857142857,149022,2,0.143
2022-05-03,TraPac,9,89.1,2.2,80092,3,0.333
2022-05-03,Yang Ming,7,95.72857142857143,2.257142857142857,82330,2,0.286
2022-05-04,APM Terminals,7,91.25714285714285,2.2714285714285714,77949,1,0.143
2022-05-04,China Shipping,7,91.3,2.2142857142857144,73948,2,0.286
2022-05-04,Everport,11,89.08181818181818,2.1818181818181817,108347,3,0.273
2022-05-04,TraPac,6,88.61666666666667,2.3666666666666667,77758,1,0.167
2022-05-04,Yang Ming,3,72.7,2.033333333333333,20115,2,0.667
2022-05-05,APM Terminals,2,80.65,2.6500000000000004,27670,0,0.0
2022-05-05,China Shipping,2,97.55000000000001,3.25,26920,0,0.0
2022-05-05,Everport,7,85.44285714285715,1.9000000000000001,58327,0,0.0
2022-05-05,TraPac,1,93.2,0.9,2212,0,0.0
2022-05-05,Yang Ming,12,98.675,2.2166666666666663,145438,4,0.333
2022-05-06,APM Terminals,7,91.67142857142858,2.742857142857143,91591,1,0.143
2022-05-06,China Shipping,6,84.45,1.866666666666667,47998,0,0.0
2022-05-06,Everport,3,81.76666666666667,2.9,40320,1,0.333
2022-05-06,TraPac,6,85.88333333333333,2.3833333333333333,70164,1,0.167
2022-05-06,Yang Ming,5,89.36,2.46,57772,0,0.0
2022-05-07,APM Terminals,6,90.06666666666666,1.8666666666666665,49175,2,0.333
2022-05-07,China Shipping,4,91.45,2.075,36120,0,0.0
2022-05-07,Everport,8,84.4875,2.375,90068,2,0.25
2022-05-07,TraPac,4,90.825,2.3,42690,0,0.0
2022-05-07,Yang Ming,7,88.32857142857142,2.0714285714285716,58077,1,0.143
2022-05-08,APM Terminals,6,93.95,2.066666666666667,64757,1,0.167
2022-05-08,China Shipping,9,94.72222222222223,1.8333333333333333,80895,2,0.222
2022-05-08,Everport,5,89.16,2.04,51366,1,0.2
2022-05-08,TraPac,8,94.8875,1.7,50020,2,0.25
2022-05-08,Yang Ming,6,94.3,2.3833333333333333,67805,1,0.167
2022-05-09,APM Terminals,4,83.65,1.7249999999999999,30720,0,0.0
2022-05-09,China Shipping,5,84.55999999999999,1.8800000000000001,43592,0,0.0
2022-05-09,Everport,7,89.11428571428571,2.042857142857143,64475,1,0.143
2022-05-09,TraPac,6,95.98333333333333,2.066666666666667,53658,0,0.0
2022-05-09,Yang Ming,5,86.92,2.7,71556,0,0.0
2022-05-10,APM Terminals,7,84.68571428571428,2.142857142857143,88396,1,0.143
2022-05-10,China Shipping,6,88.46666666666665,2.2666666666666666,63886,1,0.167
2022-05-10,Everport,8,89.05,2.425,74380,1,0.125
2022-05-10,TraPac,2,96.8,2.2,17972,0,0.0
2022-05-10,Yang Ming,8,87.3,1.7125,46101,1,0.125
2022-05-11,APM Terminals,2,112.5,2.3,23233,1,0.5
2022-05-11,China Shipping,5,77.78,2.16,55692,2,0.4
2022-05-11,Everport,4,80.275,2.325,41339,2,0.5
2022-05-11,TraPac,2,98.8,2.15,23027,0,0.0
2022-05-11,Yang Ming,6,87.95,2.0833333333333335,45536,1,0.167
2022-05-12,APM Terminals,4,103.35,2.325,35953,0,0.0
2022-05-12,China Shipping,3,81.76666666666667,2.033333333333333,34033,1,0.333
2022-05-12,Everport,5,93.46000000000001,2.42,65562,0,0.0
2022-05-12,TraPac,8,85.7375,2.0375,76000,2,0.25
2022-05-12,Yang Ming,8,94.4,2.4,71777,0,0.0
2022-05-13,APM Terminals,6,88.41666666666667,1.8999999999999997,61012,1,0.167
2022-05-13,China Shipping,9,89.51111111111112,2.4444444444444446,108740,0,0.0
2022-05-13,Everport,5,98.36,2.3600000000000003,61663,0,0.0
2022-05-13,TraPac,4,83.375,2.125,48676,1,0.25
2022-05-13,Yang Ming,6,85.36666666666667,2.2333333333333334,72280,2,0.333
2022-05-14,APM Terminals,6,80.10000000000001,1.95,62970,2,0.333
2022-05-14,China Shipping,9,84.01111111111112,2.111111111111111,92806,3,0.333
2022-05-14,Everport,3,100.63333333333333,2.1,26016,1,0.333
2022-05-14,TraPac,2,94.55000000000001,2.8,23456,1,0.5
2022-05-14,Yang Ming,6,87.58333333333333,2.3000000000000003,78424,0,0.0
2022-05-15,APM Terminals,4,99.275,1.925,33622,0,0.0
2022-05-15,China Shipping,3,85.3,1.6666666666666667,24234,1,0.333
2022-05-15,Everport,2,94.85,2.5,18715,0,0.0
2022-05-15,TraPac,8,88.225,2.3125,80611,0,0.0
2022-05-15,Yang Ming,10,87.22999999999999,2.0300000000000002,88297,1,0.1
2022-05-16,APM Terminals,12,89.5,1.8833333333333335,100050,3,0.25
2022-05-16,China Shipping,4,87.325,1.725,29674,0,0.0
2022-05-16,Everport,7,96.62857142857142,2.414285714285714,82670,1,0.143
2022-05-16,TraPac,3,85.43333333333334,1.5333333333333332,27131,0,0.0
2022-05-16,Yang Ming,4,98.25,1.65,15597,0,0.0
2022-05-17,APM Terminals,8,87.41250000000001,2.2,106481,0,0.0
2022-05-17,China Shipping,9,89.01111111111112,2.3111111111111113,110307,1,0.111
2022-05-17,Everport,10,91.92999999999999,2.02,112920,1,0.1
2022-05-17,TraPac,4,92.6,2.7,33572,1,0.25
2022-05-17,Yang Ming,4,90.175,2.2,36876,1,0.25
2022-05-18,APM Terminals,6,104.03333333333335,2.0,47932,1,0.167
2022-05-18,China Shipping,11,85.88181818181819,1.8818181818181818,96841,0,0.0
2022-05-18,Everport,10,85.17,2.2399999999999998,86462,1,0.1
2022-05-18,TraPac,2,95.80000000000001,2.95,23192,0,0.0
2022-05-18,Yang Ming,8,96.475,2.0125,81639,1,0.125
2022-05-19,APM Terminals,3,88.60000000000001,2.6666666666666665,37970,0,0.0
2022-05-19,China Shipping,5,93.5,2.16,51788,2,0.4
2022-05-19,Everport,5,85.88,1.8800000000000001,35776,0,0.0
2022-05-19,TraPac,4,90.025,2.55,38479,1,0.25
2022-05-19,Yang Ming,5,96.9,2.4,49320,0,0.0
2022-05-20,APM Terminals,6,100.45,2.1,53244,3,0.5
2022-05-20,China Shipping,7,92.14285714285714,1.9714285714285715,70585,0,0.0
2022-05-20,Everport,9,89.19999999999999,1.822222222222222,78606,1,0.111
2022-05-20,TraPac,6,98.91666666666667,2.1,53948,2,0.333
2022-05-20,Yang Ming,6,92.86666666666667,2.183333333333333,82382,1,0.167
2022-05-21,APM Terminals,7,82.17142857142858,2.157142857142857,76052,4,0.571
2022-05-21,China Shipping,7,94.04285714285713,2.085714285714286,63516,4,0.571
2022-05-21,Everport,4,79.65,2.25,40536,1,0.25
2022-05-21,TraPac,5,92.24,2.2600000000000002,51716,0,0.0
2022-05-21,Yang Ming,5,94.88,2.18,51025,1,0.2
2022-05-22,APM Terminals,3,84.76666666666667,1.8,30366,0,0.0
2022-05-22,China Shipping,7,82.34285714285714,1.542857142857143,38761,0,0.0
2022-05-22,Everport,3,91.76666666666667,2.8000000000000003,37396,0,0.0
2022-05-22,TraPac,5,92.42,2.58,60984,1,0.2
2022-05-22,Yang Ming,8,96.7,2.075,68650,1,0.125
2022-05-23,APM Terminals,3,93.23333333333333,2.533333333333333,17849,0,0.0
2022-05-23,China Shipping,11,98.39090909090909,1.981818181818182,92058,0,0.0
2022-05-23,Everport,6,86.7,2.0500000000000003,45696,0,0.0
2022-05-23,TraPac,7,92.22857142857143,2.457142857142857,87232,1,0.143
2022-05-23,Yang Ming,5,90.86,2.34,46716,1,0.2
2022-05-24,APM Terminals,7,85.71428571428571,1.8714285714285717,59588,0,0.0
2022-05-24,China Shipping,9,88.14444444444445,1.5333333333333334,53812,2,0.222
2022-05-24,Everport,7,81.38571428571429,2.357142857142857,88216,1,0.143
2022-05-24,TraPac,2,69.80000000000001,1.9,17793,0,0.0
2022-05-24,Yang Ming,5,98.4,2.08,47752,0,0.0
2022-05-25,APM Terminals,5,95.9,1.8399999999999999,49512,0,0.0
2022-05-25,China Shipping,10,92.13,2.54,124422,0,0.0
2022-05-25,Everport,3,87.06666666666666,2.1333333333333333,31314,0,0.0
2022-05-25,TraPac,3,96.93333333333334,1.8333333333333333,19712,1,0.333
2022-05-25,Yang Ming,6,90.83333333333333,2.1999999999999997,66616,0,0.0
2022-05-26,APM Terminals,5,88.4,2.06,46039,0,0.0
2022-05-26,China Shipping,8,89.025,1.95,69242,2,0.25
2022-05-26,Everport,10,98.53999999999999,2.25,124280,0,0.0
2022-05-26,TraPac,8,87.125,2.075,86155,1,0.125
2022-05-26,Yang Ming,5,98.53999999999999,1.98,60451,0,0.0
2022-05-27,APM Terminals,6,90.36666666666667,1.8166666666666667,57264,0,0.0
2022-05-27,China Shipping,8,88.5125,1.95,64713,1,0.125
2022-05-27,Everport,8,95.16250000000001,2.5125,96773,1,0.125
2022-05-27,TraPac,5,89.26,2.44,61835,0,0.0
2022-05-27,Yang Ming,9,84.86666666666667,2.1444444444444444,93872,0,0.0
2022-05-28,APM Terminals,10,93.22,2.06,93659,1,0.1
2022-05-28,China Shipping,4,92.25,2.3,39094,0,0.0
2022-05-28,Everport,5,90.62,2.48,61890,0,0.0
2022-05-28,TraPac,4,87.525,2.4,45820,2,0.5
2022-05-28,Yang Ming,10,88.46000000000001,1.9600000000000002,98226,2,0.2
2022-05-29,APM Terminals,6,85.98333333333333,1.9666666666666668,57909,1,0.167
2022-05-29,China Shipping,9,84.73333333333333,2.1666666666666665,77530,2,0.222
2022-05-29,Everport,4,94.3,1.95,35486,1,0.25
2022-05-29,TraPac,8,89.4625,2.225,82546,1,0.125
2022-05-29,Yang Ming,8,85.1125,2.1,75012,0,0.0
2022-05-30,APM Terminals,2,84.55,2.35,17638,1,0.5
2022-05-30,China Shipping,9,89.11111111111111,2.3777777777777778,104586,1,0.111
2022-05-30,Everport,4,80.425,1.9,38966,0,0.0
2022-05-30,TraPac,5,83.72,2.18,41539,1,0.2
2022-05-30,Yang Ming,10,90.86,2.19,112704,1,0.1
2022-05-31,APM Terminals,8,88.5125,2.0375,78050,2,0.25
2022-05-31,China Shipping,5,92.03999999999999,2.38,63334,2,0.4
2022-05-31,Everport,5,93.3,2.34,56174,0,0.0
2022-05-31,TraPac,7,89.05714285714285,2.0571428571428574,69527,0,0.0
2022-05-31,Yang Ming,3,98.16666666666667,2.066666666666667,33622,1,0.333
2022-06-01,APM Terminals,4,91.575,2.275,45951,2,0.5
2022-06-01,China Shipping,7,89.78571428571429,2.3428571428571425,66453,0,0.0
2022-06-01,Everport,8,90.7375,1.8875000000000002,65045,2,0.25
2022-06-01,TraPac,6,90.95,1.8666666666666665,57059,0,0.0
2022-06-01,Yang Ming,7,95.10000000000001,1.657142857142857,43946,2,0.286
2022-06-02,APM Terminals,4,92.625,2.05,49139,0,0.0
2022-06-02,China Shipping,6,87.91666666666667,2.0500000000000003,38499,0,0.0
2022-06-02,Everport,5,84.1,2.5,58995,1,0.2
2022-06-02,TraPac,5,90.72,1.5,29468,0,0.0
2022-06-02,Yang Ming,6,91.46666666666665,1.8833333333333335,58656,0,0.0
2022-06-03,APM Terminals,8,90.225,1.475,48699,1,0.125
2022-06-03,China Shipping,2,94.0,1.9,20290,0,0.0
2022-06-03,Everport,7,96.34285714285714,2.0142857142857142,78933,0,0.0
2022-06-03,TraPac,4,69.025,2.1,38656,1,0.25
2022-06-03,Yang Ming,12,87.325,2.3833333333333333,110021,1,0.083
2022-06-04,APM Terminals,4,95.175,1.675,18332,0,0.0
2022-06-04,China Shipping,4,93.225,2.1,38934,0,0.0
2022-06-04,Everport,10,86.91,2.08,77642,2,0.2
2022-06-04,TraPac,4,89.44999999999999,2.35,46391,3,0.75
2022-06-04,Yang Ming,5,107.0,2.54,64853,1,0.2
2022-06-05,APM Terminals,9,91.84444444444445,2.488888888888889,114057,1,0.111
2022-06-05,China Shipping,3,82.7,2.3666666666666667,35352,0,0.0
2022-06-05,Everport,9,96.38888888888889,2.1444444444444444,73972,2,0.222
2022-06-05,TraPac,8,82.9375,2.075,67462,3,0.375
2022-06-05,Yang Ming,5,77.6,2.4,66863,0,0.0
2022-06-06,APM Terminals,8,85.9625,1.8625,63194,2,0.25
2022-06-06,China Shipping,5,97.03999999999999,2.46,64458,1,0.2
2022-06-06,Everport,3,80.53333333333335,2.1333333333333333,28827,1,0.333
2022-06-06,TraPac,8,88.575,2.0625,90545,0,0.0
2022-06-06,Yang Ming,5,90.16,2.7800000000000002,67300,0,0.0
2022-06-07,APM Terminals,11,83.99090909090908,2.090909090909091,130799,2,0.182
2022-06-07,China Shipping,2,90.35,2.95,31025,0,0.0
2022-06-07,Everport,4,91.9,2.9,61858,0,0.0
2022-06-07,TraPac,6,86.21666666666665,1.7833333333333332,34312,1,0.167
2022-06-07,Yang Ming,4,90.55,2.675,57755,1,0.25
2022-06-08,APM Terminals,1,58.3,2.4,11637,0,0.0
2022-06-08,China Shipping,7,83.82857142857142,1.9000000000000001,58896,2,0.286
2022-06-08,Everport,4,91.4,1.75,12152,0,0.0
2022-06-08,TraPac,6,91.23333333333333,2.533333333333333,78026,0,0.0
2022-06-08,Yang Ming,3,96.03333333333335,1.9000000000000001,20879,0,0.0
2022-06-09,APM Terminals,7,97.77142857142857,2.142857142857143,67508,2,0.286
2022-06-09,China Shipping,8,92.65,2.25,89572,2,0.25
2022-06-09,Everport,6,90.36666666666667,2.3333333333333335,58912,1,0.167
2022-06-09,TraPac,6,101.33333333333333,2.3666666666666667,73319,0,0.0
2022-06-09,Yang Ming,7,95.15714285714286,2.1714285714285713,72887,0,0.0
2022-06-10,APM Terminals,5,91.86,2.16,50548,0,0.0
2022-06-10,China Shipping,4,89.55,1.925,35680,0,0.0
2022-06-10,Everport,5,95.9,1.8399999999999999,38450,1,0.2
2022-06-10,TraPac,6,88.11666666666667,2.1666666666666665,57901,0,0.0
2022-06-10,Yang Ming,5,82.64000000000001,1.7600000000000002,28827,2,0.4
2022-06-11,APM Terminals,5,87.7,2.1399999999999997,58687,0,0.0
2022-06-11,China Shipping,7,96.51428571428572,2.1714285714285713,69756,2,0.286
2022-06-11,Everport,2,105.30000000000001,2.05,27692,0,0.0
2022-06-11,TraPac,4,70.775,1.525,16908,0,0.0
2022-06-11,Yang Ming,7,88.08571428571429,2.0,68249,0,0.0
2022-06-12,APM Terminals,2,88.25,1.0,9093,1,0.5
2022-06-12,China Shipping,8,84.2875,2.025,80663,3,0.375
2022-06-12,Everport,5,84.88,1.6800000000000002,44129,1,0.2
2022-06-12,TraPac,2,81.35,2.0,21636,1,0.5
2022-06-12,Yang Ming,3,78.8,1.9333333333333333,29228,1,0.333
2022-06-13,APM Terminals,6,83.33333333333333,1.6500000000000001,42445,0,0.0
2022-06-13,China Shipping,2,82.80000000000001,2.9,26062,0,0.0
2022-06-13,Everport,11,87.32727272727273,2.0545454545454547,103708,3,0.273
2022-06-13,TraPac,6,97.83333333333333,2.3833333333333333,67789,4,0.667
2022-06-13,Yang Ming,7,87.44285714285715,1.8142857142857143,53983,0,0.0
2022-06-14,APM Terminals,8,94.1125,1.825,65738,0,0.0
2022-06-14,China Shipping,6,90.28333333333335,2.25,51387,0,0.0
2022-06-14,Everport,8,88.4375,2.05,64992,0,0.0
2022-06-14,TraPac,6,89.46666666666665,1.9666666666666668,54065,2,0.333
2022-06-14,Yang Ming,8,93.6625,1.9000000000000001,62897,0,0.0
2022-06-15,APM Terminals,11,88.96363636363637,2.1,108721,0,0.0
2022-06-15,China Shipping,6,92.03333333333335,2.1166666666666667,63096,1,0.167
2022-06-15,Everport,5,87.72,2.2399999999999998,67401,0,0.0
2022-06-15,TraPac,4,94.825,1.85,26294,0,0.0
2022-06-15,Yang Ming,1,98.9,1.4,6185,0,0.0
2022-06-16,APM Terminals,4,88.625,1.6,31135,0,0.0
2022-06-16,China Shipping,9,77.94444444444444,2.1333333333333333,89802,1,0.111
2022-06-16,Everport,8,82.775,1.9625,66294,2,0.25
2022-06-16,TraPac,7,82.35714285714286,2.1,73251,0,0.0
2022-06-16,Yang Ming,7,89.01428571428572,1.842857142857143,42308,0,0.0
2022-06-17,APM Terminals,9,86.96666666666667,2.2,113905,0,0.0
2022-06-17,China Shipping,7,83.22857142857143,2.042857142857143,64236,0,0.0
2022-06-17,Everport,7,94.89999999999999,2.2,87091,0,0.0
2022-06-17,TraPac,10,83.72999999999999,2.3400000000000003,101457,0,0.0
2022-06-17,Yang Ming,3,95.96666666666665,2.033333333333333,34999,0,0.0
2022-06-18,APM Terminals,2,94.05,2.0,18036,0,0.0
2022-06-18,China Shipping,7,83.41428571428571,1.7142857142857142,57527,3,0.429
2022-06-18,Everport,5,84.9,2.2,56903,0,0.0
2022-06-18,TraPac,13,88.36923076923077,2.169230769230769,129579,0,0.0
2022-06-18,Yang Ming,7,87.22857142857143,2.414285714285714,71870,0,0.0
2022-06-19,APM Terminals,3,108.66666666666667,2.0,22844,0,0.0
2022-06-19,China Shipping,5,84.5,1.9,43709,1,0.2
2022-06-19,Everport,7,88.92857142857143,1.9857142857142855,69093,2,0.286
2022-06-19,TraPac,3,82.0,2.1999999999999997,35361,1,0.333
2022-06-19,Yang Ming,9,83.35555555555555,2.1555555555555554,101868,1,0.111
2022-06-20,APM Terminals,4,97.775,2.25,45255,0,0.0
2022-06-20,China Shipping,4,88.64999999999999,2.1,30304,0,0.0
2022-06-20,Everport,8,93.5375,2.1,80783,0,0.0
2022-06-20,TraPac,3,94.26666666666667,2.1,21990,1,0.333
2022-06-20,Yang Ming,7,95.08571428571429,2.4,83381,0,0.0
2022-06-21,APM Terminals,3,84.1,2.1333333333333333,32583,0,0.0
2022-06-21,China Shipping,8,89.1125,2.225,85242,2,0.25
2022-06-21,Everport,5,92.03999999999999,2.3600000000000003,52955,1,0.2
2022-06-21,TraPac,8,95.2875,2.3125,87316,2,0.25
2022-06-21,Yang Ming,7,92.3,1.9857142857142858,63046,1,0.143
2022-06-22,APM Terminals,5,97.7,2.6,59758,1,0.2
2022-06-22,China Shipping,7,88.35714285714286,1.9285714285714286,64886,2,0.286
2022-06-22,Everport,4,82.525,2.3,42553,2,0.5
2022-06-22,TraPac,10,83.37,2.0100000000000002,98357,0,0.0
2022-06-22,Yang Ming,6,97.60000000000001,2.3333333333333335,76758,0,0.0
2022-06-23,APM Terminals,4,91.1,2.0,29661,0,0.0
2022-06-23,China Shipping,11,91.34545454545454,1.9454545454545453,110339,1,0.091
2022-06-23,Everport,7,93.84285714285714,2.0285714285714285,59039,0,0.0
2022-06-23,TraPac,7,87.62857142857142,2.4,83102,1,0.143
2022-06-23,Yang Ming,10,86.63000000000001,2.2399999999999998,100566,1,0.1
2022-06-24,APM Terminals,9,89.72222222222223,2.1888888888888887,88563,1,0.111
2022-06-24,China Shipping,11,90.35454545454546,1.8909090909090909,86465,3,0.273
2022-06-24,Everport,5,81.76,2.04,51686,1,0.2
2022-06-24,TraPac,3,96.46666666666665,2.766666666666667,40585,0,0.0
2022-06-24,Yang Ming,5,96.82000000000001,1.86,47640,1,0.2
2022-06-25,APM Terminals,4,94.875,1.825,28177,0,0.0
2022-06-25,China Shipping,6,89.28333333333335,1.7166666666666668,51652,0,0.0
2022-06-25,Everport,7,81.35714285714286,2.1,59812,2,0.286
2022-06-25,TraPac,5,86.44,1.8,33321,0,0.0
2022-06-25,Yang Ming,7,89.11428571428571,2.0142857142857142,59178,1,0.143
2022-06-26,APM Terminals,3,96.66666666666667,2.1666666666666665,30953,0,0.0
2022-06-26,China Shipping,1,99.3,1.2,2126,0,0.0
2022-06-26,Everport,5,95.1,1.8,29395,2,0.4
2022-06-26,TraPac,3,79.46666666666667,2.1999999999999997,34313,1,0.333
2022-06-26,Yang Ming,9,85.1,1.8111111111111111,87072,1,0.111
2022-06-27,APM Terminals,8,90.5625,2.025,89535,3,0.375
2022-06-27,China Shipping,6,83.28333333333333,1.8333333333333333,50005,2,0.333
2022-06-27,Everport,5,91.16,2.06,46328,2,0.4
2022-06-27,TraPac,12,97.93333333333334,2.3249999999999997,135028,1,0.083
2022-06-27,Yang Ming,9,88.30000000000001,2.022222222222222,97792,5,0.556
2022-06-28,APM Terminals,1,81.5,2.9,17480,0,0.0
2022-06-28,China Shipping,7,89.7,2.1142857142857143,64282,2,0.286
2022-06-28,Everport,8,87.925,2.025,69657,1,0.125
2022-06-28,TraPac,7,86.10000000000001,2.257142857142857,58399,2,0.286
2022-06-28,Yang Ming,2,104.4,2.15,23493,0,0.0
2022-06-29,APM Terminals,5,102.38,2.3,54851,1,0.2
2022-06-29,China Shipping,4,99.025,2.275,43172,3,0.75
2022-06-29,Everport,8,81.7,2.075,65500,3,0.375
2022-06-29,TraPac,5,98.84,1.86,36975,1,0.2
2022-06-29,Yang Ming,5,92.88000000000001,2.2199999999999998,52354,0,0.0
2022-06-30,APM Terminals,6,95.26666666666667,2.0500000000000003,69441,0,0.0
2022-06-30,China Shipping,4,82.125,2.2,45360,0,0.0
2022-06-30,Everport,6,79.26666666666667,1.9166666666666667,38635,1,0.167
2022-06-30,TraPac,6,88.33333333333333,2.183333333333333,52610,1,0.167
2022-06-30,Yang Ming,3,86.10000000000001,2.3333333333333335,28087,1,0.333
2022-07-01,APM Terminals,8,86.275,1.85,54215,2,0.25
2022-07-01,China Shipping,9,89.6,2.1888888888888887,97210,0,0.0
2022-07-01,Everport,6,94.71666666666665,2.1,43164,1,0.167
2022-07-01,TraPac,11,90.96363636363637,2.1545454545454543,113340,5,0.455
2022-07-01,Yang Ming,3,94.96666666666665,2.033333333333333,14381,1,0.333
2022-07-02,APM Terminals,4,90.15,1.775,26029,0,0.0
2022-07-02,China Shipping,8,94.475,2.225,82440,0,0.0
2022-07-02,Everport,5,90.16,2.44,57989,0,0.0
2022-07-02,TraPac,8,89.975,2.325,88195,2,0.25
2022-07-02,Yang Ming,5,91.38,2.62,40610,2,0.4
2022-07-03,APM Terminals,6,85.55,2.0833333333333335,59567,1,0.167
2022-07-03,China Shipping,7,99.05714285714285,1.8571428571428572,64403,1,0.143
2022-07-03,Everport,4,90.875,1.6,30919,1,0.25
2022-07-03,TraPac,2,99.9,2.95,25902,0,0.0
2022-07-03,Yang Ming,6,78.5,1.6666666666666667,40790,2,0.333
2022-07-04,APM Terminals,3,87.23333333333333,1.8666666666666665,23557,0,0.0
2022-07-04,China Shipping,3,89.3,2.2666666666666666,24288,0,0.0
2022-07-04,Everport,6,93.81666666666666,2.15,52011,1,0.167
2022-07-04,TraPac,5,84.82000000000001,2.6399999999999997,60264,0,0.0
2022-07-04,Yang Ming,5,99.78,2.7600000000000002,72284,2,0.4
2022-07-05,APM Terminals,3,92.66666666666667,1.9333333333333333,24866,2,0.667
2022-07-05,China Shipping,3,80.83333333333333,2.0666666666666664,24051,0,0.0
2022-07-05,Everport,4,91.125,2.25,45331,0,0.0
2022-07-05,TraPac,4,87.9,2.2,45121,1,0.25
2022-07-05,Yang Ming,1,79.0,1.3,6440,0,0.0
2022-07-06,APM Terminals,7,88.25714285714285,2.414285714285714,76811,2,0.286
2022-07-06,China Shipping,7,95.12857142857142,2.2857142857142856,63830,1,0.143
2022-07-06,Everport,5,87.6,2.06,55483,1,0.2
2022-07-06,TraPac,10,84.78,2.02,108313,1,0.1
2022-07-06,Yang Ming,6,89.75,2.1333333333333333,59151,2,0.333
2022-07-07,APM Terminals,6,79.11666666666666,2.2333333333333334,50668,1,0.167
2022-07-07,China Shipping,4,96.5,2.075,34610,1,0.25
2022-07-07,Everport,7,78.85714285714286,1.5285714285714285,29747,1,0.143
2022-07-07,TraPac,5,86.3,2.36,48920,0,0.0
2022-07-07,Yang Ming,8,89.875,2.125,77350,2,0.25
2022-07-08,APM Terminals,5,100.22,2.42,58774,0,0.0
2022-07-08,Everport,5,79.14,2.06,51048,0,0.0
2022-07-08,TraPac,6,78.26666666666667,2.15,62497,0,0.0
2022-07-08,Yang Ming,7,83.01428571428572,2.0285714285714285,69249,0,0.0
2022-07-09,APM Terminals,3,94.63333333333333,2.3666666666666667,30455,1,0.333
2022-07-09,China Shipping,4,83.175,2.1500000000000004,49294,0,0.0
2022-07-09,Everport,5,100.34,2.02,50046,0,0.0
2022-07-09,TraPac,7,90.55714285714285,2.5285714285714285,89958,0,0.0
2022-07-09,Yang Ming,5,88.88,2.18,56630,0,0.0
2022-07-10,APM Terminals,4,102.1,2.05,38032,1,0.25
2022-07-10,China Shipping,6,84.68333333333334,2.433333333333333,57363,2,0.333
2022-07-10,Everport,6,89.13333333333333,2.3,77090,0,0.0
2022-07-10,TraPac,6,96.73333333333333,2.0,47247,1,0.167
2022-07-10,Yang Ming,3,89.33333333333333,1.6333333333333335,31152,2,0.667
2022-07-11,APM Terminals,5,91.02000000000001,1.92,47410,2,0.4
2022-07-11,China Shipping,4,95.475,2.075,38610,1,0.25
2022-07-11,Everport,4,89.1,2.725,40344,1,0.25
2022-07-11,TraPac,6,92.03333333333335,2.233333333333333,66979,1,0.167
2022-07-11,Yang Ming,7,87.39999999999999,2.085714285714286,82180,2,0.286
2022-07-12,APM Terminals,4,93.6,1.6,18855,0,0.0
2022-07-12,China Shipping,8,88.5125,2.3625,76418,0,0.0
2022-07-12,Everport,8,91.225,2.0625,73436,1,0.125
2022-07-12,TraPac,7,87.77142857142857,2.2857142857142856,82090,1,0.143
2022-07-12,Yang Ming,10,99.83,2.15,108449,2,0.2
2022-07-13,APM Terminals,5,89.4,2.7199999999999998,70083,4,0.8
2022-07-13,China Shipping,4,89.625,1.95,41225,0,0.0
2022-07-13,Everport,2,86.15,1.25,4136,0,0.0
2022-07-13,TraPac,3,86.33333333333333,2.733333333333333,47909,0,0.0
2022-07-13,Yang Ming,5,98.06,2.66,63158,0,0.0
2022-07-14,APM Terminals,4,86.65,2.275,40250,1,0.25
2022-07-14,China Shipping,8,87.775,2.5125,96751,1,0.125
2022-07-14,Everport,7,85.75714285714285,2.742857142857143,106992,1,0.143
2022-07-14,TraPac,9,86.4111111111111,2.2333333333333334,105815,1,0.111
2022-07-14,Yang Ming,8,82.625,2.3375,84238,2,0.25
2022-07-15,APM Terminals,3,91.36666666666667,2.1,23748,1,0.333
2022-07-15,China Shipping,7,86.35714285714286,2.2142857142857144,82312,1,0.143
2022-07-15,Everport,8,93.575,1.55,50503,1,0.125
2022-07-15,TraPac,11,83.42727272727274,2.390909090909091,124499,2,0.182
2022-07-15,Yang Ming,7,99.31428571428572,1.8714285714285714,58480,2,0.286
2022-07-16,APM Terminals,6,92.71666666666665,2.216666666666667,57994,1,0.167
2022-07-16,China Shipping,6,84.2,2.466666666666667,61069,2,0.333
2022-07-16,Everport,7,88.2,1.9714285714285715,60680,1,0.143
2022-07-16,TraPac,2,90.75,2.25,27490,1,0.5
2022-07-16,Yang Ming,5,84.2,2.24,48012,1,0.2
2022-07-17,APM Terminals,9,99.3111111111111,2.3333333333333335,97901,1,0.111
2022-07-17,China Shipping,7,90.89999999999999,2.3285714285714287,69465,0,0.0
2022-07-17,Everport,12,86.55833333333334,1.9166666666666667,88059,0,0.0
2022-07-17,TraPac,4,95.875,2.4,43354,2,0.5
2022-07-17,Yang Ming,4,88.425,2.725,45459,0,0.0
2022-07-18,APM Terminals,4,93.8,2.275,42460,0,0.0
2022-07-18,China Shipping,3,83.56666666666666,2.266666666666667,33662,1,0.333
2022-07-18,Everport,3,66.86666666666666,2.0,32813,0,0.0
2022-07-18,TraPac,8,90.45,2.175,89808,3,0.375
2022-07-18,Yang Ming,6,82.48333333333333,2.0,57874,0,0.0
2022-07-19,APM Terminals,14,90.32857142857142,1.9928571428571427,131580,1,0.071
2022-07-19,China Shipping,9,94.74444444444445,2.2777777777777777,81241,0,0.0
2022-07-19,Everport,4,92.65,1.825,33078,1,0.25
2022-07-19,TraPac,6,89.58333333333333,2.1666666666666665,65259,1,0.167
2022-07-19,Yang Ming,6,84.03333333333333,1.8333333333333333,45544,2,0.333
2022-07-20,APM Terminals,7,83.44285714285715,1.9142857142857144,61860,0,0.0
2022-07-20,China Shipping,5,87.94,2.7,70539,0,0.0
2022-07-20,Everport,5,85.24,1.8200000000000003,47217,1,0.2
2022-07-20,TraPac,6,91.48333333333333,1.8833333333333335,57317,2,0.333
2022-07-20,Yang Ming,5,92.14,2.34,47402,1,0.2
2022-07-21,APM Terminals,10,84.27000000000001,1.94,81762,2,0.2
2022-07-21,China Shipping,5,81.22,2.12,56441,2,0.4
2022-07-21,Everport,2,96.8,2.45,23337,0,0.0
2022-07-21,TraPac,6,89.53333333333335,2.033333333333333,54283,3,0.5
2022-07-21,Yang Ming,5,80.74,2.04,58031,0,0.0
2022-07-22,APM Terminals,8,81.6875,1.9874999999999998,62020,1,0.125
2022-07-22,China Shipping,10,88.05,2.34,102850,0,0.0
2022-07-22,TraPac,4,93.1,2.025,30613,0,0.0
2022-07-22,Yang Ming,5,85.14,2.06,54937,1,0.2
2022-07-23,APM Terminals,3,83.23333333333333,1.5333333333333334,19156,0,0.0
2022-07-23,China Shipping,3,78.8,2.3000000000000003,27308,0,0.0
2022-07-23,Everport,7,96.02857142857144,2.357142857142857,79916,0,0.0
2022-07-23,TraPac,10,90.99,2.23,101668,6,0.6
2022-07-23,Yang Ming,7,83.54285714285713,2.4714285714285715,86734,0,0.0
2022-07-24,APM Terminals,4,100.975,2.225,48151,1,0.25
2022-07-24,China Shipping,6,81.63333333333334,2.1666666666666665,62382,3,0.5
2022-07-24,Everport,2,76.05,1.7,18089,1,0.5
2022-07-24,TraPac,3,106.13333333333333,2.0,26502,0,0.0
2022-07-24,Yang Ming,1,99.9,2.6,10129,0,0.0
2022-07-25,APM Terminals,1,94.4,0.9,916,1,1.0
2022-07-25,China Shipping,4,91.55,2.375,55945,0,0.0
2022-07-25,Everport,10,91.94,1.64,51733,2,0.2
2022-07-25,TraPac,7,86.95714285714287,1.842857142857143,62362,1,0.143
2022-07-25,Yang Ming,3,91.13333333333333,2.1333333333333333,20661,1,0.333
2022-07-26,APM Terminals,2,90.15,2.6,28515,0,0.0
2022-07-26,China Shipping,5,93.26,2.1399999999999997,57323,2,0.4
2022-07-26,Everport,5,93.2,2.56,68022,1,0.2
2022-07-26,TraPac,6,79.75,1.8499999999999999,57194,2,0.333
2022-07-26,Yang Ming,6,85.39999999999999,2.2666666666666666,64890,0,0.0
2022-07-27,APM Terminals,6,90.26666666666667,1.7666666666666668,56628,2,0.333
2022-07-27,China Shipping,2,90.45,1.55,7609,0,0.0
2022-07-27,Everport,5,91.17999999999999,1.9600000000000002,51239,0,0.0
2022-07-27,TraPac,8,80.7625,2.3125,83103,1,0.125
2022-07-27,Yang Ming,5,81.14,2.06,47121,1,0.2
2022-07-28,APM Terminals,2,92.65,2.5,21425,0,0.0
2022-07-28,China Shipping,8,91.0125,2.0625,81984,0,0.0
2022-07-28,Everport,8,95.4875,1.75,60175,2,0.25
2022-07-28,TraPac,5,88.8,2.1,46626,1,0.2
2022-07-28,Yang Ming,3,91.8,2.733333333333333,41996,1,0.333
2022-07-29,APM Terminals,4,97.0,1.725,29845,1,0.25
2022-07-29,China Shipping,3,70.56666666666666,1.3666666666666665,10501,1,0.333
2022-07-29,Everport,6,84.25,1.2,30731,1,0.167
2022-07-29,TraPac,8,91.6,2.075,72950,1,0.125
2022-07-29,Yang Ming,6,90.2,2.1666666666666665,72524,1,0.167
2022-07-30,APM Terminals,6,90.66666666666667,2.766666666666667,77687,0,0.0
2022-07-30,China Shipping,6,100.2,1.7666666666666666,42048,0,0.0
2022-07-30,Everport,5,80.22,2.32,50870,0,0.0
2022-07-30,TraPac,6,90.43333333333334,1.4666666666666668,36677,0,0.0
2022-07-30,Yang Ming,4,81.9,2.125,35495,0,0.0
2022-07-31,APM Terminals,6,96.25,1.9666666666666668,65958,1,0.167
2022-07-31,China Shipping,5,83.58,1.6799999999999997,29240,2,0.4
2022-07-31,Everport,8,87.9375,1.8625,51566,1,0.125
2022-07-31,TraPac,8,88.4,2.575,85841,2,0.25
2022-07-31,Yang Ming,6,87.38333333333333,2.1166666666666667,45732,1,0.167
2022-08-01,APM Terminals,6,114.85000000000001,2.0500000000000003,51845,1,0.167
2022-08-01,China Shipping,3,108.76666666666667,2.4,24597,0,0.0
2022-08-01,Everport,3,115.23333333333333,2.3333333333333335,27480,0,0.0
2022-08-01,TraPac,4,117.125,2.375,39063,1,0.25
2022-08-01,Yang Ming,12,121.925,2.1416666666666666,118277,2,0.167
2022-08-02,APM Terminals,2,129.25,1.75,14008,0,0.0
2022-08-02,China Shipping,6,126.03333333333335,2.1666666666666665,60307,1,0.167
2022-08-02,Everport,7,111.87142857142858,1.9857142857142858,58606,0,0.0
2022-08-02,TraPac,5,131.07999999999998,2.42,60738,0,0.0
2022-08-02,Yang Ming,6,116.26666666666667,1.9666666666666668,54391,2,0.333
2022-08-03,APM Terminals,6,109.16666666666667,2.6666666666666665,82822,1,0.167
2022-08-03,China Shipping,6,110.26666666666667,2.4166666666666665,58011,1,0.167
2022-08-03,Everport,7,118.91428571428571,2.257142857142857,71091,1,0.143
2022-08-03,TraPac,6,109.86666666666667,1.8666666666666665,58794,1,0.167
2022-08-03,Yang Ming,5,118.5,2.08,48541,2,0.4
2022-08-04,APM Terminals,8,121.57499999999999,1.8,61663,3,0.375
2022-08-04,China Shipping,3,126.33333333333333,2.2666666666666666,28407,0,0.0
2022-08-04,Everport,8,116.75,2.15,79526,0,0.0
2022-08-04,TraPac,4,128.425,2.525,47680,0,0.0
2022-08-04,Yang Ming,6,125.38333333333333,2.2166666666666663,58209,1,0.167
2022-08-05,APM Terminals,3,111.46666666666665,2.5,37129,0,0.0
2022-08-05,China Shipping,11,115.69090909090909,1.9909090909090907,90653,0,0.0
2022-08-05,Everport,8,118.775,2.25,83473,0,0.0
2022-08-05,TraPac,6,125.7,1.9666666666666668,55872,1,0.167
2022-08-05,Yang Ming,4,121.39999999999999,1.75,32213,2,0.5
2022-08-06,APM Terminals,7,113.18571428571428,2.4285714285714284,86971,2,0.286
2022-08-06,China Shipping,6,120.01666666666667,2.4166666666666665,63127,3,0.5
2022-08-06,Everport,7,110.95714285714287,1.8714285714285714,58860,0,0.0
2022-08-06,TraPac,10,114.4,1.92,71044,1,0.1
2022-08-06,Yang Ming,5,123.42,1.78,55282,0,0.0
2022-08-07,APM Terminals,9,117.3777777777778,2.0999999999999996,101745,1,0.111
2022-08-07,China Shipping,4,110.925,1.825,46211,0,0.0
2022-08-07,Everport,9,118.8777777777778,2.5777777777777775,112609,2,0.222
2022-08-07,TraPac,4,130.275,2.275,44495,1,0.25
2022-08-07,Yang Ming,3,120.13333333333333,2.0,33978,3,1.0
2022-08-08,APM Terminals,6,123.28333333333335,2.1333333333333333,54251,1,0.167
2022-08-08,China Shipping,2,118.1,2.05,14372,0,0.0
2022-08-08,Everport,5,112.16,2.1,49579,0,0.0
2022-08-08,TraPac,6,124.14999999999999,1.7666666666666668,44828,2,0.333
2022-08-08,Yang Ming,5,126.47999999999999,2.4,59862,0,0.0
2022-08-09,APM Terminals,8,118.8375,2.1875,88887,2,0.25
2022-08-09,China Shipping,7,113.5,2.5,71823,1,0.143
2022-08-09,Everport,7,103.74285714285715,2.257142857142857,74744,1,0.143
2022-08-09,TraPac,4,115.725,2.275,41065,2,0.5
2022-08-09,Yang Ming,3,102.2,1.7333333333333334,23829,0,0.0
2022-08-10,APM Terminals,7,118.74285714285715,2.0714285714285716,58917,2,0.286
2022-08-10,China Shipping,7,104.82857142857142,2.1,64517,0,0.0
2022-08-10,Everport,6,112.76666666666667,2.25,70096,2,0.333
2022-08-10,TraPac,3,111.56666666666668,2.1333333333333333,33864,0,0.0
2022-08-10,Yang Ming,6,124.48333333333335,2.2333333333333334,66885,1,0.167
2022-08-11,APM Terminals,10,119.33,2.4899999999999998,107444,2,0.2
2022-08-11,China Shipping,3,124.23333333333333,2.0,31599,0,0.0
2022-08-11,Everport,1,126.5,2.4,9983,0,0.0
2022-08-11,TraPac,1,140.6,0.8,2447,0,0.0
2022-08-11,Yang Ming,9,114.54444444444445,1.8555555555555554,79013,3,0.333
2022-08-12,APM Terminals,3,115.23333333333333,2.1,25502,1,0.333
2022-08-12,China Shipping,10,123.97999999999999,2.08,105762,4,0.4
2022-08-12,Everport,7,116.17142857142858,2.0285714285714285,76314,2,0.286
2022-08-12,TraPac,7,115.14285714285714,2.2857142857142856,81655,0,0.0
2022-08-12,Yang Ming,6,114.18333333333334,2.0833333333333335,52841,1,0.167
2022-08-13,APM Terminals,7,129.85714285714286,2.2857142857142856,76110,1,0.143
2022-08-13,China Shipping,4,121.975,1.575,25894,0,0.0
2022-08-13,Everport,10,107.82000000000001,1.9600000000000002,86373,4,0.4
2022-08-13,TraPac,5,118.47999999999999,1.94,34089,0,0.0
2022-08-13,Yang Ming,6,118.11666666666667,2.033333333333333,47539,0,0.0
2022-08-14,APM Terminals,4,117.85,1.9500000000000002,36184,0,0.0
2022-08-14,China Shipping,4,121.475,2.325,49714,1,0.25
2022-08-14,Everport,6,108.51666666666667,2.0833333333333335,65661,2,0.333
2022-08-14,TraPac,7,117.8,1.9000000000000001,49521,0,0.0
2022-08-14,Yang Ming,11,116.8,2.2454545454545456,120472,1,0.091
2022-08-15,APM Terminals,8,128.3375,2.4125,99930,3,0.375
2022-08-15,China Shipping,5,111.22,2.7199999999999998,60892,1,0.2
2022-08-15,Everport,3,104.5,2.8666666666666667,48156,0,0.0
2022-08-15,TraPac,3,128.86666666666667,1.2,9304,0,0.0
2022-08-15,Yang Ming,9,115.74444444444445,2.1888888888888887,79246,3,0.333
2022-08-16,APM Terminals,8,113.075,1.7875,76895,1,0.125
2022-08-16,China Shipping,10,120.96,1.8199999999999998,81886,1,0.1
2022-08-16,Everport,8,116.9375,2.0375,79436,2,0.25
2022-08-16,TraPac,6,119.68333333333334,1.9000000000000001,58256,1,0.167
2022-08-16,Yang Ming,7,125.04285714285713,1.6714285714285713,48575,1,0.143
2022-08-17,APM Terminals,7,113.91428571428571,2.1285714285714286,81944,3,0.429
2022-08-17,China Shipping,11,120.07272727272726,1.7636363636363634,91620,2,0.182
2022-08-17,Everport,3,101.76666666666667,2.233333333333333,34502,1,0.333
2022-08-17,TraPac,6,119.08333333333333,1.7833333333333332,58457,1,0.167
2022-08-17,Yang Ming,6,118.53333333333335,2.3000000000000003,58493,1,0.167
2022-08-18,APM Terminals,8,105.0,2.6125,101044,1,0.125
2022-08-18,China Shipping,12,113.09166666666665,2.2833333333333337,130524,0,0.0
2022-08-18,Everport,4,115.05,2.3,43118,0,0.0
2022-08-18,TraPac,13,112.5076923076923,2.0076923076923077,114513,4,0.308
2022-08-18,Yang Ming,6,110.91666666666667,2.4166666666666665,69520,2,0.333
2022-08-19,APM Terminals,6,125.38333333333334,2.0166666666666666,57133,3,0.5
2022-08-19,China Shipping,6,117.71666666666665,2.216666666666667,71211,1,0.167
2022-08-19,Everport,5,117.3,2.56,67144,0,0.0
2022-08-19,TraPac,6,111.51666666666667,2.35,57767,3,0.5
2022-08-19,Yang Ming,4,125.9,1.875,39535,2,0.5
2022-08-20,APM Terminals,5,105.38,2.2199999999999998,57145,1,0.2
2022-08-20,China Shipping,5,101.64,1.48,32493,0,0.0
2022-08-20,Everport,5,117.02000000000001,2.66,70502,1,0.2
2022-08-20,TraPac,7,111.07142857142857,1.9142857142857144,54949,0,0.0
2022-08-20,Yang Ming,6,129.01666666666668,2.283333333333333,64992,1,0.167
2022-08-21,APM Terminals,5,108.4,2.1,56063,1,0.2
2022-08-21,China Shipping,7,112.98571428571428,2.157142857142857,79584,2,0.286
2022-08-21,Everport,3,115.76666666666667,2.3000000000000003,33387,1,0.333
2022-08-21,TraPac,6,115.66666666666667,1.8333333333333333,52245,1,0.167
2022-08-21,Yang Ming,6,111.8,2.5833333333333335,69746,1,0.167
2022-08-22,APM Terminals,6,110.63333333333333,2.1666666666666665,66846,1,0.167
2022-08-22,China Shipping,6,113.93333333333334,2.65,76062,0,0.0
2022-08-22,Everport,8,117.925,2.2125,81549,5,0.625
2022-08-22,TraPac,6,121.91666666666667,2.1666666666666665,62085,0,0.0
2022-08-22,Yang Ming,4,119.475,2.25,47065,0,0.0
2022-08-23,APM Terminals,3,130.33333333333334,2.3333333333333335,36370,0,0.0
2022-08-23,China Shipping,4,121.0,1.725,20637,2,0.5
2022-08-23,Everport,6,109.85000000000001,2.216666666666667,66960,1,0.167
2022-08-23,TraPac,3,119.23333333333333,3.0666666666666664,43503,0,0.0
2022-08-23,Yang Ming,2,119.85,2.3,16470,0,0.0
2022-08-24,APM Terminals,5,108.08,1.98,45543,1,0.2
2022-08-24,China Shipping,3,117.23333333333333,1.8666666666666665,29270,0,0.0
2022-08-24,Everport,6,122.31666666666666,2.25,61370,1,0.167
2022-08-24,TraPac,1,111.5,1.2,876,0,0.0
2022-08-24,Yang Ming,5,120.92,1.9,43096,0,0.0
2022-08-25,APM Terminals,8,110.875,1.5,53039,2,0.25
2022-08-25,China Shipping,3,120.89999999999999,2.1666666666666665,28760,1,0.333
2022-08-25,Everport,8,117.6875,2.125,70742,1,0.125
2022-08-25,TraPac,7,119.88571428571429,2.142857142857143,77039,2,0.286
2022-08-25,Yang Ming,6,116.23333333333333,2.1999999999999997,68675,1,0.167
2022-08-26,APM Terminals,8,113.525,2.3625,103408,1,0.125
2022-08-26,China Shipping,8,122.85,2.0,72609,0,0.0
2022-08-26,Everport,4,116.475,1.9,34452,1,0.25
2022-08-26,TraPac,5,112.94000000000001,2.7,83647,3,0.6
2022-08-26,Yang Ming,4,100.425,1.675,26915,1,0.25
2022-08-27,APM Terminals,3,128.93333333333334,2.3333333333333335,24829,1,0.333
2022-08-27,China Shipping,8,110.5375,2.2375,84768,1,0.125
2022-08-27,Everport,7,118.35714285714286,1.9714285714285713,62680,1,0.143
2022-08-27,TraPac,13,111.20769230769231,1.8076923076923077,103104,2,0.154
2022-08-27,Yang Ming,6,116.88333333333333,2.0,52909,1,0.167
2022-08-28,APM Terminals,9,116.4888888888889,2.2222222222222223,93013,2,0.222
2022-08-28,China Shipping,10,110.75,2.29,120107,4,0.4
2022-08-28,Everport,8,125.925,2.0875,65033,3,0.375
2022-08-28,TraPac,8,111.125,2.4,89218,1,0.125
2022-08-28,Yang Ming,3,126.3,1.5,10920,1,0.333
2022-08-29,APM Terminals,11,112.17272727272729,1.9272727272727272,104679,4,0.364
2022-08-29,China Shipping,6,113.06666666666666,2.0500000000000003,53148,1,0.167
2022-08-29,Everport,6,121.41666666666667,2.25,66427,1,0.167
2022-08-29,TraPac,8,117.95,2.0375,59963,3,0.375
2022-08-29,Yang Ming,4,119.575,1.9,34411,1,0.25
2022-08-30,APM Terminals,4,111.375,2.15,39026,0,0.0
2022-08-30,China Shipping,4,105.2,2.275,43494,1,0.25
2022-08-30,Everport,3,120.83333333333333,2.733333333333333,33325,0,0.0
2022-08-30,TraPac,5,123.8,2.04,32984,2,0.4
2022-08-30,Yang Ming,5,111.04,1.9,52400,1,0.2
2022-08-31,APM Terminals,10,120.42,2.2800000000000002,116316,4,0.4
2022-08-31,China Shipping,5,108.75999999999999,1.7,42447,3,0.6
2022-08-31,Everport,8,117.55,2.2875,91541,2,0.25
2022-08-31,TraPac,7,125.85714285714286,2.5142857142857147,86097,0,0.0
2022-08-31,Yang Ming,3,109.89999999999999,2.5,34967,1,0.333
2022-09-01,APM Terminals,6,121.25,2.1666666666666665,60946,1,0.167
2022-09-01,China Shipping,9,120.86666666666666,2.6555555555555554,116599,2,0.222
2022-09-01,Everport,6,124.03333333333335,1.8333333333333333,47993,0,0.0
2022-09-01,TraPac,3,116.43333333333334,1.2333333333333334,19638,2,0.667
2022-09-01,Yang Ming,5,110.46,2.06,40494,2,0.4
2022-09-02,APM Terminals,11,114.72727272727273,2.3000000000000003,130551,2,0.182
2022-09-02,China Shipping,8,113.7625,1.775,51851,2,0.25
2022-09-02,Everport,7,104.37142857142858,2.0571428571428574,64029,1,0.143
2022-09-02,TraPac,10,112.97,2.27,101343,3,0.3
2022-09-02,Yang Ming,5,115.42,1.7400000000000002,41654,0,0.0
2022-09-03,APM Terminals,7,121.39999999999999,1.9714285714285715,53586,1,0.143
2022-09-03,China Shipping,8,118.85,2.25,104373,2,0.25
2022-09-03,Everport,5,123.75999999999999,2.12,45967,1,0.2
2022-09-03,TraPac,3,124.89999999999999,2.2,32191,2,0.667
2022-09-03,Yang Ming,9,115.89999999999999,2.3666666666666667,97952,2,0.222
2022-09-04,APM Terminals,8,122.8125,2.05,76423,4,0.5
2022-09-04,China Shipping,3,118.43333333333332,2.733333333333333,34268,0,0.0
2022-09-04,Everport,6,115.08333333333333,1.9666666666666668,51972,3,0.5
2022-09-04,TraPac,5,121.97999999999999,1.8800000000000001,39281,2,0.4
2022-09-04,Yang Ming,7,119.17142857142858,2.1,81285,5,0.714
2022-09-05,APM Terminals,10,122.83,2.02,97291,2,0.2
2022-09-05,China Shipping,7,126.05714285714285,2.3857142857142857,75392,2,0.286
2022-09-05,Everport,8,104.375,2.375,100197,3,0.375
2022-09-05,TraPac,6,113.85000000000001,2.2333333333333334,62311,1,0.167
2022-09-05,Yang Ming,8,113.0,2.4,92295,0,0.0
2022-09-06,APM Terminals,4,120.4,2.5500000000000003,54955,0,0.0
2022-09-06,China Shipping,6,106.81666666666666,2.35,73420,1,0.167
2022-09-06,Everport,7,121.87142857142858,2.0142857142857142,50917,2,0.286
2022-09-06,TraPac,7,131.14285714285714,1.8714285714285714,59419,3,0.429
2022-09-06,Yang Ming,8,115.9,2.5625,114429,0,0.0
2022-09-07,APM Terminals,7,108.18571428571428,2.0571428571428574,76134,3,0.429
2022-09-07,China Shipping,8,119.8625,1.7625,62828,2,0.25
2022-09-07,Everport,10,123.63,1.7400000000000002,71923,0,0.0
2022-09-07,TraPac,4,108.15,2.05,42013,1,0.25
2022-09-07,Yang Ming,8,118.45,2.3625,95779,2,0.25
2022-09-08,APM Terminals,7,124.51428571428572,2.085714285714286,65126,1,0.143
2022-09-08,China Shipping,7,113.61428571428571,2.1285714285714286,74749,2,0.286
2022-09-08,Everport,6,113.45,2.433333333333333,67078,2,0.333
2022-09-08,TraPac,4,123.1,2.0,30158,2,0.5
2022-09-08,Yang Ming,3,121.43333333333334,1.8,28779,3,1.0
2022-09-09,APM Terminals,2,100.5,0.95,4470,1,0.5
2022-09-09,China Shipping,1,113.6,1.2,7229,0,0.0
2022-09-09,Everport,4,123.725,2.05,30295,0,0.0
2022-09-09,TraPac,7,114.02857142857144,1.6571428571428573,55423,1,0.143
2022-09-09,Yang Ming,2,134.14999999999998,1.9,24193,0,0.0
2022-09-10,APM Terminals,4,117.95,2.05,41829,0,0.0
2022-09-10,China Shipping,7,106.61428571428571,2.0,62984,3,0.429
2022-09-10,Everport,6,105.41666666666667,1.5166666666666666,28025,3,0.5
2022-09-10,TraPac,10,113.61000000000001,2.23,113884,1,0.1
2022-09-10,Yang Ming,2,92.80000000000001,2.5,23089,0,0.0
2022-09-11,APM Terminals,8,119.1875,1.7875,67206,1,0.125
2022-09-11,China Shipping,8,112.4375,2.05,74796,1,0.125
2022-09-11,Everport,5,121.92,1.7399999999999998,47313,2,0.4
2022-09-11,TraPac,10,116.24000000000001,1.77,63345,1,0.1
2022-09-11,Yang Ming,5,124.9,1.7200000000000002,37768,1,0.2
2022-09-12,APM Terminals,4,123.85,2.025,33890,2,0.5
2022-09-12,China Shipping,8,112.75,2.35,82288,1,0.125
2022-09-12,Everport,8,110.45,1.7875,56091,1,0.125
2022-09-12,TraPac,6,116.45,2.1999999999999997,60917,0,0.0
2022-09-12,Yang Ming,7,115.34285714285714,1.8142857142857143,60895,0,0.0
2022-09-13,APM Terminals,6,119.71666666666665,2.5,72392,2,0.333
2022-09-13,China Shipping,7,110.04285714285713,2.0285714285714285,59605,1,0.143
2022-09-13,Everport,10,120.66,1.9900000000000002,100691,2,0.2
2022-09-13,TraPac,7,97.35714285714286,2.5714285714285716,90976,1,0.143
2022-09-13,Yang Ming,5,121.25999999999999,2.66,64107,1,0.2
2022-09-14,APM Terminals,6,108.66666666666667,2.216666666666667,57299,3,0.5
2022-09-14,China Shipping,4,107.1,1.95,40971,2,0.5
2022-09-14,Everport,8,126.0375,2.1375,80774,2,0.25
2022-09-14,TraPac,6,115.18333333333334,2.0833333333333335,66241,2,0.333
2022-09-14,Yang Ming,3,126.86666666666667,1.6666666666666667,24627,0,0.0
2022-09-15,APM Terminals,3,113.60000000000001,1.9000000000000001,26661,0,0.0
2022-09-15,China Shipping,5,116.9,2.06,41578,1,0.2
2022-09-15,Everport,7,116.20000000000002,1.9857142857142858,71441,1,0.143
2022-09-15,TraPac,8,123.8625,2.2625,96477,3,0.375
2022-09-15,Yang Ming,10,116.74000000000001,2.3899999999999997,110654,2,0.2
2022-09-16,APM Terminals,2,117.5,1.6,12642,2,1.0
2022-09-16,China Shipping,5,118.75999999999999,2.16,49089,0,0.0
2022-09-16,Everport,5,111.14000000000001,2.5,60522,1,0.2
2022-09-16,TraPac,6,122.56666666666666,1.7333333333333334,46469,2,0.333
2022-09-16,Yang Ming,7,108.45714285714287,1.942857142857143,64131,3,0.429
2022-09-17,APM Terminals,7,120.38571428571427,2.2714285714285714,69528,0,0.0
2022-09-17,China Shipping,6,109.75,2.0,43909,5,0.833
2022-09-17,Everport,11,115.9090909090909,2.127272727272727,110431,2,0.182
2022-09-17,TraPac,2,106.9,2.55,26879,1,0.5
2022-09-17,Yang Ming,2,113.35,2.45,23890,0,0.0
2022-09-18,APM Terminals,1,125.9,2.4,11456,0,0.0
2022-09-18,China Shipping,5,127.92,2.2600000000000002,52803,1,0.2
2022-09-18,Everport,2,118.15,2.0999999999999996,18157,0,0.0
2022-09-18,TraPac,7,116.35714285714286,1.8857142857142857,56232,3,0.429
2022-09-18,Yang Ming,8,120.6125,1.8875000000000002,68370,2,0.25
2022-09-19,APM Terminals,8,114.5375,2.4125,93791,0,0.0
2022-09-19,China Shipping,8,124.8625,1.8625,75863,2,0.25
2022-09-19,Everport,10,106.99000000000001,2.4,103100,1,0.1
2022-09-19,TraPac,7,111.04285714285713,2.314285714285714,76440,2,0.286
2022-09-19,Yang Ming,4,128.225,2.3,53189,2,0.5
2022-09-20,APM Terminals,4,108.475,1.95,26020,1,0.25
2022-09-20,China Shipping,9,125.3111111111111,1.9000000000000001,64808,2,0.222
2022-09-20,Everport,2,100.69999999999999,1.5499999999999998,12816,0,0.0
2022-09-20,TraPac,5,110.8,2.12,33828,0,0.0
2022-09-20,Yang Ming,10,126.53,2.18,96012,4,0.4
2022-09-21,APM Terminals,7,114.28571428571429,1.9857142857142855,72068,1,0.143
2022-09-21,China Shipping,7,114.61428571428571,2.4714285714285715,84901,2,0.286
2022-09-21,Everport,6,113.01666666666667,2.2666666666666666,59616,0,0.0
2022-09-21,TraPac,6,121.98333333333333,1.45,35807,2,0.333
2022-09-21,Yang Ming,6,107.2,1.7000000000000002,47782,1,0.167
2022-09-22,APM Terminals,5,117.2,2.04,51917,0,0.0
2022-09-22,China Shipping,8,115.1625,1.95,67021,0,0.0
2022-09-22,Everport,6,116.5,2.183333333333333,47734,2,0.333
2022-09-22,TraPac,6,129.18333333333334,1.7000000000000002,48194,1,0.167
2022-09-22,Yang Ming,2,128.8,2.4,26166,0,0.0
2022-09-23,APM Terminals,5,109.9,2.52,62368,2,0.4
2022-09-23,China Shipping,9,115.5111111111111,2.211111111111111,88609,1,0.111
2022-09-23,Everport,6,122.68333333333334,2.1666666666666665,48084,1,0.167
2022-09-23,TraPac,1,117.3,2.6,10696,0,0.0
2022-09-23,Yang Ming,2,122.35,2.6500000000000004,26392,0,0.0
2022-09-24,APM Terminals,8,123.325,1.6875,61672,3,0.375
2022-09-24,China Shipping,7,123.25714285714285,2.185714285714286,78341,2,0.286
2022-09-24,Everport,9,113.34444444444445,2.033333333333333,78775,2,0.222
2022-09-24,TraPac,5,120.52000000000001,2.06,48578,0,0.0
2022-09-24,Yang Ming,12,120.55833333333334,1.7833333333333332,98643,2,0.167
2022-09-25,APM Terminals,3,115.8,2.233333333333333,33569,0,0.0
2022-09-25,China Shipping,9,118.95555555555555,1.7777777777777777,64018,1,0.111
2022-09-25,Everport,1,123.3,1.9,10492,0,0.0
2022-09-25,TraPac,3,111.93333333333334,2.233333333333333,39707,1,0.333
2022-09-25,Yang Ming,6,112.08333333333333,2.1999999999999997,67094,2,0.333
2022-09-26,APM Terminals,3,114.56666666666666,3.1333333333333333,42495,1,0.333
2022-09-26,China Shipping,12,114.85833333333333,2.2583333333333333,138291,5,0.417
2022-09-26,Everport,4,112.64999999999999,2.3,49767,0,0.0
2022-09-26,TraPac,2,98.35,2.4,16873,1,0.5
2022-09-26,Yang Ming,7,123.05714285714285,1.657142857142857,36947,2,0.286
2022-09-27,APM Terminals,10,117.03,2.0300000000000002,96603,4,0.4
2022-09-27,China Shipping,8,108.5,2.075,71872,3,0.375
2022-09-27,Everport,5,116.85999999999999,2.2,49883,0,0.0
2022-09-27,TraPac,8,117.22500000000001,2.225,76178,0,0.0
2022-09-27,Yang Ming,6,108.76666666666667,2.183333333333333,51701,2,0.333
2022-09-28,APM Terminals,8,117.9625,2.3,86384,1,0.125
2022-09-28,China Shipping,8,113.8375,1.9875,74756,2,0.25
2022-09-28,Everport,9,123.61111111111111,1.9444444444444444,78586,0,0.0
2022-09-28,TraPac,5,117.52000000000001,1.8,37849,1,0.2
2022-09-28,Yang Ming,6,120.64999999999999,2.266666666666667,53989,1,0.167
2022-09-29,APM Terminals,5,109.44000000000001,2.18,50084,2,0.4
2022-09-29,China Shipping,4,123.7,2.925,54942,2,0.5
2022-09-29,Everport,7,108.78571428571429,2.642857142857143,104589,2,0.286
2022-09-29,TraPac,6,118.05,2.216666666666667,72752,0,0.0
2022-09-29,Yang Ming,4,113.025,2.275,54730,1,0.25
2022-09-30,APM Terminals,2,115.4,1.4500000000000002,7134,0,0.0
2022-09-30,China Shipping,4,108.42500000000001,2.15,35940,1,0.25
2022-09-30,Everport,7,125.58571428571429,2.3428571428571425,80106,0,0.0
2022-09-30,TraPac,5,110.64000000000001,2.1,56539,2,0.4
2022-09-30,Yang Ming,14,119.12142857142858,2.0714285714285716,140341,7,0.5
2022-10-01,APM Terminals,3,114.86666666666667,2.3000000000000003,36681,0,0.0
2022-10-01,China Shipping,3,99.66666666666667,2.433333333333333,28834,2,0.667
2022-10-01,Everport,7,114.35714285714286,2.3714285714285714,60770,2,0.286
2022-10-01,TraPac,8,118.0875,2.1375,92970,2,0.25
2022-10-01,Yang Ming,8,117.175,1.75,64621,0,0.0
2022-10-02,APM Terminals,8,112.425,2.125,84885,2,0.25
2022-10-02,China Shipping,6,119.11666666666666,1.5666666666666667,47092,4,0.667
2022-10-02,Everport,5,126.46,2.34,44858,1,0.2
2022-10-02,TraPac,6,118.60000000000001,1.95,59811,0,0.0
2022-10-02,Yang Ming,9,114.60000000000001,2.211111111111111,100032,2,0.222
2022-10-03,APM Terminals,4,124.5,2.025,38259,0,0.0
2022-10-03,China Shipping,9,114.58888888888889,2.3555555555555556,91813,3,0.333
2022-10-03,Everport,10,122.78,2.0,63219,2,0.2
2022-10-03,TraPac,2,118.35,2.2,29656,0,0.0
2022-10-03,Yang Ming,3,102.43333333333334,1.4666666666666668,15886,0,0.0
2022-10-04,APM Terminals,5,124.02000000000001,1.8199999999999998,40585,0,0.0
2022-10-04,China Shipping,6,113.45,2.1,62365,3,0.5
2022-10-04,Everport,10,121.19000000000001,2.3,98470,3,0.3
2022-10-04,TraPac,8,124.14999999999999,2.2375,68391,1,0.125
2022-10-04,Yang Ming,5,119.0,2.1399999999999997,53465,0,0.0
2022-10-05,APM Terminals,9,112.86666666666667,1.822222222222222,76220,3,0.333
2022-10-05,China Shipping,9,117.47777777777777,2.4444444444444446,116865,0,0.0
2022-10-05,Everport,5,113.05999999999999,2.02,48089,1,0.2
2022-10-05,TraPac,9,117.25555555555555,2.033333333333333,71564,5,0.556
2022-10-05,Yang Ming,12,120.30833333333334,2.3333333333333335,132852,1,0.083
2022-10-06,APM Terminals,8,122.8,2.1875,94120,3,0.375
2022-10-06,China Shipping,4,125.35000000000001,2.1,32082,0,0.0
2022-10-06,Everport,4,125.82499999999999,2.25,39560,1,0.25
2022-10-06,TraPac,7,116.8,2.1,79637,1,0.143
2022-10-06,Yang Ming,3,114.26666666666667,1.9000000000000001,20809,1,0.333
2022-10-07,APM Terminals,10,119.64000000000001,2.16,109010,4,0.4
2022-10-07,China Shipping,4,124.0,1.95,29491,2,0.5
2022-10-07,Everport,6,124.35000000000001,2.466666666666667,63661,1,0.167
2022-10-07,TraPac,6,124.63333333333333,2.433333333333333,73338,1,0.167
2022-10-07,Yang Ming,3,113.3,1.5666666666666667,19606,0,0.0
2022-10-08,APM Terminals,6,116.0,2.0500000000000003,58729,1,0.167
2022-10-08,China Shipping,5,125.1,2.2,45845,1,0.2
2022-10-08,Everport,11,115.18181818181819,1.9454545454545453,105012,0,0.0
2022-10-08,TraPac,3,115.03333333333335,1.8,14345,0,0.0
2022-10-08,Yang Ming,6,123.0,2.5166666666666666,88948,2,0.333
2022-10-09,APM Terminals,4,110.525,2.3,45587,2,0.5
2022-10-09,China Shipping,3,116.26666666666667,2.3000000000000003,27050,2,0.667
2022-10-09,Everport,4,117.5,1.8,34523,1,0.25
2022-10-09,TraPac,5,123.12,1.6200000000000003,36694,1,0.2
2022-10-09,Yang Ming,10,112.8,2.43,122141,3,0.3
2022-10-10,APM Terminals,6,120.89999999999999,2.1666666666666665,66154,1,0.167
2022-10-10,China Shipping,5,122.16,2.12,47633,1,0.2
2022-10-10,Everport,3,113.60000000000001,2.066666666666667,32664,2,0.667
2022-10-10,TraPac,8,114.11250000000001,2.0375,63084,1,0.125
2022-10-10,Yang Ming,5,123.02000000000001,1.9,46366,0,0.0
2022-10-11,APM Terminals,7,109.7,2.2714285714285714,88828,0,0.0
2022-10-11,China Shipping,4,123.8,2.15,41364,1,0.25
2022-10-11,Everport,4,127.075,1.4,31369,1,0.25
2022-10-11,TraPac,8,122.7625,2.1625,80414,2,0.25
2022-10-11,Yang Ming,9,115.65555555555557,2.3,111997,3,0.333
2022-10-12,APM Terminals,6,110.2,1.7,45393,1,0.167
2022-10-12,China Shipping,10,123.33,2.2,99488,3,0.3
2022-10-12,Everport,3,106.26666666666667,2.1999999999999997,28683,0,0.0
2022-10-12,TraPac,7,130.52857142857144,2.4714285714285715,77428,1,0.143
2022-10-12,Yang Ming,13,124.02307692307691,2.169230769230769,152377,1,0.077
2022-10-13,APM Terminals,7,119.7,2.442857142857143,73707,2,0.286
2022-10-13,China Shipping,7,119.11428571428571,1.9714285714285715,74651,2,0.286
2022-10-13,Everport,5,108.66,2.18,47585,0,0.0
2022-10-13,TraPac,4,116.57499999999999,2.1500000000000004,39032,1,0.25
2022-10-13,Yang Ming,3,121.13333333333333,1.9000000000000001,17108,0,0.0
2022-10-14,APM Terminals,5,115.3,2.32,47327,1,0.2
2022-10-14,China Shipping,1,129.5,1.5,6424,0,0.0
2022-10-14,Everport,7,110.71428571428571,1.7428571428571427,47244,0,0.0
2022-10-14,TraPac,7,116.61428571428571,1.8571428571428572,55418,0,0.0
2022-10-14,Yang Ming,6,115.68333333333334,2.1999999999999997,65331,0,0.0
2022-10-15,APM Terminals,7,113.57142857142857,2.0,50717,1,0.143
2022-10-15,China Shipping,5,119.47999999999999,2.2800000000000002,63474,0,0.0
2022-10-15,Everport,7,120.02857142857144,1.842857142857143,60631,2,0.286
2022-10-15,TraPac,9,112.3111111111111,2.088888888888889,103392,4,0.444
2022-10-15,Yang Ming,5,116.14000000000001,2.2,61781,2,0.4
2022-10-16,APM Terminals,6,111.0,1.8166666666666667,57349,1,0.167
2022-10-16,China Shipping,5,115.16,1.7600000000000002,32869,0,0.0
2022-10-16,Everport,4,118.175,2.175,38971,0,0.0
2022-10-16,TraPac,8,113.475,2.175,82231,1,0.125
2022-10-16,Yang Ming,7,122.5,1.6857142857142857,57391,3,0.429
2022-10-17,APM Terminals,8,109.95,1.975,67186,1,0.125
2022-10-17,China Shipping,8,115.575,1.9125,66504,2,0.25
2022-10-17,Everport,5,109.5,2.72,70087,2,0.4
2022-10-17,TraPac,7,116.72857142857143,1.6999999999999997,50401,2,0.286
2022-10-17,Yang Ming,6,112.91666666666667,2.3666666666666667,62522,3,0.5
2022-10-18,APM Terminals,5,114.64000000000001,1.8,35704,1,0.2
2022-10-18,China Shipping,6,117.68333333333334,1.7833333333333332,54327,0,0.0
2022-10-18,Everport,7,118.11428571428571,1.8142857142857145,54863,0,0.0
2022-10-18,TraPac,8,114.7875,1.7625,66863,0,0.0
2022-10-18,Yang Ming,9,111.02222222222223,2.1333333333333333,88144,2,0.222
2022-10-19,APM Terminals,5,111.58,2.0,49031,0,0.0
2022-10-19,China Shipping,9,125.54444444444445,2.3111111111111113,102404,2,0.222
2022-10-19,Everport,8,117.125,2.2,82061,2,0.25
2022-10-19,TraPac,8,112.6625,2.25,83395,0,0.0
2022-10-19,Yang Ming,7,121.47142857142856,2.0714285714285716,65697,2,0.286
2022-10-20,APM Terminals,5,117.4,2.5,63230,0,0.0
2022-10-20,China Shipping,4,121.375,1.975,41128,0,0.0
2022-10-20,Everport,7,118.34285714285714,1.5999999999999999,62337,0,0.0
2022-10-20,TraPac,8,122.975,2.125,86498,5,0.625
2022-10-20,Yang Ming,8,124.1,1.8625,61348,1,0.125
2022-10-21,APM Terminals,6,114.13333333333333,2.1,63868,2,0.333
2022-10-21,China Shipping,11,124.4090909090909,2.3363636363636364,111844,3,0.273
2022-10-21,Everport,7,118.74285714285715,2.1714285714285713,82566,2,0.286
2022-10-21,TraPac,6,110.63333333333333,1.7166666666666668,64342,2,0.333
2022-10-21,Yang Ming,6,115.98333333333333,3.216666666666667,91485,1,0.167
2022-10-22,APM Terminals,2,130.7,2.45,21684,0,0.0
2022-10-22,China Shipping,8,115.5375,2.2875,85094,0,0.0
2022-10-22,Everport,6,116.81666666666666,2.316666666666667,71659,0,0.0
2022-10-22,TraPac,9,121.85555555555555,2.1888888888888887,106420,0,0.0
2022-10-22,Yang Ming,8,124.75,1.6125,49825,1,0.125
2022-10-23,APM Terminals,3,116.5,2.466666666666667,42597,1,0.333
2022-10-23,China Shipping,2,111.7,3.15,28227,0,0.0
2022-10-23,Everport,8,124.2125,2.0125,73225,1,0.125
2022-10-23,TraPac,7,114.21428571428571,1.7571428571428573,55022,0,0.0
2022-10-23,Yang Ming,7,118.25714285714285,1.8857142857142857,51247,1,0.143
2022-10-24,APM Terminals,4,114.075,2.45,36953,0,0.0
2022-10-24,China Shipping,7,116.07142857142857,2.2857142857142856,81276,0,0.0
2022-10-24,Everport,6,113.96666666666665,1.8833333333333335,51764,2,0.333
2022-10-24,TraPac,5,111.32000000000001,2.2,53260,1,0.2
2022-10-24,Yang Ming,3,108.93333333333334,2.6333333333333333,36222,1,0.333
2022-10-25,APM Terminals,3,113.7,1.8666666666666665,28073,2,0.667
2022-10-25,China Shipping,2,105.15,2.1,26596,1,0.5
2022-10-25,Everport,5,116.54,2.2800000000000002,41029,0,0.0
2022-10-25,TraPac,5,119.64000000000001,2.3400000000000003,56969,1,0.2
2022-10-25,Yang Ming,9,124.78888888888888,1.9222222222222223,82631,1,0.111
2022-10-26,APM Terminals,9,119.76666666666668,2.3111111111111113,102095,1,0.111
2022-10-26,China Shipping,5,112.67999999999999,1.54,33383,1,0.2
2022-10-26,Everport,3,121.76666666666665,1.4666666666666668,11058,1,0.333
2022-10-26,TraPac,4,119.375,1.775,36157,0,0.0
2022-10-26,Yang Ming,9,112.07777777777778,2.0555555555555554,92839,2,0.222
2022-10-27,APM Terminals,6,121.03333333333335,2.2333333333333334,66975,3,0.5
2022-10-27,China Shipping,9,112.77777777777777,2.4222222222222225,118178,0,0.0
2022-10-27,Everport,4,132.975,1.675,28173,0,0.0
2022-10-27,TraPac,8,116.0375,1.85,74300,0,0.0
2022-10-27,Yang Ming,8,123.6875,2.225,79172,1,0.125
2022-10-28,APM Terminals,5,131.4,1.7399999999999998,39100,1,0.2
2022-10-28,China Shipping,6,124.75,2.066666666666667,50293,1,0.167
2022-10-28,Everport,3,117.76666666666667,2.466666666666667,37964,0,0.0
2022-10-28,TraPac,6,113.5,1.883333333333333,29821,1,0.167
2022-10-28,Yang Ming,9,121.23333333333332,1.7111111111111112,70100,1,0.111
2022-10-29,APM Terminals,3,109.7,2.733333333333333,37857,2,0.667
2022-10-29,China Shipping,8,116.225,2.2,89291,1,0.125
2022-10-29,Everport,4,112.8,2.35,44259,1,0.25
2022-10-29,TraPac,8,126.0375,1.85,48754,1,0.125
2022-10-29,Yang Ming,3,119.89999999999999,1.8,23627,0,0.0
2022-10-30,APM Terminals,9,113.97777777777777,2.2555555555555555,97806,3,0.333
2022-10-30,China Shipping,4,114.925,2.525,46723,1,0.25
2022-10-30,Everport,5,122.16,2.18,50238,1,0.2
2022-10-30,TraPac,9,125.9888888888889,1.9444444444444444,69850,2,0.222
2022-10-30,Yang Ming,4,129.575,2.125,24299,0,0.0
2022-10-31,APM Terminals,8,121.225,1.8,62086,2,0.25
2022-10-31,China Shipping,3,119.26666666666667,1.9666666666666668,28782,1,0.333
2022-10-31,Everport,5,128.1,1.58,33820,0,0.0
2022-10-31,TraPac,8,112.6,1.9625,78351,2,0.25
2022-10-31,Yang Ming,4,118.07499999999999,2.1500000000000004,48844,1,0.25
2022-11-01,APM Terminals,6,88.78333333333335,2.6999999999999997,78972,0,0.0
2022-11-01,China Shipping,5,91.67999999999999,2.04,40414,0,0.0
2022-11-01,Everport,7,86.97142857142856,2.4,76864,1,0.143
2022-11-01,TraPac,8,87.8875,2.25,74846,1,0.125
2022-11-01,Yang Ming,5,93.14,2.08,44209,1,0.2
2022-11-02,APM Terminals,6,94.63333333333333,2.1333333333333333,64865,1,0.167
2022-11-02,China Shipping,6,97.25,2.3833333333333333,59832,1,0.167
2022-11-02,Everport,7,85.11428571428571,1.957142857142857,69328,1,0.143
2022-11-02,TraPac,6,99.14999999999999,2.2333333333333334,60622,1,0.167
2022-11-02,Yang Ming,5,92.4,2.0,39024,0,0.0
2022-11-03,APM Terminals,1,84.5,2.2,10956,0,0.0
2022-11-03,China Shipping,14,90.47142857142856,2.107142857142857,141827,2,0.143
2022-11-03,Everport,5,84.58000000000001,2.2800000000000002,39580,1,0.2
2022-11-03,TraPac,3,103.76666666666667,1.7,19453,1,0.333
2022-11-03,Yang Ming,9,87.72222222222223,1.788888888888889,68993,3,0.333
2022-11-04,APM Terminals,5,90.62,2.12,52322,0,0.0
2022-11-04,China Shipping,5,90.46000000000001,2.32,56802,3,0.6
2022-11-04,Everport,5,93.88,2.38,52223,1,0.2
2022-11-04,TraPac,5,79.0,1.5,32473,1,0.2
2022-11-04,Yang Ming,3,74.39999999999999,2.0,24958,0,0.0
2022-11-05,APM Terminals,5,77.46000000000001,2.08,60730,1,0.2
2022-11-05,China Shipping,4,87.775,1.9,35608,0,0.0
2022-11-05,Everport,6,101.56666666666666,2.1,63816,1,0.167
2022-11-05,TraPac,5,93.4,2.18,40040,1,0.2
2022-11-05,Yang Ming,5,87.68,2.08,42069,0,0.0
2022-11-06,APM Terminals,4,83.2,2.075,32564,0,0.0
2022-11-06,China Shipping,4,91.1,2.0,34136,0,0.0
2022-11-06,Everport,6,88.3,2.1,51964,1,0.167
2022-11-06,TraPac,1,110.3,1.7,11232,0,0.0
2022-11-06,Yang Ming,5,78.74,2.08,45383,1,0.2
2022-11-07,APM Terminals,4,88.525,2.225,38875,1,0.25
2022-11-07,China Shipping,6,87.73333333333333,2.183333333333333,57333,0,0.0
2022-11-07,Everport,7,88.15714285714286,2.3428571428571425,90743,0,0.0
2022-11-07,TraPac,4,95.025,1.9749999999999999,37884,0,0.0
2022-11-07,Yang Ming,5,87.06,2.3600000000000003,55200,0,0.0
2022-11-08,APM Terminals,3,96.10000000000001,2.1666666666666665,44555,0,0.0
2022-11-08,China Shipping,3,90.5,2.5,30216,0,0.0
2022-11-08,Everport,6,75.83333333333333,1.7666666666666666,56914,3,0.5
2022-11-08,TraPac,3,109.16666666666667,1.6333333333333335,28689,0,0.0
2022-11-08,Yang Ming,6,98.63333333333333,2.5833333333333335,67450,3,0.5
2022-11-09,APM Terminals,1,113.6,2.0,7276,0,0.0
2022-11-09,China Shipping,3,82.3,2.066666666666667,34233,0,0.0
2022-11-09,Everport,3,87.56666666666666,1.7666666666666668,23536,0,0.0
2022-11-09,TraPac,3,120.89999999999999,1.9333333333333333,25207,0,0.0
2022-11-09,Yang Ming,4,92.575,1.9500000000000002,19264,1,0.25
2022-11-10,APM Terminals,4,92.15,1.95,31769,1,0.25
2022-11-10,China Shipping,7,93.57142857142857,2.0142857142857147,59919,0,0.0
2022-11-10,Everport,5,96.96000000000001,2.3600000000000003,65737,1,0.2
2022-11-10,TraPac,7,89.64285714285714,1.9857142857142858,58619,1,0.143
2022-11-10,Yang Ming,6,98.55,2.066666666666667,57471,1,0.167
2022-11-11,APM Terminals,6,97.10000000000001,2.1,70218,1,0.167
2022-11-11,China Shipping,6,94.25,1.8333333333333333,53909,1,0.167
2022-11-11,Everport,3,106.43333333333334,2.1,25384,0,0.0
2022-11-11,TraPac,6,96.78333333333335,2.1166666666666667,65884,3,0.5
2022-11-11,Yang Ming,5,83.84,2.1399999999999997,50049,1,0.2
2022-11-12,APM Terminals,4,90.65,2.4000000000000004,45862,0,0.0
2022-11-12,China Shipping,5,93.38,2.08,50961,0,0.0
2022-11-12,Everport,2,87.25,2.75,26565,0,0.0
2022-11-12,TraPac,3,91.73333333333333,1.5999999999999999,23674,0,0.0
2022-11-12,Yang Ming,10,91.3,2.1,116264,2,0.2
2022-11-13,APM Terminals,6,88.53333333333335,2.466666666666667,76868,2,0.333
2022-11-13,China Shipping,4,78.45,1.95,26241,0,0.0
2022-11-13,Everport,6,87.36666666666667,2.1666666666666665,58695,2,0.333
2022-11-13,TraPac,10,91.16,2.27,116072,2,0.2
2022-11-13,Yang Ming,7,96.74285714285715,2.314285714285714,71259,1,0.143
2022-11-14,APM Terminals,9,93.62222222222222,1.6888888888888889,67934,1,0.111
2022-11-14,China Shipping,4,89.625,2.05,29294,1,0.25
2022-11-14,Everport,4,94.875,2.6500000000000004,49048,0,0.0
2022-11-14,TraPac,5,90.56,2.4,60965,2,0.4
2022-11-14,Yang Ming,8,88.225,1.7,55075,0,0.0
2022-11-15,APM Terminals,7,91.7,2.042857142857143,58249,0,0.0
2022-11-15,China Shipping,4,87.75,2.3000000000000003,30537,0,0.0
2022-11-15,Everport,9,79.17777777777778,2.5555555555555554,93772,0,0.0
2022-11-15,TraPac,5,88.78,2.02,47211,1,0.2
2022-11-15,Yang Ming,9,90.15555555555555,1.9000000000000001,68034,3,0.333
2022-11-16,APM Terminals,5,84.64,2.6399999999999997,64893,1,0.2
2022-11-16,China Shipping,6,84.81666666666668,1.9166666666666667,74163,0,0.0
2022-11-16,Everport,8,85.2125,2.075,80247,0,0.0
2022-11-16,TraPac,8,90.5125,2.1,77632,0,0.0
2022-11-16,Yang Ming,12,93.925,2.075,120955,0,0.0
2022-11-17,APM Terminals,3,103.60000000000001,1.9666666666666668,16223,0,0.0
2022-11-17,China Shipping,6,91.8,2.4499999999999997,61213,1,0.167
2022-11-17,Everport,2,83.1,1.9000000000000001,13497,0,0.0
2022-11-17,TraPac,5,93.42,2.16,52583,0,0.0
2022-11-17,Yang Ming,6,85.33333333333333,2.0,46114,3,0.5
2022-11-18,APM Terminals,8,96.5,2.2875,85293,2,0.25
2022-11-18,China Shipping,5,89.02000000000001,1.98,46211,1,0.2
2022-11-18,Everport,3,82.66666666666667,2.433333333333333,23960,0,0.0
2022-11-18,TraPac,5,95.44,1.98,36866,0,0.0
2022-11-18,Yang Ming,8,94.7125,2.4875,100256,0,0.0
2022-11-19,APM Terminals,2,91.6,1.6,17267,0,0.0
2022-11-19,China Shipping,11,96.76363636363637,2.390909090909091,127240,0,0.0
2022-11-19,Everport,3,85.89999999999999,2.3666666666666667,41284,1,0.333
2022-11-19,TraPac,6,89.89999999999999,2.15,47465,0,0.0
2022-11-19,Yang Ming,6,88.81666666666666,1.6666666666666667,49909,3,0.5
2022-11-20,APM Terminals,1,89.0,0.8,2262,0,0.0
2022-11-20,China Shipping,5,92.78,2.1,47133,1,0.2
2022-11-20,Everport,10,82.84,1.6,73405,0,0.0
2022-11-20,TraPac,3,70.76666666666667,2.733333333333333,27663,1,0.333
2022-11-20,Yang Ming,4,98.275,2.125,47625,0,0.0
2022-11-21,APM Terminals,3,84.33333333333333,1.4000000000000001,11969,0,0.0
2022-11-21,China Shipping,3,100.33333333333333,2.233333333333333,31955,1,0.333
2022-11-21,Everport,5,98.36,1.7600000000000002,32796,1,0.2
2022-11-21,TraPac,5,103.14000000000001,1.98,41540,3,0.6
2022-11-21,Yang Ming,10,91.18,1.9300000000000002,88270,1,0.1
2022-11-22,APM Terminals,3,77.53333333333335,2.033333333333333,23210,0,0.0
2022-11-22,China Shipping,7,95.35714285714286,1.9857142857142858,69561,1,0.143
2022-11-22,Everport,5,79.28,2.1399999999999997,55979,0,0.0
2022-11-22,TraPac,7,93.44285714285715,2.2285714285714286,92701,0,0.0
2022-11-22,Yang Ming,3,76.10000000000001,1.4000000000000001,18889,0,0.0
2022-11-23,APM Terminals,2,92.30000000000001,2.65,27406,0,0.0
2022-11-23,China Shipping,7,90.28571428571429,1.9714285714285715,63326,0,0.0
2022-11-23,Everport,5,82.74000000000001,1.7,39077,0,0.0
2022-11-23,TraPac,4,99.425,1.425,29816,0,0.0
2022-11-23,Yang Ming,6,92.10000000000001,2.183333333333333,67525,0,0.0
2022-11-24,APM Terminals,3,80.26666666666667,2.033333333333333,22818,1,0.333
2022-11-24,China Shipping,6,86.0,1.5333333333333332,49311,0,0.0
2022-11-24,Everport,8,93.4125,2.4625,102367,0,0.0
2022-11-24,TraPac,8,92.15,2.2625,70571,3,0.375
2022-11-24,Yang Ming,7,95.54285714285713,2.142857142857143,81196,2,0.286
2022-11-25,APM Terminals,5,90.75999999999999,2.44,60173,2,0.4
2022-11-25,China Shipping,2,97.65,1.7,13126,1,0.5
2022-11-25,Everport,5,92.6,2.0799999999999996,46849,0,0.0
2022-11-25,TraPac,4,79.725,2.225,48930,0,0.0
2022-11-25,Yang Ming,3,85.43333333333334,1.3666666666666665,4051,1,0.333
2022-11-26,APM Terminals,10,98.77000000000001,2.3,114442,1,0.1
2022-11-26,China Shipping,3,100.46666666666665,1.8999999999999997,21922,1,0.333
2022-11-26,Everport,5,89.3,2.1,40501,0,0.0
2022-11-26,TraPac,5,95.58,2.12,45947,2,0.4
2022-11-26,Yang Ming,5,87.76,1.92,41227,2,0.4
2022-11-27,APM Terminals,8,93.1625,2.225,96717,0,0.0
2022-11-27,China Shipping,3,101.26666666666667,2.066666666666667,28970,1,0.333
2022-11-27,Everport,7,96.91428571428571,2.2285714285714286,65646,1,0.143
2022-11-27,TraPac,4,98.2,2.55,43418,2,0.5
2022-11-27,Yang Ming,7,90.51428571428572,1.9714285714285715,49748,0,0.0
2022-11-28,APM Terminals,9,89.13333333333334,1.7333333333333334,79268,0,0.0
2022-11-28,China Shipping,6,96.85000000000001,2.6833333333333336,85101,1,0.167
2022-11-28,Everport,5,100.64,1.94,43137,0,0.0
2022-11-28,TraPac,7,88.04285714285716,2.2285714285714286,70249,1,0.143
2022-11-28,Yang Ming,6,84.86666666666667,1.9666666666666668,62679,0,0.0
2022-11-29,APM Terminals,5,96.76,1.9600000000000002,40639,0,0.0
2022-11-29,China Shipping,9,86.05555555555556,2.288888888888889,100425,3,0.333
2022-11-29,Everport,2,98.1,2.6500000000000004,21605,0,0.0
2022-11-29,TraPac,10,84.37,2.19,114033,4,0.4
2022-11-29,Yang Ming,4,81.225,1.975,34146,2,0.5
2022-11-30,APM Terminals,8,79.6,2.1875,87864,2,0.25
2022-11-30,China Shipping,4,84.125,1.7,25216,0,0.0
2022-11-30,Everport,5,101.66,2.0,39620,2,0.4
2022-11-30,TraPac,10,94.85,1.83,82913,0,0.0
2022-11-30,Yang Ming,9,85.95555555555556,1.7222222222222223,56521,3,0.333
2022-12-01,APM Terminals,5,88.7,2.0799999999999996,47343,0,0.0
2022-12-01,China Shipping,5,96.66,2.2199999999999998,54962,1,0.2
2022-12-01,Everport,6,90.11666666666666,2.0500000000000003,62263,1,0.167
2022-12-01,TraPac,8,81.725,1.8625,54678,2,0.25
2022-12-01,Yang Ming,4,92.7,2.05,31750,2,0.5
2022-12-02,APM Terminals,6,87.43333333333334,2.3333333333333335,65951,2,0.333
2022-12-02,China Shipping,1,96.4,2.6,10701,0,0.0
2022-12-02,Everport,8,96.5375,1.9,65687,0,0.0
2022-12-02,TraPac,5,102.17999999999999,2.12,50624,0,0.0
2022-12-02,Yang Ming,5,90.75999999999999,2.2600000000000002,41400,0,0.0
2022-12-03,APM Terminals,4,88.125,2.475,40887,0,0.0
2022-12-03,China Shipping,12,92.45,2.2416666666666667,132094,2,0.167
2022-12-03,Everport,7,83.35714285714286,1.9714285714285715,54091,2,0.286
2022-12-03,TraPac,5,88.5,1.86,49928,0,0.0
2022-12-03,Yang Ming,4,88.275,2.375,53416,1,0.25
2022-12-04,APM Terminals,2,81.25,2.15,24387,0,0.0
2022-12-04,China Shipping,6,100.08333333333333,2.183333333333333,54351,0,0.0
2022-12-04,Everport,7,84.55714285714285,1.7,57650,2,0.286
2022-12-04,TraPac,3,98.89999999999999,1.5666666666666667,15342,0,0.0
2022-12-04,Yang Ming,7,93.05714285714285,2.2714285714285714,71732,0,0.0
2022-12-05,APM Terminals,8,86.6375,2.6375,121541,0,0.0
2022-12-05,China Shipping,4,94.55,2.05,20606,0,0.0
2022-12-05,Everport,8,91.05,2.0375,71666,1,0.125
2022-12-05,TraPac,5,88.44,1.8199999999999998,39636,0,0.0
2022-12-05,Yang Ming,6,92.2,1.8833333333333335,44095,0,0.0
2022-12-06,APM Terminals,4,91.5,2.025,32562,1,0.25
2022-12-06,China Shipping,5,84.97999999999999,1.7399999999999998,45712,1,0.2
2022-12-06,Everport,2,98.35,2.95,32492,1,0.5
2022-12-06,TraPac,3,83.16666666666667,2.4333333333333336,39892,0,0.0
2022-12-06,Yang Ming,7,87.48571428571428,2.0142857142857142,72892,0,0.0
2022-12-07,APM Terminals,6,92.35000000000001,2.0166666666666666,47944,1,0.167
2022-12-07,China Shipping,3,85.8,2.4,38740,1,0.333
2022-12-07,Everport,5,93.72,1.9,51496,0,0.0
2022-12-07,TraPac,3,98.76666666666667,2.3333333333333335,29941,0,0.0
2022-12-07,Yang Ming,8,98.4125,2.4,91415,1,0.125
2022-12-08,APM Terminals,11,90.43636363636364,2.3000000000000003,104414,1,0.091
2022-12-08,China Shipping,5,93.64,2.4,51011,1,0.2
2022-12-08,Everport,8,79.3875,1.9375,67496,1,0.125
2022-12-08,TraPac,9,87.14444444444445,2.2,80192,2,0.222
2022-12-08,Yang Ming,4,90.375,2.325,49050,0,0.0
2022-12-09,APM Terminals,6,95.73333333333333,2.016666666666667,44837,2,0.333
2022-12-09,China Shipping,8,81.825,1.9375,76639,2,0.25
2022-12-09,Everport,5,86.1,1.98,50642,0,0.0
2022-12-09,TraPac,5,90.74,2.2199999999999998,54660,1,0.2
2022-12-09,Yang Ming,7,95.0,1.8714285714285714,49186,2,0.286
2022-12-10,APM Terminals,4,98.425,1.875,48814,0,0.0
2022-12-10,China Shipping,10,92.19,2.34,109131,2,0.2
2022-12-10,Everport,5,83.38,1.72,45711,2,0.4
2022-12-10,TraPac,6,89.18333333333334,2.0166666666666666,46850,0,0.0
2022-12-10,Yang Ming,6,92.89999999999999,2.15,56518,1,0.167
2022-12-11,APM Terminals,8,82.3625,1.9000000000000001,70614,1,0.125
2022-12-11,China Shipping,3,87.76666666666667,1.9666666666666668,29245,0,0.0
2022-12-11,Everport,3,94.5,2.066666666666667,29093,3,1.0
2022-12-11,TraPac,3,75.5,2.1999999999999997,29095,1,0.333
2022-12-11,Yang Ming,5,97.76,2.18,48743,1,0.2
2022-12-12,APM Terminals,2,93.35,2.0,21735,1,0.5
2022-12-12,China Shipping,3,91.13333333333333,2.3333333333333335,27392,3,1.0
2022-12-12,Everport,7,88.52857142857142,2.085714285714286,71596,2,0.286
2022-12-12,TraPac,4,98.8,1.85,29725,0,0.0
2022-12-12,Yang Ming,9,91.15555555555555,1.9555555555555557,56545,2,0.222
2022-12-13,APM Terminals,7,94.25714285714285,2.157142857142857,77944,1,0.143
2022-12-13,China Shipping,4,82.125,1.975,27075,0,0.0
2022-12-13,Everport,4,83.1,1.925,21060,2,0.5
2022-12-13,TraPac,7,87.42857142857143,2.1714285714285713,59607,2,0.286
2022-12-13,Yang Ming,4,83.1,2.2750000000000004,47253,1,0.25
2022-12-14,APM Terminals,8,88.4625,2.0625,81916,1,0.125
2022-12-14,China Shipping,7,94.07142857142857,2.257142857142857,68306,2,0.286
2022-12-14,Everport,2,102.1,3.15,32037,1,0.5
2022-12-14,TraPac,4,110.175,2.575,52441,0,0.0
2022-12-14,Yang Ming,4,78.05,2.775,50437,0,0.0
2022-12-15,APM Terminals,3,103.7,2.1666666666666665,14785,1,0.333
2022-12-15,China Shipping,6,83.43333333333334,2.466666666666667,63640,1,0.167
2022-12-15,Everport,6,84.78333333333333,2.1999999999999997,61245,0,0.0
2022-12-15,TraPac,3,94.03333333333335,1.8,29103,0,0.0
2022-12-15,Yang Ming,4,93.95,1.775,19425,0,0.0
2022-12-16,APM Terminals,3,95.63333333333333,2.233333333333333,33689,0,0.0
2022-12-16,China Shipping,7,84.60000000000001,1.9285714285714286,63775,1,0.143
2022-12-16,Everport,6,97.55,2.216666666666667,68204,0,0.0
2022-12-16,TraPac,3,93.53333333333335,2.466666666666667,34065,1,0.333
2022-12-16,Yang Ming,7,89.88571428571429,1.9428571428571428,56111,2,0.286
2022-12-17,APM Terminals,8,96.575,1.85,70025,1,0.125
2022-12-17,China Shipping,8,88.7375,2.2,78627,0,0.0
2022-12-17,Everport,3,92.2,1.7333333333333332,23830,0,0.0
2022-12-17,TraPac,6,87.55,1.95,39987,0,0.0
2022-12-17,Yang Ming,6,87.33333333333333,1.7,44898,2,0.333
2022-12-18,APM Terminals,9,88.95555555555556,2.488888888888889,84860,1,0.111
2022-12-18,China Shipping,6,102.96666666666665,2.1166666666666667,55629,1,0.167
2022-12-18,Everport,6,97.26666666666667,1.8499999999999999,52509,0,0.0
2022-12-18,TraPac,2,91.95,1.5499999999999998,1824,0,0.0
2022-12-18,Yang Ming,9,94.47777777777777,1.788888888888889,75523,2,0.222
2022-12-19,APM Terminals,7,92.62857142857142,2.085714285714286,71387,1,0.143
2022-12-19,China Shipping,5,85.97999999999999,1.98,33621,1,0.2
2022-12-19,Everport,7,75.64285714285714,1.7285714285714284,52673,1,0.143
2022-12-19,TraPac,10,91.69,2.13,87836,1,0.1
2022-12-19,Yang Ming,8,81.925,2.05,76349,1,0.125
2022-12-20,APM Terminals,4,91.975,2.2,38893,1,0.25
2022-12-20,China Shipping,3,82.06666666666666,2.3333333333333335,34494,2,0.667
2022-12-20,Everport,6,84.98333333333333,2.1,52251,0,0.0
2022-12-20,TraPac,7,96.54285714285713,2.257142857142857,74720,2,0.286
2022-12-20,Yang Ming,4,99.225,1.7,35869,1,0.25
2022-12-21,APM Terminals,4,89.3,1.675,27117,0,0.0
2022-12-21,China Shipping,7,80.44285714285715,2.2285714285714286,83117,2,0.286
2022-12-21,Everport,6,91.63333333333333,2.183333333333333,57534,1,0.167
2022-12-21,TraPac,3,93.7,2.1333333333333333,30977,1,0.333
2022-12-21,Yang Ming,8,93.3625,2.125,82075,0,0.0
2022-12-22,APM Terminals,3,96.93333333333334,2.1666666666666665,22449,1,0.333
2022-12-22,China Shipping,5,87.54,1.9600000000000002,43502,0,0.0
2022-12-22,Everport,5,90.92,2.5,58616,0,0.0
2022-12-22,TraPac,8,87.7125,2.225,95877,2,0.25
2022-12-22,Yang Ming,1,98.1,1.1,6568,0,0.0
2022-12-23,APM Terminals,8,91.45,1.825,93231,1,0.125
2022-12-23,China Shipping,6,86.13333333333333,2.216666666666667,70421,1,0.167
2022-12-23,Everport,5,91.96000000000001,2.16,47020,0,0.0
2022-12-23,TraPac,6,93.56666666666666,2.4,73060,1,0.167
2022-12-23,Yang Ming,7,91.41428571428571,2.4857142857142853,93732,0,0.0
2022-12-24,APM Terminals,3,95.03333333333335,1.6666666666666667,20474,0,0.0
2022-12-24,China Shipping,8,93.1375,2.4375,79236,2,0.25
2022-12-24,Everport,8,84.9625,2.1375,86313,1,0.125
2022-12-24,TraPac,3,96.93333333333334,2.6333333333333333,40041,0,0.0
2022-12-24,Yang Ming,6,78.48333333333333,2.2666666666666666,72081,2,0.333
2022-12-25,APM Terminals,3,81.7,1.8666666666666665,33935,0,0.0
2022-12-25,China Shipping,2,85.9,2.75,32478,0,0.0
2022-12-25,Everport,5,93.46000000000001,2.2199999999999998,46523,2,0.4
2022-12-25,TraPac,5,88.17999999999999,2.1399999999999997,51231,1,0.2
2022-12-25,Yang Ming,4,88.9,2.25,34445,0,0.0
2022-12-26,APM Terminals,2,91.25,2.4,17892,0,0.0
2022-12-26,China Shipping,4,86.2,2.275,40468,2,0.5
2022-12-26,Everport,6,83.60000000000001,2.5166666666666666,74159,1,0.167
2022-12-26,TraPac,5,94.75999999999999,1.9,47163,1,0.2
2022-12-26,Yang Ming,3,86.06666666666666,2.0,34376,0,0.0
2022-12-27,APM Terminals,8,87.15,2.475,92197,5,0.625
2022-12-27,China Shipping,7,94.24285714285715,1.8285714285714287,50380,1,0.143
2022-12-27,Everport,4,95.32499999999999,2.125,31626,2,0.5
2022-12-27,TraPac,4,94.5,2.075,25166,2,0.5
2022-12-27,Yang Ming,5,75.88,2.08,46873,1,0.2
2022-12-28,APM Terminals,5,85.96000000000001,1.9,41208,0,0.0
2022-12-28,China Shipping,9,95.94444444444444,2.288888888888889,102051,2,0.222
2022-12-28,Everport,8,87.4375,2.0875,84151,2,0.25
2022-12-28,TraPac,7,103.17142857142858,1.9428571428571428,66887,1,0.143
2022-12-28,Yang Ming,8,83.7375,2.2875,74215,0,0.0
2022-12-29,APM Terminals,11,96.66363636363636,2.1545454545454543,108578,2,0.182
2022-12-29,China Shipping,3,85.53333333333335,2.066666666666667,34235,0,0.0
2022-12-29,Everport,3,73.73333333333333,1.9000000000000001,21490,0,0.0
2022-12-29,TraPac,7,83.67142857142858,1.9857142857142858,50604,2,0.286
2022-12-29,Yang Ming,3,102.86666666666667,1.8333333333333333,27651,0,0.0
2022-12-30,APM Terminals,6,87.85000000000001,2.3000000000000003,69337,2,0.333
2022-12-30,China Shipping,6,91.51666666666667,2.5500000000000003,78165,0,0.0
2022-12-30,Everport,3,94.26666666666667,2.4,23215,1,0.333
2022-12-30,TraPac,11,94.97272727272728,1.9181818181818182,91736,1,0.091
2022-12-30,Yang Ming,5,90.72,2.1,54366,0,0.0
2022-12-31,APM Terminals,5,87.32000000000001,1.78,38133,1,0.2
2022-12-31,China Shipping,4,93.525,1.8,22925,0,0.0
2022-12-31,Everport,7,82.61428571428571,1.9714285714285715,59437,2,0.286
2022-12-31,TraPac,7,80.55714285714285,1.7,42089,3,0.429
2022-12-31,Yang Ming,6,90.76666666666667,1.6499999999999997,43690,0,0.0
2023-01-01,APM Terminals,2,92.69999999999999,1.9,7559,0,0.0
2023-01-01,Everport,7,96.84285714285714,2.0,53851,2,0.286
2023-01-01,TraPac,6,82.46666666666667,2.0500000000000003,54753,0,0.0
2023-01-01,Yang Ming,2,95.1,1.8499999999999999,28241,0,0.0
2023-01-02,APM Terminals,6,93.86666666666667,2.466666666666667,73478,1,0.167
2023-01-02,China Shipping,9,98.57777777777778,2.0777777777777775,88445,0,0.0
2023-01-02,Everport,2,90.35,1.4,12981,0,0.0
2023-01-02,TraPac,4,98.6,2.7,54464,1,0.25
2023-01-02,Yang Ming,7,81.65714285714286,1.9714285714285713,58254,3,0.429
2023-01-03,APM Terminals,4,84.35,1.675,25449,1,0.25
2023-01-03,China Shipping,4,87.075,1.5750000000000002,14900,0,0.0
2023-01-03,Everport,8,83.8875,2.275,85084,0,0.0
2023-01-03,TraPac,3,92.46666666666665,2.8666666666666667,42295,1,0.333
2023-01-03,Yang Ming,4,88.3,2.0,34936,1,0.25
2023-01-04,APM Terminals,4,77.9,2.45,46937,0,0.0
2023-01-04,China Shipping,4,83.6,2.15,37047,0,0.0
2023-01-04,Everport,3,104.8,1.8,31713,0,0.0
2023-01-04,TraPac,5,79.72,2.62,74129,2,0.4
2023-01-04,Yang Ming,5,92.02000000000001,2.7,72142,0,0.0
2023-01-05,APM Terminals,2,80.9,1.6,12384,0,0.0
2023-01-05,China Shipping,4,96.55000000000001,1.95,41039,2,0.5
2023-01-05,Everport,7,93.14285714285714,1.942857142857143,59750,1,0.143
2023-01-05,TraPac,5,87.72,2.3,46146,0,0.0
2023-01-05,Yang Ming,11,85.5909090909091,2.3454545454545457,117911,0,0.0
2023-01-06,APM Terminals,3,95.13333333333333,2.0,28154,0,0.0
2023-01-06,China Shipping,2,80.69999999999999,1.4,7843,1,0.5
2023-01-06,Everport,6,93.71666666666665,2.0500000000000003,63052,1,0.167
2023-01-06,TraPac,5,84.11999999999999,1.8199999999999998,44851,1,0.2
2023-01-06,Yang Ming,4,90.7,1.925,35945,0,0.0
2023-01-07,APM Terminals,5,90.78,2.1599999999999997,51129,1,0.2
2023-01-07,China Shipping,3,88.03333333333335,2.266666666666667,24173,1,0.333
2023-01-07,Everport,8,90.4125,1.975,89399,1,0.125
2023-01-07,TraPac,1,76.3,0.9,6674,0,0.0
2023-01-07,Yang Ming,9,86.91111111111111,1.7666666666666666,67225,1,0.111
2023-01-08,APM Terminals,2,84.5,1.9000000000000001,16944,0,0.0
2023-01-08,China Shipping,3,81.86666666666666,2.4,32208,1,0.333
2023-01-08,Everport,6,83.45,2.4,57101,1,0.167
2023-01-08,TraPac,4,98.775,2.8,58182,0,0.0
2023-01-08,Yang Ming,5,88.02000000000001,2.02,46778,1,0.2
2023-01-09,APM Terminals,1,80.0,3.0,15553,1,1.0
2023-01-09,China Shipping,5,95.32000000000001,1.78,45147,1,0.2
2023-01-09,Everport,5,102.94000000000001,2.4,72031,2,0.4
2023-01-09,TraPac,5,92.2,1.98,42240,1,0.2
2023-01-09,Yang Ming,3,81.86666666666666,1.8666666666666665,19310,0,0.0
2023-01-10,APM Terminals,5,90.26,2.42,53177,0,0.0
2023-01-10,China Shipping,3,93.73333333333333,1.4333333333333333,20053,1,0.333
2023-01-10,Everport,6,89.7,2.3166666666666664,64254,1,0.167
2023-01-10,TraPac,8,94.4375,2.3,93985,4,0.5
2023-01-10,Yang Ming,5,97.9,1.8199999999999998,41786,0,0.0
2023-01-11,APM Terminals,5,81.22,1.8800000000000001,45939,0,0.0
2023-01-11,China Shipping,2,104.75,1.4,13513,0,0.0
2023-01-11,Everport,3,94.0,2.4,30953,0,0.0
2023-01-11,TraPac,6,86.89999999999999,1.9000000000000001,51438,0,0.0
2023-01-11,Yang Ming,3,103.13333333333333,1.6333333333333335,25696,1,0.333
2023-01-12,APM Terminals,4,85.325,1.9500000000000002,35602,2,0.5
2023-01-12,China Shipping,8,85.5375,2.3125,95464,2,0.25
2023-01-12,Everport,7,87.67142857142858,1.7571428571428573,50538,2,0.286
2023-01-12,TraPac,6,79.58333333333333,2.0833333333333335,57261,0,0.0
2023-01-12,Yang Ming,5,87.38,1.6199999999999999,28338,1,0.2
2023-01-13,APM Terminals,6,80.76666666666667,2.4166666666666665,68972,1,0.167
2023-01-13,China Shipping,8,94.45,1.95,72243,1,0.125
2023-01-13,Everport,8,94.55,1.875,85238,0,0.0
2023-01-13,TraPac,3,85.16666666666667,2.1333333333333333,28014,0,0.0
2023-01-13,Yang Ming,5,82.12,2.18,51489,0,0.0
2023-01-14,APM Terminals,7,100.5,1.5285714285714285,34502,1,0.143
2023-01-14,China Shipping,7,94.77142857142857,1.957142857142857,60696,3,0.429
2023-01-14,Everport,6,89.46666666666665,1.8833333333333335,44984,2,0.333
2023-01-14,TraPac,4,80.775,2.3,37625,0,0.0
2023-01-14,Yang Ming,5,100.44,2.12,40219,2,0.4
2023-01-15,APM Terminals,9,87.14444444444445,2.0,96883,1,0.111
2023-01-15,China Shipping,3,71.53333333333335,2.033333333333333,25051,0,0.0
2023-01-15,Everport,4,81.125,1.875,25811,0,0.0
2023-01-15,TraPac,7,93.67142857142858,2.1142857142857143,64927,0,0.0
2023-01-15,Yang Ming,9,87.72222222222223,2.377777777777778,103068,2,0.222
2023-01-16,APM Terminals,10,89.25,2.5300000000000002,118910,1,0.1
2023-01-16,China Shipping,9,100.32222222222222,1.8111111111111111,80470,3,0.333
2023-01-16,Everport,2,108.9,2.5,16454,0,0.0
2023-01-16,TraPac,5,89.0,2.2800000000000002,55695,0,0.0
2023-01-16,Yang Ming,9,91.17777777777778,2.3666666666666667,99570,3,0.333
2023-01-17,APM Terminals,3,86.56666666666666,2.9,46880,0,0.0
2023-01-17,China Shipping,3,90.86666666666667,2.0,23983,0,0.0
2023-01-17,Everport,1,113.9,3.4,17584,0,0.0
2023-01-17,TraPac,7,84.34285714285714,2.4,87531,1,0.143
2023-01-17,Yang Ming,4,90.525,2.2,36120,1,0.25
2023-01-18,APM Terminals,8,97.75,1.9874999999999998,78436,1,0.125
2023-01-18,China Shipping,6,91.58333333333333,2.1166666666666667,67240,0,0.0
2023-01-18,Everport,5,98.74,2.46,60779,0,0.0
2023-01-18,TraPac,3,87.76666666666667,2.066666666666667,23588,0,0.0
2023-01-18,Yang Ming,5,93.84,1.7,43088,0,0.0
2023-01-19,APM Terminals,2,88.45,2.65,17749,0,0.0
2023-01-19,China Shipping,8,91.425,2.25,100305,1,0.125
2023-01-19,Everport,11,90.56363636363636,1.7636363636363634,90446,1,0.091
2023-01-19,TraPac,4,82.6,2.525,52008,1,0.25
2023-01-19,Yang Ming,5,93.9,2.16,55135,1,0.2
2023-01-20,APM Terminals,6,94.88333333333333,2.3000000000000003,61160,0,0.0
2023-01-20,China Shipping,7,86.91428571428571,1.8,40646,0,0.0
2023-01-20,Everport,5,90.64,2.2199999999999998,55984,2,0.4
2023-01-20,TraPac,1,80.2,1.0,2186,0,0.0
2023-01-20,Yang Ming,4,75.3,1.725,32827,0,0.0
2023-01-21,APM Terminals,6,84.56666666666666,1.9333333333333333,48226,1,0.167
2023-01-21,China Shipping,4,89.275,1.95,34456,1,0.25
2023-01-21,Everport,3,86.0,1.6666666666666667,20564,0,0.0
2023-01-21,TraPac,7,94.48571428571428,2.085714285714286,65880,2,0.286
2023-01-21,Yang Ming,2,74.35,2.15,23171,0,0.0
2023-01-22,APM Terminals,3,79.63333333333334,1.9000000000000001,29215,1,0.333
2023-01-22,China Shipping,6,85.43333333333334,1.9166666666666667,48751,2,0.333
2023-01-22,Everport,9,90.1888888888889,2.4444444444444446,116713,1,0.111
2023-01-22,TraPac,2,96.80000000000001,2.45,28654,0,0.0
2023-01-22,Yang Ming,7,90.41428571428571,2.2857142857142856,84643,0,0.0
2023-01-23,APM Terminals,2,98.80000000000001,3.45,31720,0,0.0
2023-01-23,China Shipping,6,83.3,2.033333333333333,49088,1,0.167
2023-01-23,Everport,6,91.3,2.0166666666666666,63903,0,0.0
2023-01-23,TraPac,4,92.65,1.9249999999999998,29794,0,0.0
2023-01-23,Yang Ming,5,80.94,1.9600000000000002,43285,1,0.2
2023-01-24,APM Terminals,4,97.25,2.075,38985,0,0.0
2023-01-24,China Shipping,7,96.32857142857142,1.5714285714285714,34075,0,0.0
2023-01-24,Everport,1,77.8,3.3,15743,1,1.0
2023-01-24,TraPac,2,79.65,1.9500000000000002,17253,0,0.0
2023-01-24,Yang Ming,4,96.775,2.625,37841,0,0.0
2023-01-25,APM Terminals,1,97.5,1.6,6418,0,0.0
2023-01-25,China Shipping,5,89.14,1.92,42071,0,0.0
2023-01-25,Everport,4,77.275,2.65,58269,1,0.25
2023-01-25,TraPac,5,82.36,2.0799999999999996,47398,0,0.0
2023-01-25,Yang Ming,2,92.75,2.25,18704,0,0.0
2023-01-26,APM Terminals,3,98.66666666666667,2.3333333333333335,35687,2,0.667
2023-01-26,China Shipping,7,90.85714285714286,1.8714285714285714,55723,3,0.429
2023-01-26,Everport,6,85.5,2.25,68292,3,0.5
2023-01-26,TraPac,3,103.36666666666667,1.7666666666666666,35843,1,0.333
2023-01-26,Yang Ming,4,95.0,1.675,35679,0,0.0
2023-01-27,APM Terminals,5,97.78,2.3,61844,0,0.0
2023-01-27,China Shipping,3,85.43333333333334,1.6333333333333335,28828,0,0.0
2023-01-27,Everport,5,80.46000000000001,2.18,56041,0,0.0
2023-01-27,TraPac,4,84.225,2.05,26639,0,0.0
2023-01-27,Yang Ming,4,100.925,2.125,26813,2,0.5
2023-01-28,APM Terminals,5,100.02000000000001,2.12,47230,0,0.0
2023-01-28,China Shipping,2,104.6,2.0,27628,0,0.0
2023-01-28,Everport,4,67.825,1.725,33915,1,0.25
2023-01-28,TraPac,6,93.28333333333335,2.0500000000000003,67391,1,0.167
2023-01-28,Yang Ming,7,94.95714285714287,1.8714285714285714,61120,0,0.0
2023-01-29,APM Terminals,4,88.075,2.15,33166,0,0.0
2023-01-29,China Shipping,3,91.43333333333334,1.6666666666666667,15735,0,0.0
2023-01-29,Everport,5,90.6,2.56,60104,1,0.2
2023-01-29,TraPac,5,89.58,2.1,47086,1,0.2
2023-01-29,Yang Ming,4,86.975,2.175,45620,1,0.25
2023-01-30,APM Terminals,7,93.81428571428572,1.7857142857142858,46451,2,0.286
2023-01-30,China Shipping,5,89.11999999999999,2.08,57494,1,0.2
2023-01-30,Everport,3,82.46666666666667,2.1,28543,0,0.0
2023-01-30,TraPac,6,86.95,2.283333333333333,68404,1,0.167
2023-01-30,Yang Ming,2,96.8,1.6,7208,0,0.0
2023-01-31,APM Terminals,1,70.9,2.2,16709,0,0.0
2023-01-31,China Shipping,4,91.69999999999999,2.325,47812,2,0.5
2023-01-31,Everport,3,92.96666666666665,1.8666666666666665,27571,0,0.0
2023-01-31,TraPac,10,91.27000000000001,2.13,102305,1,0.1
2023-01-31,Yang Ming,5,93.84,1.7600000000000002,47115,1,0.2
2023-02-01,APM Terminals,3,92.39999999999999,2.066666666666667,34613,0,0.0
2023-02-01,China Shipping,4,87.875,2.5,42996,0,0.0
2023-02-01,Everport,3,86.63333333333333,1.6333333333333335,19644,0,0.0
2023-02-01,TraPac,5,82.9,1.56,41722,0,0.0
2023-02-01,Yang Ming,6,84.33333333333333,2.1,61322,0,0.0
2023-02-02,APM Terminals,4,90.25,2.65,51290,0,0.0
2023-02-02,China Shipping,10,93.56,2.2399999999999998,108339,2,0.2
2023-02-02,Everport,5,94.72,1.52,28774,2,0.4
2023-02-02,TraPac,3,103.86666666666667,2.1333333333333333,32204,1,0.333
2023-02-02,Yang Ming,4,83.025,2.225,44573,2,0.5
2023-02-03,APM Terminals,4,88.575,3.05,65594,0,0.0
2023-02-03,China Shipping,2,95.65,2.0,17427,0,0.0
2023-02-03,Everport,3,71.86666666666666,2.533333333333333,42803,0,0.0
2023-02-03,TraPac,5,86.96000000000001,1.86,37993,0,0.0
2023-02-03,Yang Ming,2,95.7,2.4,28003,0,0.0
2023-02-04,APM Terminals,6,95.68333333333334,2.216666666666667,56424,0,0.0
2023-02-04,China Shipping,3,96.83333333333333,2.0,31847,0,0.0
2023-02-04,Everport,7,91.60000000000001,2.3428571428571425,95766,3,0.429
2023-02-04,TraPac,6,87.36666666666667,1.8,38727,2,0.333
2023-02-04,Yang Ming,3,90.66666666666667,2.5,34334,0,0.0
2023-02-05,APM Terminals,4,100.85,2.175,39705,0,0.0
2023-02-05,China Shipping,10,89.77000000000001,2.2600000000000002,103625,2,0.2
2023-02-05,Everport,5,84.08,2.4,56023,0,0.0
2023-02-05,TraPac,1,111.8,2.0,6318,0,0.0
2023-02-05,Yang Ming,7,95.7,2.0285714285714285,68282,1,0.143
2023-02-06,APM Terminals,3,88.8,2.3333333333333335,45766,0,0.0
2023-02-06,China Shipping,4,98.425,2.025,47957,0,0.0
2023-02-06,Everport,9,82.86666666666666,2.0444444444444443,78990,3,0.333
2023-02-06,TraPac,4,82.55000000000001,2.0,25082,1,0.25
2023-02-06,Yang Ming,5,92.2,2.38,48799,1,0.2
2023-02-07,APM Terminals,6,95.55,1.8333333333333333,52820,1,0.167
2023-02-07,China Shipping,2,97.95,2.1,22819,0,0.0
2023-02-07,Everport,2,98.1,2.35,28265,0,0.0
2023-02-07,TraPac,6,81.85000000000001,2.0,54394,0,0.0
2023-02-07,Yang Ming,4,85.725,1.8,35249,0,0.0
2023-02-08,APM Terminals,5,76.5,2.54,56624,1,0.2
2023-02-08,China Shipping,7,96.18571428571428,1.957142857142857,58280,1,0.143
2023-02-08,Everport,7,93.45714285714287,2.242857142857143,63051,3,0.429
2023-02-08,TraPac,7,96.84285714285714,2.242857142857143,75002,1,0.143
2023-02-08,Yang Ming,3,83.06666666666666,2.0,23596,1,0.333
2023-02-09,APM Terminals,4,92.55,2.1,38095,0,0.0
2023-02-09,China Shipping,4,89.55,2.425,45884,0,0.0
2023-02-09,Everport,6,90.71666666666665,2.1,56616,0,0.0
2023-02-09,TraPac,6,99.18333333333334,1.5666666666666667,44949,2,0.333
2023-02-09,Yang Ming,6,90.93333333333334,2.3333333333333335,62082,1,0.167
2023-02-10,APM Terminals,4,99.80000000000001,2.15,40031,0,0.0
2023-02-10,China Shipping,6,95.45,2.1333333333333333,63094,1,0.167
2023-02-10,Everport,5,96.06,1.9400000000000002,48622,0,0.0
2023-02-10,TraPac,6,96.21666666666665,2.35,85825,1,0.167
2023-02-10,Yang Ming,6,94.71666666666665,2.1,57399,2,0.333
2023-02-11,APM Terminals,6,91.25,2.4,65417,1,0.167
2023-02-11,China Shipping,7,87.2,1.842857142857143,53476,1,0.143
2023-02-11,Everport,3,105.56666666666666,2.0,19711,0,0.0
2023-02-11,TraPac,2,76.44999999999999,2.7,33125,0,0.0
2023-02-11,Yang Ming,7,83.28571428571429,2.585714285714286,87684,1,0.143
2023-02-12,APM Terminals,6,89.64999999999999,2.6833333333333336,87652,0,0.0
2023-02-12,China Shipping,5,97.96000000000001,2.76,61541,0,0.0
2023-02-12,Everport,6,83.1,2.0,56376,2,0.333
2023-02-12,TraPac,6,91.98333333333333,1.8499999999999999,42654,0,0.0
2023-02-12,Yang Ming,8,80.175,1.975,76077,2,0.25
2023-02-13,APM Terminals,2,81.55000000000001,1.7,3294,0,0.0
2023-02-13,China Shipping,7,88.11428571428571,1.9142857142857144,55471,1,0.143
2023-02-13,Everport,5,95.46000000000001,2.12,45667,1,0.2
2023-02-13,TraPac,4,92.775,2.5,38974,1,0.25
2023-02-13,Yang Ming,8,100.5125,2.2375,87171,2,0.25
2023-02-14,APM Terminals,5,109.2,2.08,52187,0,0.0
2023-02-14,China Shipping,3,90.46666666666665,1.8666666666666665,26343,2,0.667
2023-02-14,Everport,5,95.14,1.8,46132,1,0.2
2023-02-14,TraPac,1,80.3,2.6,15573,0,0.0
2023-02-14,Yang Ming,3,92.06666666666666,1.5333333333333332,17440,2,0.667
2023-02-15,APM Terminals,5,89.4,2.46,68144,0,0.0
2023-02-15,China Shipping,2,89.65,3.0,22599,0,0.0
2023-02-15,Everport,3,89.76666666666667,2.1333333333333333,33569,0,0.0
2023-02-15,TraPac,6,88.66666666666667,2.533333333333333,71754,2,0.333
2023-02-15,Yang Ming,3,88.8,1.5666666666666667,16531,0,0.0
2023-02-16,APM Terminals,9,88.53333333333333,2.2555555555555555,89153,0,0.0
2023-02-16,China Shipping,6,94.33333333333333,2.066666666666667,65767,2,0.333
2023-02-16,Everport,5,94.46,1.6,35883,1,0.2
2023-02-16,TraPac,3,83.0,2.8000000000000003,37430,0,0.0
2023-02-16,Yang Ming,3,92.86666666666667,1.3666666666666665,19562,0,0.0
2023-02-17,APM Terminals,4,84.625,2.1,28453,0,0.0
2023-02-17,China Shipping,4,87.025,2.325,34046,1,0.25
2023-02-17,Everport,3,81.10000000000001,1.7666666666666666,20230,1,0.333
2023-02-17,TraPac,1,106.9,2.4,6843,0,0.0
2023-02-17,Yang Ming,3,85.0,1.7666666666666666,19560,0,0.0
2023-02-18,APM Terminals,4,88.125,2.375,44555,1,0.25
2023-02-18,China Shipping,4,81.0,1.75,38778,1,0.25
2023-02-18,Everport,3,94.83333333333333,2.1333333333333333,37189,0,0.0
2023-02-18,TraPac,5,97.82000000000001,1.9,41834,0,0.0
2023-02-18,Yang Ming,4,100.55,2.2,53833,1,0.25
2023-02-19,APM Terminals,3,89.46666666666665,1.5,14845,0,0.0
2023-02-19,China Shipping,7,85.05714285714285,2.2285714285714286,75242,0,0.0
2023-02-19,Everport,5,94.62,2.2399999999999998,65550,0,0.0
2023-02-19,TraPac,5,82.32000000000001,1.8199999999999998,31893,0,0.0
2023-02-19,Yang Ming,6,101.11666666666667,2.066666666666667,56272,0,0.0
2023-02-20,APM Terminals,7,98.62857142857142,2.557142857142857,90011,2,0.286
2023-02-20,China Shipping,3,80.43333333333334,2.3,34289,1,0.333
2023-02-20,Everport,10,86.03999999999999,2.38,120789,0,0.0
2023-02-20,TraPac,3,101.60000000000001,2.4,35061,0,0.0
2023-02-20,Yang Ming,1,93.2,1.6,2341,0,0.0
2023-02-21,APM Terminals,8,94.9875,2.1,71217,1,0.125
2023-02-21,China Shipping,7,82.04285714285713,2.028571428571429,66596,0,0.0
2023-02-21,Everport,4,84.975,2.05,41086,1,0.25
2023-02-21,TraPac,4,93.15,2.275,46182,2,0.5
2023-02-21,Yang Ming,2,78.6,1.9,13709,0,0.0
2023-02-22,APM Terminals,3,93.53333333333335,1.8666666666666665,28783,2,0.667
2023-02-22,China Shipping,7,92.28571428571429,2.0,55447,2,0.286
2023-02-22,Everport,3,89.13333333333333,1.8999999999999997,23898,1,0.333
2023-02-22,TraPac,4,89.65,2.1,31999,0,0.0
2023-02-22,Yang Ming,2,76.3,1.45,12515,0,0.0
2023-02-23,APM Terminals,2,97.7,2.05,13678,2,1.0
2023-02-23,China Shipping,8,90.7375,2.2125,93403,1,0.125
2023-02-23,Everport,6,83.96666666666667,2.216666666666667,73521,2,0.333
2023-02-23,TraPac,1,103.1,1.4,2449,0,0.0
2023-02-23,Yang Ming,7,85.87142857142858,1.9857142857142858,61063,0,0.0
2023-02-24,APM Terminals,8,93.7375,2.125,76083,2,0.25
2023-02-24,China Shipping,5,98.62,1.7799999999999998,56538,1,0.2
2023-02-24,Everport,2,95.85,2.25,17418,0,0.0
2023-02-24,TraPac,4,86.525,2.125,39946,0,0.0
2023-02-24,Yang Ming,7,84.74285714285715,2.414285714285714,78036,1,0.143
2023-02-25,APM Terminals,3,73.43333333333332,2.1999999999999997,25203,0,0.0
2023-02-25,China Shipping,8,93.4625,2.3625,95625,2,0.25
2023-02-25,Everport,4,80.77499999999999,2.275,35726,0,0.0
2023-02-25,TraPac,2,94.2,2.3,17832,0,0.0
2023-02-25,Yang Ming,5,85.36,2.34,54551,2,0.4
2023-02-26,APM Terminals,3,112.43333333333334,2.6999999999999997,39111,0,0.0
2023-02-26,China Shipping,4,88.225,2.175,45789,0,0.0
2023-02-26,Everport,2,78.30000000000001,2.75,23096,0,0.0
2023-02-26,TraPac,4,91.7,2.4,45211,2,0.5
2023-02-26,Yang Ming,4,86.7,2.35,34070,0,0.0
2023-02-27,APM Terminals,3,95.93333333333334,2.2666666666666666,28111,1,0.333
2023-02-27,China Shipping,3,91.83333333333333,2.066666666666667,29369,0,0.0
2023-02-27,Everport,8,87.225,2.0125,82791,3,0.375
2023-02-27,TraPac,5,84.74,1.92,47839,1,0.2
2023-02-27,Yang Ming,2,94.25,2.5999999999999996,25217,0,0.0
2023-02-28,APM Terminals,6,96.01666666666667,1.7,52120,0,0.0
2023-02-28,China Shipping,4,93.975,2.65,50143,0,0.0
2023-02-28,Everport,5,86.14,1.6199999999999999,30030,0,0.0
2023-02-28,TraPac,2,83.9,2.7,28783,1,0.5
2023-02-28,Yang Ming,3,88.3,1.3666666666666665,22945,0,0.0
2023-03-01,APM Terminals,9,90.34444444444445,2.155555555555556,86048,1,0.111
2023-03-01,China Shipping,3,82.53333333333335,2.066666666666667,29632,0,0.0
2023-03-01,Everport,6,98.36666666666667,2.1166666666666667,62774,0,0.0
2023-03-01,TraPac,7,86.8,2.0142857142857147,60633,1,0.143
2023-03-01,Yang Ming,7,87.08571428571429,2.1285714285714286,63827,0,0.0
2023-03-02,APM Terminals,7,96.78571428571429,2.3285714285714287,86365,0,0.0
2023-03-02,China Shipping,4,89.0,1.825,35466,0,0.0
2023-03-02,Everport,4,88.825,1.95,19021,0,0.0
2023-03-02,TraPac,5,85.06,1.78,49008,1,0.2
2023-03-02,Yang Ming,4,89.425,2.175,44991,0,0.0
2023-03-03,APM Terminals,7,88.18571428571428,2.2714285714285714,80013,3,0.429
2023-03-03,China Shipping,6,81.63333333333334,1.5,45397,1,0.167
2023-03-03,Everport,7,96.07142857142857,2.1142857142857143,70259,2,0.286
2023-03-03,TraPac,8,91.0375,2.15,83338,0,0.0
2023-03-03,Yang Ming,5,89.72,2.08,50186,0,0.0
2023-03-04,APM Terminals,5,85.17999999999999,2.04,46401,0,0.0
2023-03-04,China Shipping,4,89.15,2.3499999999999996,54157,0,0.0
2023-03-04,Everport,9,85.85555555555555,1.9888888888888887,80370,1,0.111
2023-03-04,TraPac,4,96.975,1.575,18806,1,0.25
2023-03-04,Yang Ming,6,106.2,1.5999999999999999,40849,1,0.167
2023-03-05,APM Terminals,4,90.825,1.725,30872,0,0.0
2023-03-05,Everport,3,80.3,2.233333333333333,29104,1,0.333
2023-03-05,TraPac,7,87.58571428571429,2.1142857142857143,75004,2,0.286
2023-03-05,Yang Ming,5,92.02000000000001,2.1,44543,0,0.0
2023-03-06,APM Terminals,3,93.0,1.8333333333333333,31549,0,0.0
2023-03-06,China Shipping,5,94.36,2.2800000000000002,63716,1,0.2
2023-03-06,Everport,4,102.5,2.175,35674,2,0.5
2023-03-06,TraPac,4,88.65,1.95,30845,0,0.0
2023-03-06,Yang Ming,7,89.35714285714286,2.542857142857143,78935,2,0.286
2023-03-07,APM Terminals,6,99.85000000000001,1.75,49079,0,0.0
2023-03-07,China Shipping,6,81.7,1.8499999999999999,69101,1,0.167
2023-03-07,Everport,5,87.92,2.42,51787,3,0.6
2023-03-07,TraPac,4,100.825,2.475,42830,2,0.5
2023-03-07,Yang Ming,3,97.23333333333333,2.3000000000000003,35260,1,0.333
2023-03-08,APM Terminals,3,110.0,2.5,34951,1,0.333
2023-03-08,China Shipping,8,93.61250000000001,2.1999999999999997,89528,2,0.25
2023-03-08,Everport,2,106.15,2.0,20379,0,0.0
2023-03-08,TraPac,4,73.2,2.25,40388,0,0.0
2023-03-08,Yang Ming,8,84.85,2.85,107825,2,0.25
2023-03-09,APM Terminals,5,86.86,1.9,45160,1,0.2
2023-03-09,China Shipping,7,93.61428571428571,2.4285714285714284,91779,0,0.0
2023-03-09,Everport,1,107.1,0.8,2406,0,0.0
2023-03-09,TraPac,6,81.85000000000001,1.95,57101,1,0.167
2023-03-09,Yang Ming,8,94.95,2.125,66615,1,0.125
2023-03-10,APM Terminals,3,90.66666666666667,2.1,23484,1,0.333
2023-03-10,China Shipping,7,90.37142857142858,2.2,66397,1,0.143
2023-03-10,Everport,5,76.42,2.02,56956,0,0.0
2023-03-10,TraPac,5,89.12,2.6,61169,0,0.0
2023-03-10,Yang Ming,10,85.27000000000001,2.33,103041,3,0.3
2023-03-11,APM Terminals,3,83.10000000000001,2.466666666666667,32842,0,0.0
2023-03-11,China Shipping,4,99.4,1.7,35296,1,0.25
2023-03-11,Everport,9,86.63333333333334,2.3666666666666667,107099,3,0.333
2023-03-11,TraPac,3,81.10000000000001,2.0666666666666664,15551,2,0.667
2023-03-11,Yang Ming,7,88.01428571428572,1.9857142857142858,64276,0,0.0
2023-03-12,APM Terminals,3,92.10000000000001,2.1999999999999997,30541,1,0.333
2023-03-12,China Shipping,5,95.42,2.34,53796,1,0.2
2023-03-12,Everport,4,97.75,2.1,34727,0,0.0
2023-03-12,TraPac,4,92.1,2.5,46293,0,0.0
2023-03-12,Yang Ming,6,92.7,2.0166666666666666,43977,1,0.167
2023-03-13,APM Terminals,4,98.85,2.35,54089,0,0.0
2023-03-13,China Shipping,2,82.05000000000001,1.9,13733,1,0.5
2023-03-13,Everport,13,90.56923076923077,1.9000000000000001,122144,1,0.077
2023-03-13,TraPac,4,91.2,1.775,34014,0,0.0
2023-03-13,Yang Ming,7,95.41428571428571,2.0285714285714285,54378,0,0.0
2023-03-14,APM Terminals,4,70.35,2.175,43545,0,0.0
2023-03-14,China Shipping,7,82.58571428571429,2.0142857142857142,53343,2,0.286
2023-03-14,Everport,8,79.5625,2.525,100125,2,0.25
2023-03-14,TraPac,2,92.85,1.2000000000000002,17882,2,1.0
2023-03-14,Yang Ming,4,74.0,1.85,39610,0,0.0
2023-03-15,APM Terminals,7,88.64285714285714,2.2857142857142856,76572,3,0.429
2023-03-15,China Shipping,3,85.89999999999999,2.1999999999999997,35410,1,0.333
2023-03-15,Everport,6,97.98333333333333,2.066666666666667,49634,2,0.333
2023-03-15,TraPac,5,87.97999999999999,2.54,76161,1,0.2
2023-03-15,Yang Ming,2,91.65,1.85,16169,0,0.0
2023-03-16,APM Terminals,6,93.3,1.5999999999999999,38651,1,0.167
2023-03-16,China Shipping,4,96.35,1.975,35483,0,0.0
2023-03-16,Everport,7,89.65714285714286,2.442857142857143,82384,0,0.0
2023-03-16,Yang Ming,7,87.62857142857142,2.1,59172,1,0.143
2023-03-17,APM Terminals,6,91.89999999999999,2.0166666666666666,48057,2,0.333
2023-03-17,China Shipping,7,83.42857142857143,2.0142857142857142,55475,1,0.143
2023-03-17,Everport,5,99.5,2.12,62907,0,0.0
2023-03-17,TraPac,11,94.02727272727272,2.3181818181818183,134154,1,0.091
2023-03-17,Yang Ming,3,69.96666666666667,2.466666666666667,32893,1,0.333
2023-03-18,APM Terminals,5,91.46,1.9600000000000002,45720,1,0.2
2023-03-18,China Shipping,3,93.16666666666667,2.066666666666667,37715,1,0.333
2023-03-18,Everport,10,94.11,2.44,111486,1,0.1
2023-03-18,TraPac,3,88.39999999999999,2.3666666666666667,30942,1,0.333
2023-03-18,Yang Ming,4,81.675,1.8250000000000002,34693,0,0.0
2023-03-19,APM Terminals,7,94.64285714285714,2.0142857142857142,72668,1,0.143
2023-03-19,China Shipping,10,92.71000000000001,1.8699999999999999,85696,2,0.2
2023-03-19,Everport,5,98.76,1.6199999999999999,46017,0,0.0
2023-03-19,TraPac,8,84.55,2.175,78750,1,0.125
2023-03-19,Yang Ming,2,91.35,2.0,17105,1,0.5
2023-03-20,APM Terminals,9,84.83333333333333,2.2777777777777777,84327,1,0.111
2023-03-20,China Shipping,7,90.11428571428571,2.257142857142857,67665,1,0.143
2023-03-20,Everport,2,89.0,1.85,11590,1,0.5
2023-03-20,Yang Ming,12,88.20833333333333,2.091666666666667,121518,3,0.25
2023-03-21,APM Terminals,8,89.0875,2.125,82972,0,0.0
2023-03-21,China Shipping,7,88.15714285714286,1.9428571428571428,60078,1,0.143
2023-03-21,Everport,7,92.45714285714287,2.1714285714285713,63566,1,0.143
2023-03-21,TraPac,3,91.06666666666666,2.4,38653,1,0.333
2023-03-21,Yang Ming,8,90.2,1.95,78497,2,0.25
2023-03-22,APM Terminals,6,87.76666666666667,2.466666666666667,67382,0,0.0
2023-03-22,China Shipping,3,94.26666666666667,2.1999999999999997,35605,0,0.0
2023-03-22,Everport,4,96.05,2.425,51133,1,0.25
2023-03-22,TraPac,3,94.8,1.9666666666666668,32870,0,0.0
2023-03-22,Yang Ming,7,91.24285714285715,2.0714285714285716,72616,0,0.0
2023-03-23,APM Terminals,6,97.18333333333334,2.183333333333333,64736,0,0.0
2023-03-23,China Shipping,3,82.13333333333333,1.8,29033,1,0.333
2023-03-23,Everport,6,89.61666666666667,2.0166666666666666,45244,1,0.167
2023-03-23,TraPac,5,94.94,2.2,51601,3,0.6
2023-03-23,Yang Ming,4,91.225,2.125,39623,0,0.0
2023-03-24,APM Terminals,9,91.84444444444445,2.3111111111111113,94440,4,0.444
2023-03-24,China Shipping,4,95.35,2.425,40806,0,0.0
2023-03-24,Everport,2,94.85,2.0,16062,1,0.5
2023-03-24,TraPac,5,91.72,1.98,56981,0,0.0
2023-03-24,Yang Ming,6,91.83333333333333,1.9333333333333333,48592,0,0.0
2023-03-25,APM Terminals,5,82.34,2.12,45425,1,0.2
2023-03-25,China Shipping,6,86.78333333333335,2.15,58242,2,0.333
2023-03-25,Everport,12,85.10000000000001,2.1833333333333336,115154,4,0.333
2023-03-25,TraPac,8,93.0375,2.1625,89546,0,0.0
2023-03-25,Yang Ming,4,89.625,1.9,35516,2,0.5
2023-03-26,APM Terminals,5,91.92,2.2800000000000002,51199,1,0.2
2023-03-26,China Shipping,9,93.84444444444445,2.3111111111111113,97058,0,0.0
2023-03-26,Everport,5,79.2,1.94,46918,1,0.2
2023-03-26,TraPac,6,76.71666666666667,2.466666666666667,57666,0,0.0
2023-03-26,Yang Ming,3,61.366666666666674,2.4,28185,1,0.333
2023-03-27,APM Terminals,9,93.21111111111111,2.0444444444444443,69922,0,0.0
2023-03-27,China Shipping,7,89.57142857142857,1.9285714285714286,56899,3,0.429
2023-03-27,Everport,5,96.6,1.8200000000000003,41570,0,0.0
2023-03-27,TraPac,2,103.55000000000001,1.75,18187,0,0.0
2023-03-27,Yang Ming,4,80.525,2.4,39696,1,0.25
2023-03-28,APM Terminals,2,104.1,2.0,20932,0,0.0
2023-03-28,China Shipping,7,96.07142857142857,1.957142857142857,69027,0,0.0
2023-03-28,Everport,5,84.22,2.2800000000000002,53235,1,0.2
2023-03-28,TraPac,5,91.06,2.18,45782,0,0.0
2023-03-28,Yang Ming,5,85.04,1.8399999999999999,50073,1,0.2
2023-03-29,APM Terminals,6,90.66666666666667,2.1166666666666667,69160,0,0.0
2023-03-29,China Shipping,2,103.8,1.4500000000000002,9101,1,0.5
2023-03-29,Everport,7,80.24285714285715,1.957142857142857,44916,2,0.286
2023-03-29,TraPac,6,87.7,2.183333333333333,72673,0,0.0
2023-03-29,Yang Ming,4,81.325,1.975,34225,0,0.0
2023-03-30,APM Terminals,3,91.10000000000001,2.2666666666666666,25183,0,0.0
2023-03-30,China Shipping,5,79.8,2.12,47277,0,0.0
2023-03-30,Everport,8,92.9625,2.2,78905,1,0.125
2023-03-30,TraPac,4,83.5,2.025,34130,2,0.5
2023-03-30,Yang Ming,7,92.08571428571429,1.9428571428571428,62829,0,0.0
2023-03-31,APM Terminals,5,91.58,1.9600000000000002,45846,1,0.2
2023-03-31,China Shipping,4,102.725,2.625,45070,0,0.0
2023-03-31,Everport,6,82.25,1.95,45953,1,0.167
2023-03-31,TraPac,11,89.3,2.1545454545454543,122637,2,0.182
2023-03-31,Yang Ming,3,96.76666666666667,2.3666666666666667,37980,1,0.333
2023-04-01,APM Terminals,5,85.5,2.1399999999999997,41492,0,0.0
2023-04-01,China Shipping,5,85.3,1.98,42055,2,0.4
2023-04-01,Everport,2,88.35,2.1,16254,0,0.0
2023-04-01,TraPac,8,85.575,2.2375,84696,1,0.125
2023-04-01,Yang Ming,9,101.96666666666667,2.4000000000000004,106780,2,0.222
2023-04-02,APM Terminals,5,87.47999999999999,2.34,62424,0,0.0
2023-04-02,China Shipping,4,90.2,2.05,30666,1,0.25
2023-04-02,Everport,7,92.47142857142856,2.0285714285714285,69477,1,0.143
2023-04-02,TraPac,9,91.67777777777778,2.022222222222222,71702,0,0.0
2023-04-02,Yang Ming,4,86.65,2.7,57807,3,0.75
2023-04-03,APM Terminals,6,99.55,2.2333333333333334,67728,2,0.333
2023-04-03,China Shipping,7,78.74285714285715,2.242857142857143,75682,1,0.143
2023-04-03,Everport,6,90.25,2.15,70216,0,0.0
2023-04-03,TraPac,4,96.125,1.825,30534,1,0.25
2023-04-03,Yang Ming,3,85.36666666666667,2.3000000000000003,32449,0,0.0
2023-04-04,APM Terminals,3,94.56666666666666,2.3000000000000003,27869,1,0.333
2023-04-04,China Shipping,2,78.4,2.45,20760,1,0.5
2023-04-04,Everport,7,92.08571428571429,2.3857142857142857,94825,2,0.286
2023-04-04,TraPac,2,96.25,2.1,25783,0,0.0
2023-04-04,Yang Ming,8,85.675,1.9,66054,1,0.125
2023-04-05,APM Terminals,4,80.775,2.375,39298,0,0.0
2023-04-05,China Shipping,5,78.94,2.0,49409,1,0.2
2023-04-05,Everport,3,97.59999999999998,2.1333333333333333,33962,0,0.0
2023-04-05,TraPac,3,87.43333333333334,2.6,26662,1,0.333
2023-04-05,Yang Ming,7,86.92857142857143,2.085714285714286,59139,1,0.143
2023-04-06,APM Terminals,6,91.01666666666667,2.1,53617,0,0.0
2023-04-06,China Shipping,9,86.33333333333333,1.7222222222222223,68387,2,0.222
2023-04-06,Everport,4,93.72500000000001,2.1,35440,1,0.25
2023-04-06,TraPac,6,85.03333333333335,2.4333333333333336,73866,0,0.0
2023-04-06,Yang Ming,6,91.26666666666667,2.033333333333333,66584,0,0.0
2023-04-07,APM Terminals,3,99.56666666666666,2.5,38079,0,0.0
2023-04-07,China Shipping,2,99.9,2.5999999999999996,21292,1,0.5
2023-04-07,Everport,4,88.4,1.55,25763,0,0.0
2023-04-07,TraPac,6,80.5,2.266666666666667,49545,0,0.0
2023-04-07,Yang Ming,7,88.37142857142858,1.7857142857142858,55092,3,0.429
2023-04-08,APM Terminals,3,93.63333333333333,2.3000000000000003,33850,0,0.0
2023-04-08,China Shipping,1,87.3,1.7,6439,0,0.0
2023-04-08,Everport,4,92.65,2.375,44716,0,0.0
2023-04-08,TraPac,8,88.4,1.375,41939,0,0.0
2023-04-08,Yang Ming,4,97.9,2.225,40748,1,0.25
2023-04-09,APM Terminals,5,81.64,1.46,32865,1,0.2
2023-04-09,China Shipping,4,92.5,2.375,44808,0,0.0
2023-04-09,Everport,3,92.3,2.5666666666666664,33373,1,0.333
2023-04-09,TraPac,7,82.07142857142857,2.042857142857143,66016,2,0.286
2023-04-09,Yang Ming,4,96.0,1.5999999999999999,32460,1,0.25
2023-04-10,APM Terminals,4,93.5,2.4,42970,0,0.0
2023-04-10,China Shipping,4,94.7,2.4250000000000003,47409,0,0.0
2023-04-10,Everport,2,89.9,2.05,13369,1,0.5
2023-04-10,TraPac,6,95.86666666666667,2.35,77976,1,0.167
2023-04-10,Yang Ming,4,85.475,2.275,46133,0,0.0
2023-04-11,APM Terminals,3,93.53333333333335,1.6666666666666667,22780,0,0.0
2023-04-11,China Shipping,6,88.91666666666667,1.6666666666666667,49293,1,0.167
2023-04-11,Everport,2,80.75,1.65,19241,0,0.0
2023-04-11,TraPac,2,87.75,1.6,7733,1,0.5
2023-04-11,Yang Ming,6,88.86666666666667,1.7833333333333332,54965,1,0.167
2023-04-12,APM Terminals,5,101.0,2.5,70535,1,0.2
2023-04-12,China Shipping,3,87.60000000000001,2.033333333333333,37641,1,0.333
2023-04-12,Everport,5,89.2,2.0,38751,2,0.4
2023-04-12,TraPac,5,94.3,1.92,36922,1,0.2
2023-04-12,Yang Ming,6,88.38333333333333,2.3000000000000003,62759,1,0.167
2023-04-13,APM Terminals,3,91.10000000000001,2.566666666666667,37167,0,0.0
2023-04-13,China Shipping,5,97.41999999999999,1.7600000000000002,46026,1,0.2
2023-04-13,Everport,4,93.175,1.95,32065,2,0.5
2023-04-13,TraPac,3,93.86666666666667,2.466666666666667,32405,0,0.0
2023-04-13,Yang Ming,7,88.84285714285714,2.2285714285714286,87233,0,0.0
2023-04-14,APM Terminals,6,88.98333333333333,2.316666666666667,80442,0,0.0
2023-04-14,China Shipping,8,90.35,1.875,70336,0,0.0
2023-04-14,Everport,4,88.225,2.4,49993,0,0.0
2023-04-14,TraPac,4,92.425,2.675,58601,0,0.0
2023-04-14,Yang Ming,4,74.425,2.175,40291,2,0.5
2023-04-15,APM Terminals,11,94.13636363636364,2.227272727272727,104821,1,0.091
2023-04-15,China Shipping,4,90.725,2.625,51476,2,0.5
2023-04-15,Everport,6,86.16666666666667,2.4166666666666665,72917,0,0.0
2023-04-15,TraPac,4,91.025,1.6500000000000001,21738,0,0.0
2023-04-15,Yang Ming,3,88.63333333333333,2.1,28043,2,0.667
2023-04-16,APM Terminals,5,96.28,2.56,58054,0,0.0
2023-04-16,China Shipping,7,87.15714285714286,1.7142857142857142,59633,2,0.286
2023-04-16,Everport,4,87.325,2.325,39679,1,0.25
2023-04-16,TraPac,9,83.04444444444444,2.5,101436,0,0.0
2023-04-16,Yang Ming,8,93.7625,2.2,93574,1,0.125
2023-04-17,APM Terminals,7,85.21428571428571,2.142857142857143,60008,2,0.286
2023-04-17,China Shipping,6,87.3,2.4499999999999997,57128,2,0.333
2023-04-17,Everport,3,91.8,2.3000000000000003,33923,0,0.0
2023-04-17,TraPac,5,94.96,2.44,52353,1,0.2
2023-04-17,Yang Ming,7,96.48571428571428,1.8285714285714287,58728,0,0.0
2023-04-18,APM Terminals,3,105.3,1.5999999999999999,15035,0,0.0
2023-04-18,China Shipping,9,91.11111111111111,2.2333333333333334,107635,2,0.222
2023-04-18,Everport,3,76.43333333333332,1.8666666666666665,32612,1,0.333
2023-04-18,TraPac,5,92.66,1.58,32244,0,0.0
2023-04-18,Yang Ming,4,83.425,2.825,49148,0,0.0
2023-04-19,APM Terminals,7,82.67142857142856,1.7142857142857142,61847,1,0.143
2023-04-19,China Shipping,4,101.575,2.2,28698,1,0.25
2023-04-19,Everport,4,82.15,2.7,50869,1,0.25
2023-04-19,TraPac,6,92.51666666666667,2.0500000000000003,40810,1,0.167
2023-04-19,Yang Ming,2,111.4,2.55,26991,0,0.0
2023-04-20,APM Terminals,6,77.25,2.4166666666666665,67496,2,0.333
2023-04-20,China Shipping,8,93.125,2.1125,75728,1,0.125
2023-04-20,Everport,4,87.775,2.475,49177,0,0.0
2023-04-20,TraPac,5,101.76,2.0,45720,0,0.0
2023-04-20,Yang Ming,12,88.3,2.4250000000000003,136811,2,0.167
2023-04-21,APM Terminals,6,84.7,2.4333333333333336,63214,0,0.0
2023-04-21,China Shipping,6,100.51666666666667,2.0500000000000003,52818,0,0.0
2023-04-21,Everport,10,85.95,2.06,99467,1,0.1
2023-04-21,TraPac,4,91.525,2.2,44320,0,0.0
2023-04-21,Yang Ming,9,87.98888888888888,1.7999999999999998,64263,1,0.111
2023-04-22,APM Terminals,5,86.38,1.44,20196,1,0.2
2023-04-22,China Shipping,4,89.85,2.275,32716,0,0.0
2023-04-22,Everport,8,88.3625,2.1375,78032,1,0.125
2023-04-22,TraPac,4,86.975,1.85,25083,1,0.25
2023-04-22,Yang Ming,4,91.875,1.125,28495,0,0.0
2023-04-23,APM Terminals,3,81.0,2.1,34453,1,0.333
2023-04-23,China Shipping,8,85.475,1.9625,71067,3,0.375
2023-04-23,Everport,9,84.53333333333333,2.3333333333333335,99849,1,0.111
2023-04-23,TraPac,8,88.025,2.2,77012,0,0.0
2023-04-23,Yang Ming,5,85.6,2.08,54181,3,0.6
2023-04-24,APM Terminals,6,87.96666666666665,2.6,62993,2,0.333
2023-04-24,China Shipping,5,91.1,2.08,37740,1,0.2
2023-04-24,Everport,8,95.7,2.2375,100091,1,0.125
2023-04-24,TraPac,10,89.46000000000001,2.1100000000000003,96229,2,0.2
2023-04-24,Yang Ming,5,91.44,1.78,40717,0,0.0
2023-04-25,APM Terminals,6,91.2,2.5666666666666664,71996,1,0.167
2023-04-25,China Shipping,4,99.125,1.9249999999999998,29601,0,0.0
2023-04-25,Everport,4,98.5,1.725,35688,1,0.25
2023-04-25,TraPac,3,94.66666666666667,2.2333333333333334,25542,1,0.333
2023-04-25,Yang Ming,8,90.05,2.025,76718,0,0.0
2023-04-26,APM Terminals,10,84.49,2.21,105018,1,0.1
2023-04-26,China Shipping,3,104.10000000000001,2.1333333333333333,25675,1,0.333
2023-04-26,Everport,12,86.13333333333333,1.8583333333333334,110012,2,0.167
2023-04-26,TraPac,8,87.1,1.9625,60586,0,0.0
2023-04-26,Yang Ming,3,85.60000000000001,1.3,10562,1,0.333
2023-04-27,APM Terminals,4,82.125,2.025,34737,2,0.5
2023-04-27,China Shipping,2,99.5,2.2,23896,0,0.0
2023-04-27,TraPac,3,89.5,1.5,31377,0,0.0
2023-04-27,Yang Ming,9,90.11111111111111,1.8444444444444446,84792,0,0.0
2023-04-28,APM Terminals,4,86.8,2.5500000000000003,56145,0,0.0
2023-04-28,China Shipping,2,79.15,2.95,22608,0,0.0
2023-04-28,Everport,2,95.94999999999999,2.0,23137,0,0.0
2023-04-28,TraPac,4,86.55,2.05,30628,1,0.25
2023-04-28,Yang Ming,6,87.03333333333335,2.6999999999999997,80259,2,0.333
2023-04-29,APM Terminals,7,90.21428571428571,2.0714285714285716,64510,2,0.286
2023-04-29,China Shipping,2,93.2,1.65,18059,0,0.0
2023-04-29,Everport,8,90.875,2.375,85183,2,0.25
2023-04-29,TraPac,2,103.30000000000001,1.75,16307,0,0.0
2023-04-29,Yang Ming,6,96.46666666666665,1.9000000000000001,53733,1,0.167
2023-04-30,APM Terminals,5,86.4,2.04,52827,2,0.4
2023-04-30,China Shipping,5,77.82000000000001,1.98,40994,1,0.2
2023-04-30,Everport,5,70.6,2.26,53113,2,0.4
2023-04-30,TraPac,5,90.38,2.52,55696,2,0.4
2023-04-30,Yang Ming,9,85.08888888888889,1.9777777777777779,82244,3,0.333
2023-05-01,APM Terminals,4,91.9,1.775,36205,0,0.0
2023-05-01,China Shipping,4,91.75,1.8499999999999999,34551,1,0.25
2023-05-01,Everport,7,79.98571428571428,2.0142857142857142,71067,1,0.143
2023-05-01,TraPac,3,85.83333333333333,1.5999999999999999,24484,0,0.0
2023-05-01,Yang Ming,5,87.46000000000001,2.6,65366,1,0.2
2023-05-02,APM Terminals,7,96.24285714285715,2.7714285714285714,95771,1,0.143
2023-05-02,China Shipping,4,93.25,1.8,45611,0,0.0
2023-05-02,Everport,5,80.22,2.06,47613,0,0.0
2023-05-02,TraPac,4,86.42500000000001,2.15,42184,2,0.5
2023-05-02,Yang Ming,4,96.525,2.125,39711,2,0.5
2023-05-03,APM Terminals,5,87.74,2.16,46059,1,0.2
2023-05-03,China Shipping,5,90.94,1.98,41431,1,0.2
2023-05-03,Everport,5,85.16,2.3,61866,0,0.0
2023-05-03,TraPac,4,98.075,2.175,44374,0,0.0
2023-05-03,Yang Ming,3,85.46666666666665,2.3333333333333335,25503,0,0.0
2023-05-04,APM Terminals,7,92.44285714285715,1.9428571428571428,47997,0,0.0
2023-05-04,China Shipping,7,90.82857142857142,2.0428571428571427,62689,1,0.143
2023-05-04,Everport,6,83.43333333333334,1.5833333333333333,34310,0,0.0
2023-05-04,TraPac,4,96.525,2.45,45239,0,0.0
2023-05-04,Yang Ming,3,96.33333333333333,2.4,39953,1,0.333
2023-05-05,APM Terminals,4,99.15,1.55,29987,0,0.0
2023-05-05,China Shipping,5,99.9,2.06,49463,0,0.0
2023-05-05,Everport,5,90.86,2.48,66917,1,0.2
2023-05-05,TraPac,9,92.52222222222223,2.022222222222222,72257,2,0.222
2023-05-05,Yang Ming,7,97.08571428571429,1.942857142857143,57887,3,0.429
2023-05-06,APM Terminals,6,81.43333333333334,2.4166666666666665,71214,0,0.0
2023-05-06,China Shipping,7,85.48571428571428,2.0142857142857147,74021,0,0.0
2023-05-06,Everport,8,89.6875,1.9375,73780,2,0.25
2023-05-06,TraPac,8,86.1625,2.225,78476,1,0.125
2023-05-06,Yang Ming,1,85.8,1.6,9845,0,0.0
2023-05-07,APM Terminals,4,94.375,1.6,34389,0,0.0
2023-05-07,China Shipping,5,74.66,2.18,57355,0,0.0
2023-05-07,Everport,11,89.30909090909091,1.781818181818182,92206,1,0.091
2023-05-07,TraPac,3,94.39999999999999,1.1666666666666667,15499,0,0.0
2023-05-07,Yang Ming,5,96.62,2.3,56513,0,0.0
2023-05-08,APM Terminals,9,90.34444444444445,2.0999999999999996,102437,0,0.0
2023-05-08,China Shipping,10,95.03999999999999,1.9899999999999998,91115,0,0.0
2023-05-08,Everport,3,82.10000000000001,1.7,18495,2,0.667
2023-05-08,TraPac,5,87.16,1.5,31681,0,0.0
2023-05-08,Yang Ming,3,84.2,1.7,23086,0,0.0
2023-05-09,APM Terminals,5,94.03999999999999,2.2,45716,0,0.0
2023-05-09,China Shipping,8,92.1375,2.525,97262,0,0.0
2023-05-09,Everport,10,84.24,1.8399999999999999,104491,2,0.2
2023-05-09,TraPac,5,82.38,2.3600000000000003,59767,2,0.4
2023-05-09,Yang Ming,3,89.03333333333335,2.433333333333333,38634,1,0.333
2023-05-10,APM Terminals,4,94.1,1.85,36112,1,0.25
2023-05-10,China Shipping,8,104.9125,1.925,78349,0,0.0
2023-05-10,Everport,12,98.60000000000001,2.25,117620,1,0.083
2023-05-10,TraPac,8,87.5,2.0875,77862,2,0.25
2023-05-10,Yang Ming,4,102.125,2.075,39908,1,0.25
2023-05-11,APM Terminals,2,105.7,2.15,22114,1,0.5
2023-05-11,China Shipping,8,88.1375,2.3875,104627,1,0.125
2023-05-11,Everport,6,94.71666666666665,2.15,73071,0,0.0
2023-05-11,TraPac,5,96.38000000000001,2.04,56707,0,0.0
2023-05-11,Yang Ming,5,92.3,1.78,43192,2,0.4
2023-05-12,APM Terminals,4,95.475,2.35,29410,1,0.25
2023-05-12,China Shipping,5,96.9,2.1,48429,2,0.4
2023-05-12,Everport,5,97.96000000000001,2.0,51483,1,0.2
2023-05-12,TraPac,2,78.65,1.85,12101,0,0.0
2023-05-12,Yang Ming,8,79.125,1.8375,73739,2,0.25
2023-05-13,APM Terminals,8,98.75,2.0625,103742,0,0.0
2023-05-13,China Shipping,6,91.76666666666667,2.183333333333333,55893,1,0.167
2023-05-13,Everport,6,99.06666666666666,1.5666666666666667,47391,0,0.0
2023-05-13,TraPac,9,85.30000000000001,2.4000000000000004,97619,3,0.333
2023-05-13,Yang Ming,5,94.58,1.8,43095,1,0.2
2023-05-14,APM Terminals,8,92.0625,2.025,71050,1,0.125
2023-05-14,China Shipping,7,93.2,2.0571428571428574,71440,1,0.143
2023-05-14,Everport,4,95.8,2.925,66723,0,0.0
2023-05-14,TraPac,5,94.92,2.38,53023,1,0.2
2023-05-14,Yang Ming,4,94.4,1.75,30218,0,0.0
2023-05-15,APM Terminals,3,80.5,2.2,38336,1,0.333
2023-05-15,China Shipping,1,85.9,2.2,11303,0,0.0
2023-05-15,Everport,7,89.11428571428573,2.257142857142857,89645,1,0.143
2023-05-15,TraPac,8,100.9,2.55,105345,1,0.125
2023-05-15,Yang Ming,4,90.725,2.4,39343,0,0.0
2023-05-16,APM Terminals,6,85.18333333333334,2.0333333333333337,53952,2,0.333
2023-05-16,China Shipping,7,88.57142857142857,2.4,78099,1,0.143
2023-05-16,Everport,10,85.83,2.05,87828,2,0.2
2023-05-16,TraPac,8,96.3125,2.0375,84810,1,0.125
2023-05-16,Yang Ming,6,89.60000000000001,2.466666666666667,84017,0,0.0
2023-05-17,APM Terminals,1,101.5,2.6,11090,0,0.0
2023-05-17,China Shipping,9,84.14444444444445,2.111111111111111,94173,1,0.111
2023-05-17,Everport,3,97.43333333333334,2.433333333333333,35310,0,0.0
2023-05-17,TraPac,9,89.26666666666667,2.011111111111111,110332,1,0.111
2023-05-17,Yang Ming,6,80.71666666666667,2.0833333333333335,67162,0,0.0
2023-05-18,APM Terminals,7,101.54285714285713,2.0571428571428574,70551,0,0.0
2023-05-18,China Shipping,5,79.25999999999999,2.34,47109,0,0.0
2023-05-18,Everport,5,91.72,2.38,56609,0,0.0
2023-05-18,TraPac,2,86.4,2.3499999999999996,26924,1,0.5
2023-05-18,Yang Ming,3,74.2,2.0,28866,2,0.667
2023-05-19,APM Terminals,7,95.54285714285713,2.3428571428571425,67722,0,0.0
2023-05-19,China Shipping,4,78.875,1.95,45377,0,0.0
2023-05-19,Everport,4,103.42500000000001,2.35,34623,1,0.25
2023-05-19,TraPac,8,92.9,2.4,82634,0,0.0
2023-05-19,Yang Ming,4,70.425,2.0,42211,0,0.0
2023-05-20,APM Terminals,4,73.75,2.1,46272,1,0.25
2023-05-20,China Shipping,6,90.41666666666667,1.9000000000000001,61671,0,0.0
2023-05-20,Everport,6,85.25,1.7833333333333332,42205,1,0.167
2023-05-20,TraPac,5,85.32000000000001,2.06,42098,0,0.0
2023-05-20,Yang Ming,3,67.53333333333333,1.8,15072,0,0.0
2023-05-21,APM Terminals,8,85.5875,2.3875,94450,1,0.125
2023-05-21,China Shipping,5,98.32000000000001,2.2600000000000002,54629,1,0.2
2023-05-21,Everport,3,84.63333333333333,2.533333333333333,37794,0,0.0
2023-05-21,TraPac,4,103.65,1.95,32036,0,0.0
2023-05-21,Yang Ming,5,78.46000000000001,2.38,66669,1,0.2
2023-05-22,APM Terminals,3,92.7,2.3000000000000003,27002,1,0.333
2023-05-22,China Shipping,8,88.7875,1.8375,65443,2,0.25
2023-05-22,Everport,17,87.49411764705883,2.323529411764706,177568,2,0.118
2023-05-22,TraPac,3,96.33333333333333,2.1666666666666665,27564,0,0.0
2023-05-22,Yang Ming,9,94.93333333333334,1.9444444444444444,72248,1,0.111
2023-05-23,APM Terminals,8,93.5625,2.025,75471,0,0.0
2023-05-23,China Shipping,4,85.45,2.15,39928,1,0.25
2023-05-23,Everport,8,81.8,1.625,57966,1,0.125
2023-05-23,TraPac,5,92.88,2.44,65464,1,0.2
2023-05-23,Yang Ming,3,108.0,2.5,30279,1,0.333
2023-05-24,APM Terminals,2,100.35,2.0,18935,0,0.0
2023-05-24,China Shipping,5,85.08,2.4,57718,0,0.0
2023-05-24,Everport,7,99.24285714285715,2.357142857142857,79098,2,0.286
2023-05-24,TraPac,2,102.25,1.9,22244,0,0.0
2023-05-24,Yang Ming,4,83.425,2.2750000000000004,44633,0,0.0
2023-05-25,APM Terminals,5,87.97999999999999,1.7,39168,0,0.0
2023-05-25,China Shipping,3,85.83333333333333,2.5,34862,0,0.0
2023-05-25,Everport,7,93.25714285714285,2.6571428571428575,88264,2,0.286
2023-05-25,TraPac,4,96.975,2.2,35569,0,0.0
2023-05-25,Yang Ming,6,87.93333333333334,2.25,64298,0,0.0
2023-05-26,APM Terminals,6,87.10000000000001,1.883333333333333,59112,0,0.0
2023-05-26,China Shipping,6,86.91666666666667,2.35,63057,3,0.5
2023-05-26,Everport,6,78.63333333333334,2.0166666666666666,58163,0,0.0
2023-05-26,TraPac,9,96.82222222222222,1.9666666666666666,75845,1,0.111
2023-05-26,Yang Ming,6,82.06666666666666,2.1,49700,1,0.167
2023-05-27,APM Terminals,11,79.96363636363637,1.7909090909090908,95293,3,0.273
2023-05-27,China Shipping,3,78.13333333333334,2.433333333333333,37147,0,0.0
2023-05-27,Everport,5,93.53999999999999,1.42,32676,0,0.0
2023-05-27,TraPac,4,96.025,2.0,34008,0,0.0
2023-05-27,Yang Ming,5,94.32000000000001,2.18,54172,0,0.0
2023-05-28,APM Terminals,4,92.0,2.325,40323,0,0.0
2023-05-28,China Shipping,6,102.66666666666667,2.1166666666666667,66407,2,0.333
2023-05-28,Everport,7,84.72857142857143,1.8714285714285714,63923,1,0.143
2023-05-28,TraPac,5,95.06,2.32,59801,0,0.0
2023-05-28,Yang Ming,4,82.625,2.3,39427,1,0.25
2023-05-29,APM Terminals,4,86.425,2.275,26292,0,0.0
2023-05-29,China Shipping,9,100.6888888888889,2.0444444444444443,73739,1,0.111
2023-05-29,Everport,5,85.36,2.16,44210,0,0.0
2023-05-29,TraPac,5,94.84,1.98,47035,2,0.4
2023-05-29,Yang Ming,5,97.5,2.2399999999999998,49916,0,0.0
2023-05-30,APM Terminals,5,103.5,1.8399999999999999,43900,2,0.4
2023-05-30,China Shipping,6,91.98333333333333,2.5833333333333335,75190,1,0.167
2023-05-30,Everport,4,91.975,2.35,47230,3,0.75
2023-05-30,TraPac,4,79.075,1.65,25674,1,0.25
2023-05-30,Yang Ming,8,93.0375,2.3875,89131,2,0.25
2023-05-31,APM Terminals,2,81.35,2.05,22021,0,0.0
2023-05-31,China Shipping,6,97.56666666666666,2.0333333333333337,48676,0,0.0
2023-05-31,Everport,8,85.2625,2.0375,72407,1,0.125
2023-05-31,TraPac,6,88.55,2.2666666666666666,75637,2,0.333
2023-05-31,Yang Ming,6,86.85000000000001,2.066666666666667,61853,0,0.0
2023-06-01,APM Terminals,3,103.0,2.6666666666666665,42512,0,0.0
2023-06-01,China Shipping,2,99.3,1.75,12874,0,0.0
2023-06-01,Everport,4,96.35,2.425,37423,2,0.5
2023-06-01,TraPac,4,80.94999999999999,2.1750000000000003,31751,0,0.0
2023-06-01,Yang Ming,3,95.39999999999999,2.5,33523,0,0.0
2023-06-02,APM Terminals,1,86.5,1.0,6533,0,0.0
2023-06-02,China Shipping,5,80.94,1.72,42720,2,0.4
2023-06-02,Everport,5,86.97999999999999,2.7600000000000002,67673,1,0.2
2023-06-02,TraPac,6,79.60000000000001,1.7,45561,1,0.167
2023-06-02,Yang Ming,7,98.61428571428571,1.9857142857142858,45867,0,0.0
2023-06-03,APM Terminals,5,96.4,2.2199999999999998,50902,1,0.2
2023-06-03,China Shipping,4,86.55,2.5999999999999996,50199,1,0.25
2023-06-03,Everport,8,86.3875,2.1625,77639,1,0.125
2023-06-03,TraPac,5,94.53999999999999,1.8800000000000001,45775,2,0.4
2023-06-03,Yang Ming,10,84.46000000000001,1.89,84761,0,0.0
2023-06-04,APM Terminals,5,86.08,2.18,49986,1,0.2
2023-06-04,China Shipping,5,87.66,1.8199999999999998,38356,0,0.0
2023-06-04,Everport,4,96.25,2.175,48511,0,0.0
2023-06-04,TraPac,8,96.1625,2.2875,103442,2,0.25
2023-06-04,Yang Ming,4,90.4,1.7,30706,0,0.0
2023-06-05,APM Terminals,5,102.92,2.3600000000000003,46870,0,0.0
2023-06-05,China Shipping,4,99.6,2.475,43090,0,0.0
2023-06-05,Everport,6,94.01666666666667,1.7000000000000002,49749,0,0.0
2023-06-05,TraPac,5,97.82000000000001,2.48,62144,0,0.0
2023-06-05,Yang Ming,4,82.175,2.125,37710,0,0.0
2023-06-06,APM Terminals,4,83.95,2.175,45603,0,0.0
2023-06-06,China Shipping,3,96.0,2.0666666666666664,31177,1,0.333
2023-06-06,Everport,5,101.72,2.02,39894,0,0.0
2023-06-06,TraPac,12,82.125,2.308333333333333,147856,4,0.333
2023-06-06,Yang Ming,5,85.42,2.5,54692,2,0.4
2023-06-07,APM Terminals,3,96.2,1.6333333333333335,20005,1,0.333
2023-06-07,China Shipping,10,91.19,2.0300000000000002,74964,0,0.0
2023-06-07,Everport,8,83.7875,2.3375,84506,0,0.0
2023-06-07,TraPac,5,78.12,1.6800000000000002,37331,0,0.0
2023-06-07,Yang Ming,3,92.66666666666667,2.1,27512,0,0.0
2023-06-08,APM Terminals,10,75.82000000000001,2.25,103126,1,0.1
2023-06-08,China Shipping,6,94.25,2.4,73842,2,0.333
2023-06-08,Everport,8,86.1125,2.4125,89367,2,0.25
2023-06-08,TraPac,5,89.96,2.64,62203,2,0.4
2023-06-08,Yang Ming,8,84.125,2.1625,87037,2,0.25
2023-06-09,APM Terminals,4,95.675,2.2,36425,2,0.5
2023-06-09,China Shipping,7,94.64285714285714,1.8285714285714287,56338,3,0.429
2023-06-09,Everport,7,85.72857142857143,2.4285714285714284,61818,0,0.0
2023-06-09,TraPac,5,85.44,2.2199999999999998,48553,2,0.4
2023-06-09,Yang Ming,9,86.6,1.8111111111111111,71978,0,0.0
2023-06-10,APM Terminals,4,88.975,2.175,36055,1,0.25
2023-06-10,China Shipping,10,93.61,2.13,96054,1,0.1
2023-06-10,Everport,6,78.88333333333333,1.7166666666666668,28247,0,0.0
2023-06-10,TraPac,4,97.69999999999999,2.0,34614,2,0.5
2023-06-10,Yang Ming,5,96.52000000000001,1.72,45430,2,0.4
2023-06-11,APM Terminals,8,94.6875,2.4625,89815,1,0.125
2023-06-11,China Shipping,6,97.18333333333334,2.0166666666666666,63986,0,0.0
2023-06-11,Everport,5,84.24,1.92,42674,1,0.2
2023-06-11,TraPac,11,80.66363636363636,2.1363636363636362,112293,1,0.091
2023-06-11,Yang Ming,4,91.75,1.875,43624,0,0.0
2023-06-12,APM Terminals,9,88.92222222222222,1.8111111111111111,79261,1,0.111
2023-06-12,China Shipping,9,93.96666666666667,2.3444444444444446,115236,0,0.0
2023-06-12,Everport,9,94.56666666666666,2.3333333333333335,102678,2,0.222
2023-06-12,TraPac,8,96.6875,2.0875,75194,0,0.0
2023-06-12,Yang Ming,5,86.62,1.58,38868,2,0.4
2023-06-13,APM Terminals,6,101.5,1.8833333333333335,58271,1,0.167
2023-06-13,China Shipping,2,75.6,1.9,12654,0,0.0
2023-06-13,Everport,4,96.85,1.975,21209,0,0.0
2023-06-13,TraPac,8,89.7375,2.2875,82274,1,0.125
2023-06-13,Yang Ming,7,95.87142857142858,2.414285714285714,77510,1,0.143
2023-06-14,APM Terminals,7,92.52857142857142,2.085714285714286,53124,0,0.0
2023-06-14,China Shipping,3,84.7,2.233333333333333,29966,1,0.333
2023-06-14,Everport,6,93.85000000000001,2.2666666666666666,56959,2,0.333
2023-06-14,TraPac,5,88.38,2.2199999999999998,45334,1,0.2
2023-06-14,Yang Ming,9,86.67777777777778,2.1222222222222222,96567,1,0.111
2023-06-15,APM Terminals,6,88.78333333333335,2.183333333333333,52018,1,0.167
2023-06-15,China Shipping,5,97.26,2.2800000000000002,47681,1,0.2
2023-06-15,Everport,2,109.6,2.25,22333,1,0.5
2023-06-15,TraPac,4,84.75,2.275,46073,0,0.0
2023-06-15,Yang Ming,5,94.02000000000001,2.7,52392,0,0.0
2023-06-16,APM Terminals,2,74.7,1.9,26836,0,0.0
2023-06-16,China Shipping,5,92.5,2.44,57724,0,0.0
2023-06-16,Everport,4,77.775,2.0,25347,0,0.0
2023-06-16,TraPac,4,98.05,1.725,21203,1,0.25
2023-06-16,Yang Ming,6,99.33333333333333,1.5999999999999999,38059,2,0.333
2023-06-17,APM Terminals,12,84.825,2.066666666666667,111438,3,0.25
2023-06-17,China Shipping,3,78.76666666666667,1.9666666666666666,27714,0,0.0
2023-06-17,Everport,6,101.76666666666667,1.6833333333333333,48043,1,0.167
2023-06-17,TraPac,8,84.8625,2.2125,76685,3,0.375
2023-06-17,Yang Ming,4,97.425,2.1,42060,0,0.0
2023-06-18,APM Terminals,1,72.2,3.0,15020,1,1.0
2023-06-18,China Shipping,4,90.2,2.425,46163,1,0.25
2023-06-18,Everport,7,90.94285714285715,2.2857142857142856,68235,1,0.143
2023-06-18,TraPac,9,87.36666666666666,2.3444444444444446,100762,2,0.222
2023-06-18,Yang Ming,9,84.03333333333333,1.8333333333333333,65533,0,0.0
2023-06-19,APM Terminals,3,83.66666666666667,2.533333333333333,38451,2,0.667
2023-06-19,China Shipping,3,97.10000000000001,2.1,21415,0,0.0
2023-06-19,Everport,5,94.96,1.8399999999999999,43154,1,0.2
2023-06-19,TraPac,4,83.775,2.325,47715,0,0.0
2023-06-19,Yang Ming,4,94.925,2.1,33943,0,0.0
2023-06-20,APM Terminals,8,83.775,1.9875,86708,2,0.25
2023-06-20,China Shipping,6,93.91666666666667,2.15,58598,2,0.333
2023-06-20,Everport,10,94.14,2.31,112632,3,0.3
2023-06-20,TraPac,6,83.71666666666667,2.016666666666667,50357,1,0.167
2023-06-20,Yang Ming,8,79.7375,2.1625,61395,0,0.0
2023-06-21,APM Terminals,5,81.46000000000001,1.72,43987,0,0.0
2023-06-21,China Shipping,6,98.73333333333333,1.7333333333333334,44011,0,0.0
2023-06-21,Everport,5,86.06,2.02,47796,1,0.2
2023-06-21,TraPac,9,97.54444444444444,2.3,104671,0,0.0
2023-06-21,Yang Ming,7,94.27142857142857,1.942857142857143,71262,0,0.0
2023-06-22,APM Terminals,5,103.75999999999999,1.8199999999999998,36516,0,0.0
2023-06-22,China Shipping,12,91.39166666666667,2.766666666666667,151030,4,0.333
2023-06-22,Everport,11,94.2090909090909,1.8,85880,1,0.091
2023-06-22,TraPac,2,95.75,2.8,21478,0,0.0
2023-06-22,Yang Ming,7,97.7,1.8142857142857143,61805,3,0.429
2023-06-23,APM Terminals,6,82.66666666666667,2.3000000000000003,55805,0,0.0
2023-06-23,China Shipping,6,86.01666666666667,2.1,61100,1,0.167
2023-06-23,Everport,6,89.46666666666668,1.8999999999999997,53673,3,0.5
2023-06-23,TraPac,4,83.825,2.625,48646,1,0.25
2023-06-23,Yang Ming,2,67.65,1.9,17969,2,1.0
2023-06-24,APM Terminals,4,104.925,2.2,49204,0,0.0
2023-06-24,China Shipping,7,93.35714285714286,2.257142857142857,70679,2,0.286
2023-06-24,Everport,10,83.15,2.25,114223,1,0.1
2023-06-24,TraPac,4,102.5,1.85,39005,0,0.0
2023-06-24,Yang Ming,7,83.74285714285715,2.1714285714285713,59645,3,0.429
2023-06-25,APM Terminals,8,89.05,1.55,63094,2,0.25
2023-06-25,China Shipping,3,85.76666666666667,2.6666666666666665,41410,0,0.0
2023-06-25,Everport,4,103.675,1.575,32008,0,0.0
2023-06-25,TraPac,7,92.2,2.3000000000000003,80624,1,0.143
2023-06-25,Yang Ming,7,89.02857142857144,2.5142857142857147,91731,0,0.0
2023-06-26,APM Terminals,7,91.15714285714286,2.2285714285714286,72634,2,0.286
2023-06-26,China Shipping,12,90.78333333333335,2.25,141527,2,0.167
2023-06-26,Everport,9,91.36666666666666,1.8666666666666667,79399,1,0.111
2023-06-26,TraPac,7,99.08571428571429,1.9428571428571428,59821,1,0.143
2023-06-26,Yang Ming,5,94.44000000000001,2.02,36521,0,0.0
2023-06-27,APM Terminals,5,85.76,2.08,55942,0,0.0
2023-06-27,China Shipping,7,88.3,1.6428571428571428,38440,0,0.0
2023-06-27,Everport,10,82.44,1.9600000000000002,101759,1,0.1
2023-06-27,TraPac,1,91.9,1.8,11717,0,0.0
2023-06-27,Yang Ming,4,87.275,2.1,19808,0,0.0
2023-06-28,APM Terminals,7,88.45714285714287,1.657142857142857,50583,1,0.143
2023-06-28,China Shipping,3,99.93333333333334,1.9666666666666668,23852,2,0.667
2023-06-28,Everport,4,97.375,1.6,35312,0,0.0
2023-06-28,TraPac,10,92.77,2.0300000000000002,95039,4,0.4
2023-06-28,Yang Ming,3,103.39999999999999,1.8666666666666665,14837,1,0.333
2023-06-29,APM Terminals,6,93.85000000000001,2.466666666666667,74223,2,0.333
2023-06-29,China Shipping,2,77.75,1.9,16798,0,0.0
2023-06-29,Everport,8,93.5375,1.8375000000000001,64852,2,0.25
2023-06-29,TraPac,4,96.1,2.75,57458,1,0.25
2023-06-29,Yang Ming,5,92.4,2.12,41777,1,0.2
2023-06-30,APM Terminals,5,81.14,1.7600000000000002,36563,2,0.4
2023-06-30,China Shipping,6,92.48333333333333,1.9833333333333334,46270,3,0.5
2023-06-30,Everport,2,77.9,2.5999999999999996,32225,0,0.0
2023-06-30,TraPac,5,85.14,2.5,56343,1,0.2
2023-06-30,Yang Ming,7,101.74285714285715,2.542857142857143,92375,1,0.143
2023-07-01,APM Terminals,5,98.7,1.78,37074,1,0.2
2023-07-01,China Shipping,3,88.46666666666665,1.8999999999999997,28783,0,0.0
2023-07-01,Everport,7,90.5,1.7571428571428573,46617,2,0.286
2023-07-01,TraPac,7,98.94285714285715,1.9714285714285715,59873,1,0.143
2023-07-01,Yang Ming,6,90.7,2.183333333333333,70951,1,0.167
2023-07-02,APM Terminals,7,92.22857142857143,1.9428571428571428,64942,0,0.0
2023-07-02,China Shipping,5,92.78,2.02,58966,0,0.0
2023-07-02,Everport,5,84.6,1.8799999999999997,37699,0,0.0
2023-07-02,TraPac,5,80.24,2.16,33188,2,0.4
2023-07-02,Yang Ming,5,93.0,1.9,42161,2,0.4
2023-07-03,APM Terminals,4,88.025,2.625,54895,1,0.25
2023-07-03,China Shipping,5,90.96000000000001,1.58,33165,0,0.0
2023-07-03,Everport,4,90.575,1.85,35518,0,0.0
2023-07-03,TraPac,6,94.98333333333333,2.2333333333333334,48508,0,0.0
2023-07-03,Yang Ming,2,95.4,2.15,17762,0,0.0
2023-07-04,APM Terminals,6,90.64999999999999,1.95,41538,1,0.167
2023-07-04,China Shipping,8,93.35,2.0,80247,0,0.0
2023-07-04,Everport,4,100.6,2.15,39128,2,0.5
2023-07-04,TraPac,6,101.08333333333333,2.433333333333333,62593,2,0.333
2023-07-04,Yang Ming,5,83.02000000000001,1.52,37863,1,0.2
2023-07-05,APM Terminals,4,88.4,1.9,34689,2,0.5
2023-07-05,China Shipping,11,87.5909090909091,2.372727272727273,139813,0,0.0
2023-07-05,Everport,3,82.4,2.766666666666667,41001,1,0.333
2023-07-05,TraPac,4,90.2,2.25,48665,1,0.25
2023-07-05,Yang Ming,6,88.39999999999999,1.8166666666666667,57785,1,0.167
2023-07-06,APM Terminals,4,84.025,2.175,30605,3,0.75
2023-07-06,China Shipping,10,89.7,2.13,81699,4,0.4
2023-07-06,Everport,11,82.73636363636363,2.3454545454545457,141720,3,0.273
2023-07-06,TraPac,5,95.28,2.34,52425,1,0.2
2023-07-06,Yang Ming,5,91.44,2.2399999999999998,44629,2,0.4
2023-07-07,APM Terminals,9,94.55555555555556,2.411111111111111,112914,2,0.222
2023-07-07,China Shipping,5,86.38,2.32,62159,0,0.0
2023-07-07,Everport,5,86.92,1.92,28389,3,0.6
2023-07-07,TraPac,1,97.5,2.4,10761,0,0.0
2023-07-07,Yang Ming,7,88.41428571428571,2.4,84699,0,0.0
2023-07-08,APM Terminals,2,88.65,1.55,16513,0,0.0
2023-07-08,China Shipping,6,95.91666666666667,1.7666666666666666,47808,0,0.0
2023-07-08,Everport,7,87.64285714285714,1.9285714285714286,54164,1,0.143
2023-07-08,TraPac,4,91.275,1.9,36995,1,0.25
2023-07-08,Yang Ming,7,92.44285714285715,1.542857142857143,44633,0,0.0
2023-07-09,APM Terminals,3,98.16666666666667,2.0666666666666664,29865,1,0.333
2023-07-09,China Shipping,6,90.73333333333333,1.8999999999999997,59170,0,0.0
2023-07-09,Everport,4,97.525,2.025,35868,2,0.5
2023-07-09,TraPac,2,98.5,2.0,17621,0,0.0
2023-07-09,Yang Ming,5,89.66,2.1399999999999997,40994,0,0.0
2023-07-10,APM Terminals,5,95.06,1.6799999999999997,27249,0,0.0
2023-07-10,China Shipping,4,88.725,2.25,44741,0,0.0
2023-07-10,Everport,7,96.05714285714285,2.4714285714285715,90096,1,0.143
2023-07-10,TraPac,3,81.73333333333333,1.9000000000000001,27682,0,0.0
2023-07-10,Yang Ming,8,94.2625,1.425,45031,2,0.25
2023-07-11,APM Terminals,7,98.78571428571429,2.257142857142857,79194,0,0.0
2023-07-11,China Shipping,3,85.46666666666665,2.3333333333333335,33829,1,0.333
2023-07-11,Everport,5,97.44,1.9600000000000002,38879,0,0.0
2023-07-11,TraPac,3,86.83333333333333,2.4,28168,1,0.333
2023-07-11,Yang Ming,7,92.98571428571428,2.1999999999999997,71038,0,0.0
2023-07-12,APM Terminals,4,100.45,1.75,37087,1,0.25
2023-07-12,China Shipping,5,100.56,2.2800000000000002,45379,0,0.0
2023-07-12,Everport,5,88.4,2.3200000000000003,50383,0,0.0
2023-07-12,TraPac,2,81.65,1.85,14536,0,0.0
2023-07-12,Yang Ming,4,84.0,2.275,36247,0,0.0
2023-07-13,APM Terminals,11,92.16363636363636,2.0272727272727273,98930,3,0.273
2023-07-13,China Shipping,8,92.775,2.1875,91177,0,0.0
2023-07-13,Everport,10,88.86,2.09,89396,2,0.2
2023-07-13,TraPac,8,94.225,2.325,74740,1,0.125
2023-07-13,Yang Ming,10,88.95,2.1,97873,1,0.1
2023-07-14,APM Terminals,4,101.2,2.825,55448,1,0.25
2023-07-14,China Shipping,4,96.9,1.925,35557,1,0.25
2023-07-14,Everport,6,91.58333333333333,2.283333333333333,47854,0,0.0
2023-07-14,TraPac,5,96.34,1.72,45052,0,0.0
2023-07-14,Yang Ming,3,92.2,2.0,25560,0,0.0
2023-07-15,APM Terminals,4,88.675,2.0,38506,1,0.25
2023-07-15,China Shipping,7,95.92857142857143,2.1,72175,0,0.0
2023-07-15,Everport,6,80.45,2.0,45312,2,0.333
2023-07-15,TraPac,7,89.75714285714285,2.3857142857142857,83570,1,0.143
2023-07-15,Yang Ming,5,88.88,2.56,57091,2,0.4
2023-07-16,APM Terminals,4,96.35,2.175,34470,2,0.5
2023-07-16,China Shipping,8,89.275,2.4125,105817,0,0.0
2023-07-16,Everport,4,96.6,1.9,35860,2,0.5
2023-07-16,TraPac,4,89.675,2.175,41076,1,0.25
2023-07-16,Yang Ming,4,77.475,2.175,40273,0,0.0
2023-07-17,APM Terminals,4,82.8,1.5,22381,1,0.25
2023-07-17,China Shipping,7,96.18571428571428,2.7714285714285714,106365,2,0.286
2023-07-17,Everport,3,83.66666666666667,2.566666666666667,26473,1,0.333
2023-07-17,TraPac,6,85.13333333333334,1.7833333333333332,53700,0,0.0
2023-07-17,Yang Ming,3,93.60000000000001,2.6333333333333333,38076,0,0.0
2023-07-18,APM Terminals,3,103.03333333333335,1.8666666666666665,20976,0,0.0
2023-07-18,China Shipping,5,80.84,2.34,64953,0,0.0
2023-07-18,Everport,3,85.56666666666666,2.066666666666667,27906,0,0.0
2023-07-18,TraPac,7,86.01428571428572,1.957142857142857,66129,0,0.0
2023-07-18,Yang Ming,7,93.82857142857142,2.042857142857143,72103,0,0.0
2023-07-19,APM Terminals,7,98.42857142857143,2.0,63276,0,0.0
2023-07-19,China Shipping,5,90.12,2.52,63253,2,0.4
2023-07-19,Everport,10,93.17,2.05,95202,0,0.0
2023-07-19,TraPac,4,83.6,2.675,50098,1,0.25
2023-07-19,Yang Ming,9,93.19999999999999,1.9888888888888887,75999,2,0.222
2023-07-20,APM Terminals,4,97.1,2.475,52920,1,0.25
2023-07-20,China Shipping,10,88.75,2.4,106253,4,0.4
2023-07-20,Everport,5,91.16,1.7600000000000002,41468,0,0.0
2023-07-20,TraPac,8,83.0125,2.1625,83557,0,0.0
2023-07-20,Yang Ming,7,92.37142857142858,2.0285714285714285,74840,1,0.143
2023-07-21,APM Terminals,8,87.5125,1.9500000000000002,66266,0,0.0
2023-07-21,China Shipping,4,84.775,2.7,44281,0,0.0
2023-07-21,Everport,6,87.41666666666667,2.066666666666667,47683,2,0.333
2023-07-21,TraPac,3,72.76666666666667,1.9666666666666668,28879,0,0.0
2023-07-21,Yang Ming,5,78.28,2.7,70095,0,0.0
2023-07-22,APM Terminals,4,98.5,2.3,42079,0,0.0
2023-07-22,China Shipping,5,83.92,2.08,53558,1,0.2
2023-07-22,Everport,6,92.64999999999999,1.9833333333333334,51990,0,0.0
2023-07-22,TraPac,8,98.4625,2.2875,86519,1,0.125
2023-07-22,Yang Ming,6,96.53333333333335,1.8833333333333335,60211,1,0.167
2023-07-23,APM Terminals,8,82.375,2.5625,94515,4,0.5
2023-07-23,China Shipping,9,87.98888888888888,2.288888888888889,108897,0,0.0
2023-07-23,Everport,1,84.5,2.7,11407,1,1.0
2023-07-23,TraPac,6,84.14999999999999,2.15,54319,0,0.0
2023-07-23,Yang Ming,4,97.725,2.05,58907,0,0.0
2023-07-24,APM Terminals,11,86.23636363636363,2.018181818181818,105611,2,0.182
2023-07-24,China Shipping,11,93.08181818181818,2.118181818181818,113690,1,0.091
2023-07-24,Everport,7,97.08571428571427,2.085714285714286,68577,0,0.0
2023-07-24,TraPac,3,91.46666666666665,2.5,36845,1,0.333
2023-07-24,Yang Ming,5,91.82000000000001,2.08,44779,0,0.0
2023-07-25,APM Terminals,8,94.6375,2.025,84956,0,0.0
2023-07-25,China Shipping,5,81.47999999999999,2.68,55784,1,0.2
2023-07-25,Everport,7,82.41428571428571,2.0714285714285716,79793,0,0.0
2023-07-25,TraPac,7,90.52857142857144,2.3285714285714287,90172,2,0.286
2023-07-25,Yang Ming,3,72.36666666666666,2.1,35560,1,0.333
2023-07-26,APM Terminals,2,82.3,2.4000000000000004,22881,1,0.5
2023-07-26,China Shipping,4,93.25,2.125,48902,0,0.0
2023-07-26,Everport,7,98.78571428571429,1.957142857142857,67796,1,0.143
2023-07-26,TraPac,7,85.65714285714286,1.9000000000000001,75021,1,0.143
2023-07-26,Yang Ming,7,89.18571428571428,2.1714285714285713,67723,1,0.143
2023-07-27,APM Terminals,6,93.75,2.5833333333333335,73213,1,0.167
2023-07-27,China Shipping,8,84.3625,2.025,73296,1,0.125
2023-07-27,Everport,6,91.25,1.6833333333333333,40832,1,0.167
2023-07-27,TraPac,5,102.1,1.58,34048,1,0.2
2023-07-27,Yang Ming,2,119.45,2.0999999999999996,22542,0,0.0
2023-07-28,APM Terminals,7,91.58571428571429,1.9000000000000001,47624,3,0.429
2023-07-28,China Shipping,3,79.53333333333335,1.9666666666666668,15728,0,0.0
2023-07-28,Everport,4,82.175,2.425,44094,0,0.0
2023-07-28,TraPac,8,88.4,2.15,60962,2,0.25
2023-07-28,Yang Ming,5,83.56,1.44,28259,0,0.0
2023-07-29,APM Terminals,4,90.625,2.525,55517,0,0.0
2023-07-29,China Shipping,4,91.775,2.35,52732,1,0.25
2023-07-29,Everport,9,81.53333333333335,1.7777777777777777,54544,1,0.111
2023-07-29,TraPac,8,97.2375,1.95,64438,2,0.25
2023-07-29,Yang Ming,1,100.4,2.1,2414,0,0.0
2023-07-30,APM Terminals,7,100.11428571428571,2.042857142857143,70239,2,0.286
2023-07-30,China Shipping,6,92.81666666666666,2.3000000000000003,76139,0,0.0
2023-07-30,Everport,6,79.38333333333334,2.05,52922,0,0.0
2023-07-30,TraPac,3,88.89999999999999,1.9666666666666668,29086,0,0.0
2023-07-30,Yang Ming,5,91.58,2.2399999999999998,44860,0,0.0
2023-07-31,APM Terminals,8,87.775,2.0125,85074,2,0.25
2023-07-31,China Shipping,9,95.30000000000001,2.1222222222222222,90338,1,0.111
2023-07-31,Everport,6,89.96666666666665,2.0833333333333335,50914,0,0.0
2023-07-31,TraPac,3,112.36666666666667,2.433333333333333,34113,2,0.667
2023-07-31,Yang Ming,4,91.5,2.875,56715,1,0.25
2023-08-01,APM Terminals,6,119.06666666666666,1.9333333333333333,58093,3,0.5
2023-08-01,China Shipping,7,120.31428571428572,1.8571428571428572,49827,1,0.143
2023-08-01,Everport,3,122.46666666666665,2.466666666666667,40219,1,0.333
2023-08-01,TraPac,5,121.02000000000001,2.2,36230,1,0.2
2023-08-01,Yang Ming,12,119.425,2.3583333333333334,142678,3,0.25
2023-08-02,APM Terminals,4,119.725,2.35,51517,0,0.0
2023-08-02,China Shipping,7,127.52857142857144,2.257142857142857,66187,1,0.143
2023-08-02,Everport,3,118.73333333333333,2.0666666666666664,32362,1,0.333
2023-08-02,TraPac,8,109.8875,1.8125,55158,1,0.125
2023-08-02,Yang Ming,7,113.28571428571429,1.7714285714285716,52592,2,0.286
2023-08-03,APM Terminals,7,112.98571428571428,2.185714285714286,72687,0,0.0
2023-08-03,China Shipping,12,121.14999999999999,1.9749999999999999,79011,2,0.167
2023-08-03,Everport,6,123.39999999999999,1.9000000000000001,47558,1,0.167
2023-08-03,TraPac,6,106.60000000000001,1.9500000000000002,59541,1,0.167
2023-08-03,Yang Ming,7,125.48571428571428,1.8571428571428572,53771,5,0.714
2023-08-04,APM Terminals,8,128.925,2.0625,89909,0,0.0
2023-08-04,China Shipping,6,100.53333333333335,2.0833333333333335,47820,1,0.167
2023-08-04,Everport,7,107.82857142857142,2.2,61200,0,0.0
2023-08-04,TraPac,4,114.65,1.825,22366,2,0.5
2023-08-04,Yang Ming,4,128.1,2.375,53141,1,0.25
2023-08-05,APM Terminals,7,120.27142857142857,1.8714285714285714,48809,2,0.286
2023-08-05,China Shipping,3,109.8,2.1666666666666665,28281,0,0.0
2023-08-05,Everport,12,114.68333333333334,1.9916666666666665,78158,4,0.333
2023-08-05,TraPac,9,130.95555555555555,2.466666666666667,109738,3,0.333
2023-08-05,Yang Ming,5,118.44000000000001,1.6199999999999999,44478,2,0.4
2023-08-06,APM Terminals,5,120.75999999999999,2.1,54719,1,0.2
2023-08-06,China Shipping,6,115.03333333333335,2.2333333333333334,59626,1,0.167
2023-08-06,Everport,7,125.87142857142858,1.8571428571428572,69695,1,0.143
2023-08-06,TraPac,7,110.61428571428571,2.4714285714285715,78274,1,0.143
2023-08-06,Yang Ming,7,112.29999999999998,1.8571428571428572,68748,1,0.143
2023-08-07,APM Terminals,3,135.6,1.9000000000000001,30603,0,0.0
2023-08-07,China Shipping,5,117.8,1.86,42357,1,0.2
2023-08-07,Everport,3,120.3,1.9666666666666668,23068,1,0.333
2023-08-07,TraPac,8,115.2625,1.6,68380,3,0.375
2023-08-07,Yang Ming,6,113.26666666666665,1.5666666666666667,39527,0,0.0
2023-08-08,APM Terminals,5,114.28,2.12,42463,1,0.2
2023-08-08,China Shipping,9,113.35555555555555,2.0444444444444443,83149,1,0.111
2023-08-08,Everport,7,103.21428571428571,2.042857142857143,64924,2,0.286
2023-08-08,TraPac,8,113.7,1.9125,81193,3,0.375
2023-08-08,Yang Ming,3,108.16666666666667,1.7,24144,0,0.0
2023-08-09,APM Terminals,3,118.76666666666667,1.8,29251,1,0.333
2023-08-09,China Shipping,8,117.4375,1.975,58472,1,0.125
2023-08-09,Everport,5,107.78,1.6199999999999999,44422,1,0.2
2023-08-09,TraPac,10,116.8,2.08,88403,4,0.4
2023-08-09,Yang Ming,10,113.12,1.9,77122,3,0.3
2023-08-10,APM Terminals,8,123.025,2.2375,59490,4,0.5
2023-08-10,China Shipping,5,106.17999999999999,2.2,50266,1,0.2
2023-08-10,Everport,6,117.39999999999999,1.9666666666666668,45096,3,0.5
2023-08-10,TraPac,5,121.8,2.2600000000000002,66661,0,0.0
2023-08-10,Yang Ming,11,121.24545454545455,2.0,111252,1,0.091
2023-08-11,APM Terminals,6,113.0,2.2333333333333334,72714,1,0.167
2023-08-11,China Shipping,5,122.62,1.8199999999999998,36799,2,0.4
2023-08-11,Everport,4,123.32499999999999,2.025,47852,1,0.25
2023-08-11,TraPac,5,114.96,2.48,48927,0,0.0
2023-08-11,Yang Ming,3,118.73333333333333,2.1,31658,0,0.0
2023-08-12,APM Terminals,6,117.46666666666668,2.6333333333333333,77854,1,0.167
2023-08-12,China Shipping,7,111.77142857142857,2.3428571428571425,77762,1,0.143
2023-08-12,Everport,2,111.3,2.2,18207,0,0.0
2023-08-12,TraPac,5,112.3,1.6800000000000002,43566,3,0.6
2023-08-12,Yang Ming,8,116.5875,1.7,51131,1,0.125
2023-08-13,APM Terminals,5,120.97999999999999,1.9,37615,0,0.0
2023-08-13,China Shipping,7,124.41428571428571,2.457142857142857,80997,2,0.286
2023-08-13,Everport,6,106.3,2.1,56809,2,0.333
2023-08-13,TraPac,3,124.36666666666667,2.6,33245,1,0.333
2023-08-13,Yang Ming,7,123.55714285714285,2.1714285714285713,65280,1,0.143
2023-08-14,APM Terminals,5,111.47999999999999,2.3600000000000003,57894,1,0.2
2023-08-14,China Shipping,5,109.0,2.2600000000000002,55760,1,0.2
2023-08-14,Everport,4,106.6,2.275,52444,1,0.25
2023-08-14,TraPac,3,120.63333333333333,2.066666666666667,23879,0,0.0
2023-08-14,Yang Ming,5,118.68000000000002,2.2399999999999998,58641,0,0.0
2023-08-15,APM Terminals,4,97.275,2.25,24674,1,0.25
2023-08-15,China Shipping,9,111.54444444444444,1.8777777777777775,86218,1,0.111
2023-08-15,Everport,5,112.56000000000002,2.3600000000000003,51281,2,0.4
2023-08-15,TraPac,7,118.78571428571429,2.242857142857143,64426,3,0.429
2023-08-15,Yang Ming,5,112.5,2.3,49447,0,0.0
2023-08-16,APM Terminals,5,115.12,2.6399999999999997,59866,0,0.0
2023-08-16,China Shipping,3,118.16666666666667,2.466666666666667,39854,0,0.0
2023-08-16,Everport,5,118.38,2.18,61289,1,0.2
2023-08-16,TraPac,3,105.8,1.9666666666666668,36987,1,0.333
2023-08-16,Yang Ming,7,117.98571428571428,2.2285714285714286,63010,1,0.143
2023-08-17,APM Terminals,6,119.68333333333334,2.066666666666667,57632,2,0.333
2023-08-17,China Shipping,4,107.8,2.15,54636,0,0.0
2023-08-17,Everport,5,127.24000000000001,1.9600000000000002,39751,2,0.4
2023-08-17,TraPac,7,112.94285714285715,2.3857142857142857,90228,1,0.143
2023-08-17,Yang Ming,6,111.33333333333333,1.8666666666666665,51657,1,0.167
2023-08-18,APM Terminals,3,131.36666666666667,2.6999999999999997,43486,3,1.0
2023-08-18,China Shipping,8,121.925,2.2125,73786,1,0.125
2023-08-18,Everport,7,121.42857142857143,2.314285714285714,79180,1,0.143
2023-08-18,TraPac,5,111.2,2.2399999999999998,60525,1,0.2
2023-08-18,Yang Ming,5,110.64000000000001,1.92,38925,1,0.2
2023-08-19,APM Terminals,7,115.24285714285715,2.3285714285714287,73762,3,0.429
2023-08-19,China Shipping,6,114.55,2.1666666666666665,57753,1,0.167
2023-08-19,Everport,2,118.4,2.45,26389,0,0.0
2023-08-19,TraPac,9,114.28888888888888,1.9444444444444444,83751,1,0.111
2023-08-19,Yang Ming,6,125.76666666666667,1.8333333333333333,44446,0,0.0
2023-08-20,APM Terminals,7,107.8,2.185714285714286,78568,2,0.286
2023-08-20,China Shipping,7,118.5,1.4857142857142858,50115,1,0.143
2023-08-20,Everport,2,127.85,2.9,27475,1,0.5
2023-08-20,TraPac,5,112.78,2.62,75899,1,0.2
2023-08-20,Yang Ming,8,111.9625,2.5125,95957,0,0.0
2023-08-21,APM Terminals,7,113.18571428571428,2.2,71709,2,0.286
2023-08-21,China Shipping,8,122.3125,2.3375,95098,1,0.125
2023-08-21,Everport,7,120.3,2.1,77318,2,0.286
2023-08-21,TraPac,5,109.17999999999999,1.94,32132,1,0.2
2023-08-21,Yang Ming,6,123.89999999999999,1.9833333333333332,44562,0,0.0
2023-08-22,APM Terminals,9,112.02222222222223,2.0777777777777775,97779,4,0.444
2023-08-22,China Shipping,3,116.53333333333335,2.3333333333333335,33129,0,0.0
2023-08-22,Everport,7,125.05714285714285,2.4857142857142853,87814,0,0.0
2023-08-22,TraPac,5,118.7,2.08,58947,1,0.2
2023-08-22,Yang Ming,10,117.12,2.2800000000000002,111824,1,0.1
2023-08-23,APM Terminals,8,121.1375,2.35,87991,1,0.125
2023-08-23,China Shipping,7,119.0,2.1714285714285713,56071,1,0.143
2023-08-23,Everport,8,121.15,2.6,93481,0,0.0
2023-08-23,TraPac,5,119.52000000000001,2.16,49800,1,0.2
2023-08-23,Yang Ming,10,111.45,1.9899999999999998,81865,3,0.3
2023-08-24,APM Terminals,5,111.5,2.12,46159,0,0.0
2023-08-24,China Shipping,6,117.48333333333333,2.1,54453,3,0.5
2023-08-24,Everport,5,106.72,2.02,47581,1,0.2
2023-08-24,TraPac,3,117.96666666666665,2.1,24007,0,0.0
2023-08-24,Yang Ming,5,118.62,2.56,56135,0,0.0
2023-08-25,APM Terminals,11,120.57272727272726,1.781818181818182,94015,0,0.0
2023-08-25,China Shipping,4,125.85,2.25,43946,1,0.25
2023-08-25,Everport,5,114.66,2.58,71010,0,0.0
2023-08-25,TraPac,9,108.88888888888889,2.177777777777778,88402,0,0.0
2023-08-25,Yang Ming,8,111.25,1.5875,60037,1,0.125
2023-08-26,APM Terminals,6,101.73333333333333,1.8666666666666665,52695,1,0.167
2023-08-26,China Shipping,8,124.35,2.3,84435,1,0.125
2023-08-26,Everport,6,113.03333333333335,2.1166666666666667,64268,2,0.333
2023-08-26,TraPac,6,113.08333333333333,1.8166666666666667,44088,1,0.167
2023-08-26,Yang Ming,6,122.83333333333333,1.9833333333333332,53337,1,0.167
2023-08-27,APM Terminals,7,120.65714285714286,1.957142857142857,59466,0,0.0
2023-08-27,China Shipping,9,116.54444444444445,2.3555555555555556,110187,2,0.222
2023-08-27,Everport,9,118.04444444444445,2.0555555555555554,89551,0,0.0
2023-08-27,TraPac,7,121.44285714285715,1.8571428571428572,67635,2,0.286
2023-08-27,Yang Ming,5,125.14000000000001,1.7,29066,1,0.2
2023-08-28,APM Terminals,4,129.20000000000002,2.45,53084,1,0.25
2023-08-28,China Shipping,5,119.55999999999999,2.02,33308,0,0.0
2023-08-28,Everport,3,116.86666666666667,2.8333333333333335,41704,1,0.333
2023-08-28,TraPac,5,122.08,1.7399999999999998,34868,0,0.0
2023-08-28,Yang Ming,6,127.35000000000001,2.1166666666666667,55808,1,0.167
2023-08-29,APM Terminals,3,128.26666666666665,2.033333333333333,27809,1,0.333
2023-08-29,China Shipping,7,120.32857142857142,2.242857142857143,83340,2,0.286
2023-08-29,Everport,7,107.81428571428572,2.185714285714286,74957,2,0.286
2023-08-29,TraPac,5,124.61999999999998,1.9200000000000004,47644,0,0.0
2023-08-29,Yang Ming,9,110.69999999999999,2.011111111111111,98382,1,0.111
2023-08-30,APM Terminals,7,111.62857142857142,2.2285714285714286,62439,3,0.429
2023-08-30,China Shipping,7,118.67142857142858,2.242857142857143,82013,4,0.571
2023-08-30,Everport,7,114.81428571428572,2.242857142857143,91925,0,0.0
2023-08-30,TraPac,7,120.55714285714285,2.0285714285714285,64748,0,0.0
2023-08-30,Yang Ming,4,112.225,2.125,45817,1,0.25
2023-08-31,APM Terminals,9,116.0,2.488888888888889,94047,2,0.222
2023-08-31,China Shipping,7,125.27142857142857,1.8285714285714287,66935,1,0.143
2023-08-31,Everport,9,107.51111111111112,2.2555555555555555,96680,2,0.222
2023-08-31,TraPac,8,115.4875,2.2625,85416,0,0.0
2023-08-31,Yang Ming,3,134.20000000000002,2.9333333333333336,43599,0,0.0
2023-09-01,APM Terminals,3,128.66666666666666,2.533333333333333,32746,1,0.333
2023-09-01,China Shipping,4,127.10000000000001,2.3,51362,1,0.25
2023-09-01,Everport,8,108.875,2.3,90500,0,0.0
2023-09-01,TraPac,6,115.53333333333332,2.316666666666667,61188,1,0.167
2023-09-01,Yang Ming,3,95.23333333333333,2.466666666666667,38331,2,0.667
2023-09-02,APM Terminals,5,124.56000000000002,2.18,54716,2,0.4
2023-09-02,China Shipping,5,105.62,1.92,56161,2,0.4
2023-09-02,Everport,5,118.05999999999999,2.1,56153,1,0.2
2023-09-02,TraPac,6,121.0,1.8333333333333333,51114,3,0.5
2023-09-02,Yang Ming,3,122.2,2.0,33383,0,0.0
2023-09-03,APM Terminals,3,124.66666666666667,1.9333333333333333,24367,1,0.333
2023-09-03,China Shipping,2,99.44999999999999,2.05,26882,0,0.0
2023-09-03,Everport,9,109.42222222222222,2.4222222222222225,104333,0,0.0
2023-09-03,TraPac,9,112.96666666666667,2.111111111111111,82175,1,0.111
2023-09-03,Yang Ming,6,127.18333333333334,2.0500000000000003,49858,2,0.333
2023-09-04,APM Terminals,6,123.46666666666665,2.1666666666666665,67671,0,0.0
2023-09-04,China Shipping,9,113.71111111111111,2.066666666666667,87323,0,0.0
2023-09-04,Everport,4,124.325,1.55,31871,2,0.5
2023-09-04,TraPac,5,118.7,2.3,60220,1,0.2
2023-09-04,Yang Ming,8,129.7875,2.375,97760,3,0.375
2023-09-05,APM Terminals,5,106.62,1.94,58944,1,0.2
2023-09-05,China Shipping,6,106.5,2.8833333333333333,84801,1,0.167
2023-09-05,Everport,9,115.6888888888889,2.2333333333333334,100331,1,0.111
2023-09-05,TraPac,9,128.14444444444445,2.1666666666666665,90091,2,0.222
2023-09-05,Yang Ming,4,118.17500000000001,1.7750000000000001,36277,0,0.0
2023-09-06,APM Terminals,4,119.02499999999999,1.725,35005,0,0.0
2023-09-06,China Shipping,5,114.41999999999999,2.6,52293,1,0.2
2023-09-06,Everport,8,124.4125,2.15,78372,1,0.125
2023-09-06,TraPac,9,115.85555555555555,2.1222222222222222,101191,2,0.222
2023-09-06,Yang Ming,3,118.46666666666665,2.3000000000000003,33892,1,0.333
2023-09-07,APM Terminals,8,125.2375,1.975,64242,1,0.125
2023-09-07,China Shipping,5,123.72,2.2199999999999998,52833,1,0.2
2023-09-07,Everport,6,117.46666666666665,2.35,70194,0,0.0
2023-09-07,TraPac,8,110.21249999999999,1.8,63803,0,0.0
2023-09-07,Yang Ming,8,116.5875,1.8375,58957,2,0.25
2023-09-08,APM Terminals,5,119.2,2.16,49176,1,0.2
2023-09-08,China Shipping,6,115.11666666666667,2.2333333333333334,73591,1,0.167
2023-09-08,Everport,6,111.36666666666667,2.1166666666666667,62369,1,0.167
2023-09-08,TraPac,9,117.63333333333334,2.111111111111111,90095,2,0.222
2023-09-08,Yang Ming,4,114.025,2.375,54943,1,0.25
2023-09-09,APM Terminals,4,116.0,2.475,52750,0,0.0
2023-09-09,China Shipping,4,122.675,2.0,27279,0,0.0
2023-09-09,Everport,11,122.82727272727271,2.127272727272727,107401,2,0.182
2023-09-09,TraPac,5,116.74000000000001,2.2399999999999998,60640,0,0.0
2023-09-09,Yang Ming,8,120.75,2.2625,94351,2,0.25
2023-09-10,APM Terminals,5,111.16,2.44,56287,0,0.0
2023-09-10,China Shipping,7,112.60000000000001,2.257142857142857,73802,1,0.143
2023-09-10,Everport,7,118.32857142857142,2.1285714285714286,57057,2,0.286
2023-09-10,TraPac,6,126.58333333333333,2.2666666666666666,77728,1,0.167
2023-09-10,Yang Ming,6,113.88333333333333,1.6333333333333335,47748,1,0.167
2023-09-11,APM Terminals,8,127.825,1.4500000000000002,48694,2,0.25
2023-09-11,China Shipping,8,114.7125,1.9,80341,1,0.125
2023-09-11,Everport,5,114.22,2.46,53985,0,0.0
2023-09-11,TraPac,9,126.73333333333335,1.7222222222222223,77836,3,0.333
2023-09-11,Yang Ming,7,114.87142857142858,1.7142857142857142,49596,0,0.0
2023-09-12,APM Terminals,3,104.83333333333333,2.266666666666667,33759,0,0.0
2023-09-12,China Shipping,8,118.1125,2.1125,82866,0,0.0
2023-09-12,Everport,9,108.52222222222221,2.1444444444444444,101564,2,0.222
2023-09-12,TraPac,5,110.54,2.56,60630,2,0.4
2023-09-12,Yang Ming,7,126.3,2.1,72822,3,0.429
2023-09-13,APM Terminals,5,127.38,2.2,63539,0,0.0
2023-09-13,China Shipping,7,117.72857142857143,2.185714285714286,69496,1,0.143
2023-09-13,Everport,4,129.625,2.125,36137,0,0.0
2023-09-13,TraPac,5,102.3,2.2600000000000002,60961,1,0.2
2023-09-13,Yang Ming,3,110.39999999999999,2.033333333333333,21773,0,0.0
2023-09-14,APM Terminals,5,117.84,2.38,52236,1,0.2
2023-09-14,China Shipping,7,117.22857142857143,2.0142857142857142,71225,1,0.143
2023-09-14,Everport,6,111.36666666666666,1.75,51158,0,0.0
2023-09-14,TraPac,2,138.64999999999998,1.5,14017,0,0.0
2023-09-14,Yang Ming,7,109.74285714285715,2.2857142857142856,66769,0,0.0
2023-09-15,APM Terminals,2,123.4,2.6500000000000004,23130,0,0.0
2023-09-15,China Shipping,6,117.60000000000001,1.8499999999999999,52299,1,0.167
2023-09-15,Everport,8,116.9125,2.1,71373,2,0.25
2023-09-15,TraPac,14,112.96428571428571,1.907142857142857,104764,5,0.357
2023-09-15,Yang Ming,11,109.33636363636364,2.3181818181818183,123261,1,0.091
2023-09-16,APM Terminals,8,119.5375,2.15,74471,0,0.0
2023-09-16,China Shipping,1,126.6,2.2,7251,0,0.0
2023-09-16,Everport,6,124.45,2.2333333333333334,69140,1,0.167
2023-09-16,TraPac,7,127.17142857142858,1.7857142857142858,57427,1,0.143
2023-09-16,Yang Ming,5,116.25999999999999,2.58,46143,0,0.0
2023-09-17,APM Terminals,7,122.34285714285714,2.314285714285714,81018,0,0.0
2023-09-17,China Shipping,9,110.01111111111112,2.2444444444444445,98247,2,0.222
2023-09-17,Everport,6,124.60000000000001,2.266666666666667,80996,2,0.333
2023-09-17,TraPac,4,138.475,1.975,39089,0,0.0
2023-09-17,Yang Ming,7,122.37142857142858,2.5714285714285716,95856,2,0.286
2023-09-18,APM Terminals,4,128.425,1.775,35443,0,0.0
2023-09-18,China Shipping,7,111.34285714285714,2.1142857142857143,71345,0,0.0
2023-09-18,Everport,7,112.01428571428572,2.242857142857143,60933,1,0.143
2023-09-18,TraPac,5,117.54,3.0,76408,2,0.4
2023-09-18,Yang Ming,10,117.1,2.3899999999999997,119794,1,0.1
2023-09-19,APM Terminals,5,99.38,2.58,67742,0,0.0
2023-09-19,China Shipping,5,119.1,1.92,49320,2,0.4
2023-09-19,Everport,8,120.975,2.3875,82796,1,0.125
2023-09-19,TraPac,5,120.3,2.12,53128,0,0.0
2023-09-19,Yang Ming,11,116.80909090909091,1.7545454545454546,73339,0,0.0
2023-09-20,APM Terminals,11,122.6,2.3363636363636364,118804,1,0.091
2023-09-20,China Shipping,11,122.12727272727274,1.9454545454545453,112123,2,0.182
2023-09-20,Everport,10,121.94000000000001,1.98,83701,2,0.2
2023-09-20,TraPac,5,120.1,1.6,36374,1,0.2
2023-09-20,Yang Ming,8,123.0125,2.0375,64295,3,0.375
2023-09-21,APM Terminals,11,112.91818181818181,1.9909090909090907,108220,1,0.091
2023-09-21,China Shipping,9,113.88888888888889,2.211111111111111,72287,2,0.222
2023-09-21,Everport,9,110.6888888888889,2.0777777777777775,76671,2,0.222
2023-09-21,TraPac,11,118.03636363636365,2.109090909090909,106222,2,0.182
2023-09-21,Yang Ming,8,114.6625,2.375,83761,3,0.375
2023-09-22,APM Terminals,8,116.0125,2.4375,99416,0,0.0
2023-09-22,China Shipping,6,120.83333333333333,2.1999999999999997,63268,1,0.167
2023-09-22,Everport,7,113.32857142857142,2.1714285714285717,68876,1,0.143
2023-09-22,TraPac,6,109.71666666666665,2.0333333333333337,50642,0,0.0
2023-09-22,Yang Ming,4,120.65,2.125,42773,0,0.0
2023-09-23,APM Terminals,6,115.56666666666666,2.3333333333333335,58708,1,0.167
2023-09-23,China Shipping,5,121.22,1.8399999999999999,58611,0,0.0
2023-09-23,Everport,6,115.18333333333334,2.0833333333333335,42971,0,0.0
2023-09-23,TraPac,1,104.3,1.9,6772,0,0.0
2023-09-23,Yang Ming,4,114.75,2.35,55594,1,0.25
2023-09-24,APM Terminals,11,119.56363636363636,2.1,126509,3,0.273
2023-09-24,China Shipping,3,130.4333333333333,2.033333333333333,28422,0,0.0
2023-09-24,Everport,5,105.94000000000001,1.9,27494,1,0.2
2023-09-24,TraPac,8,113.2625,1.6625,51800,1,0.125
2023-09-24,Yang Ming,8,111.1625,2.1624999999999996,80721,1,0.125
2023-09-25,APM Terminals,3,112.5,2.1666666666666665,23759,0,0.0
2023-09-25,China Shipping,7,117.48571428571428,2.257142857142857,64546,0,0.0
2023-09-25,Everport,7,117.61428571428571,1.7571428571428573,40732,2,0.286
2023-09-25,TraPac,4,117.5,2.475,48631,2,0.5
2023-09-25,Yang Ming,10,119.78,2.3600000000000003,117899,2,0.2
2023-09-26,APM Terminals,6,111.45,1.7666666666666666,40448,2,0.333
2023-09-26,China Shipping,6,116.01666666666667,1.9666666666666666,57029,1,0.167
2023-09-26,Everport,4,112.95,2.025,27613,1,0.25
2023-09-26,TraPac,5,115.4,2.04,37191,1,0.2
2023-09-26,Yang Ming,2,122.55,2.25,21735,0,0.0
2023-09-27,APM Terminals,5,117.94000000000001,2.2199999999999998,46842,1,0.2
2023-09-27,China Shipping,4,122.65,1.975,31085,0,0.0
2023-09-27,Everport,12,115.25,1.9916666666666665,122807,1,0.083
2023-09-27,TraPac,2,116.95,2.0,19777,0,0.0
2023-09-27,Yang Ming,7,120.18571428571428,2.2,55699,3,0.429
2023-09-28,APM Terminals,10,116.35,1.9600000000000002,97721,1,0.1
2023-09-28,China Shipping,4,106.7,2.175,50317,0,0.0
2023-09-28,Everport,10,116.1,1.77,79479,4,0.4
2023-09-28,TraPac,6,123.2,1.7,49501,1,0.167
2023-09-28,Yang Ming,4,127.05,2.125,37299,1,0.25
2023-09-29,APM Terminals,5,119.05999999999999,2.2,52258,3,0.6
2023-09-29,China Shipping,8,115.4625,2.425,86615,2,0.25
2023-09-29,Everport,4,116.6,1.7,22194,1,0.25
2023-09-29,TraPac,5,106.14000000000001,1.6400000000000001,22373,1,0.2
2023-09-29,Yang Ming,7,116.77142857142857,2.5142857142857147,77272,3,0.429
2023-09-30,APM Terminals,7,115.17142857142858,2.257142857142857,77339,1,0.143
2023-09-30,China Shipping,5,112.75999999999999,2.12,52765,0,0.0
2023-09-30,Everport,8,124.4,1.9875,55118,1,0.125
2023-09-30,TraPac,8,115.5125,2.05,81552,2,0.25
2023-09-30,Yang Ming,3,116.5,2.9,39146,1,0.333
2023-10-01,APM Terminals,10,118.04,2.38,125610,1,0.1
2023-10-01,China Shipping,6,111.33333333333333,1.8166666666666667,48021,0,0.0
2023-10-01,Everport,7,121.5,1.7714285714285716,74970,1,0.143
2023-10-01,TraPac,5,119.1,2.3,55411,2,0.4
2023-10-01,Yang Ming,2,99.3,3.15,26585,0,0.0
2023-10-02,APM Terminals,10,110.5,2.04,98124,1,0.1
2023-10-02,China Shipping,7,114.24285714285715,2.5285714285714285,78324,0,0.0
2023-10-02,Everport,5,129.14000000000001,2.4,42656,1,0.2
2023-10-02,TraPac,5,123.55999999999999,2.2399999999999998,42611,0,0.0
2023-10-02,Yang Ming,8,117.925,1.9749999999999999,61587,1,0.125
2023-10-03,APM Terminals,6,110.64999999999999,1.6333333333333335,45838,1,0.167
2023-10-03,China Shipping,8,114.4125,2.325,70618,2,0.25
2023-10-03,Everport,2,111.0,1.5,12552,0,0.0
2023-10-03,TraPac,6,121.63333333333333,2.1666666666666665,67755,0,0.0
2023-10-03,Yang Ming,10,115.1,2.21,96347,0,0.0
2023-10-04,APM Terminals,5,107.46,2.34,55776,2,0.4
2023-10-04,China Shipping,6,120.88333333333333,1.8499999999999999,51865,2,0.333
2023-10-04,Everport,6,117.14999999999999,1.9333333333333336,57270,2,0.333
2023-10-04,TraPac,3,116.56666666666666,1.8,18657,0,0.0
2023-10-04,Yang Ming,6,115.31666666666666,2.1,70741,0,0.0
2023-10-05,APM Terminals,4,114.525,1.725,30383,1,0.25
2023-10-05,China Shipping,1,137.3,2.9,11337,0,0.0
2023-10-05,Everport,5,117.4,1.46,30415,0,0.0
2023-10-05,TraPac,5,122.35999999999999,2.02,50042,2,0.4
2023-10-05,Yang Ming,8,116.6,2.0375,73990,3,0.375
2023-10-06,APM Terminals,7,117.88571428571427,1.9142857142857144,43610,2,0.286
2023-10-06,China Shipping,5,126.2,2.1,39807,0,0.0
2023-10-06,Everport,3,123.13333333333333,2.3000000000000003,31317,0,0.0
2023-10-06,TraPac,6,109.65000000000002,2.1166666666666667,61773,1,0.167
2023-10-06,Yang Ming,7,109.62857142857142,1.8857142857142857,62601,1,0.143
2023-10-07,APM Terminals,6,120.88333333333333,2.216666666666667,62021,2,0.333
2023-10-07,China Shipping,4,117.875,1.9,32361,1,0.25
2023-10-07,Everport,7,110.31428571428572,2.0,61596,2,0.286
2023-10-07,TraPac,7,117.58571428571429,2.2142857142857144,59574,1,0.143
2023-10-07,Yang Ming,3,130.43333333333334,2.466666666666667,34175,0,0.0
2023-10-08,APM Terminals,8,119.15,2.0375,71487,1,0.125
2023-10-08,China Shipping,4,129.4,2.575,47188,0,0.0
2023-10-08,Everport,5,119.16,2.2,50500,1,0.2
2023-10-08,TraPac,8,114.425,2.6125,106721,1,0.125
2023-10-08,Yang Ming,6,116.85000000000001,2.3833333333333333,61722,1,0.167
2023-10-09,APM Terminals,1,134.3,1.3,6257,0,0.0
2023-10-09,China Shipping,6,109.05,1.9666666666666668,47852,1,0.167
2023-10-09,Everport,3,128.16666666666666,2.1666666666666665,38325,1,0.333
2023-10-09,TraPac,5,130.88,2.46,58882,1,0.2
2023-10-09,Yang Ming,3,114.39999999999999,2.033333333333333,26816,1,0.333
2023-10-10,APM Terminals,6,122.76666666666667,2.0500000000000003,51697,1,0.167
2023-10-10,China Shipping,8,113.6625,2.1875,84726,1,0.125
2023-10-10,Everport,3,106.73333333333333,2.0333333333333337,35023,0,0.0
2023-10-10,TraPac,7,103.92857142857143,1.957142857142857,64227,0,0.0
2023-10-10,Yang Ming,4,120.15,2.2750000000000004,37357,0,0.0
2023-10-11,APM Terminals,4,112.125,2.05,39433,2,0.5
2023-10-11,China Shipping,6,110.61666666666667,2.1333333333333333,57690,1,0.167
2023-10-11,Everport,7,113.14285714285714,2.1571428571428575,76693,2,0.286
2023-10-11,TraPac,12,125.89166666666667,2.1999999999999997,125992,5,0.417
2023-10-11,Yang Ming,7,112.97142857142856,1.6285714285714286,45315,1,0.143
2023-10-12,APM Terminals,8,108.45,2.15,76194,2,0.25
2023-10-12,China Shipping,6,115.31666666666666,1.9666666666666668,71108,1,0.167
2023-10-12,Everport,3,118.16666666666667,2.3666666666666667,30833,0,0.0
2023-10-12,TraPac,5,115.66,2.2600000000000002,49802,1,0.2
2023-10-12,Yang Ming,6,115.05,2.3333333333333335,63592,1,0.167
2023-10-13,APM Terminals,6,117.23333333333333,2.6333333333333333,69018,2,0.333
2023-10-13,China Shipping,6,122.75,2.1833333333333336,59343,1,0.167
2023-10-13,Everport,5,115.17999999999999,2.0,53604,0,0.0
2023-10-13,TraPac,2,129.35,2.3,25930,1,0.5
2023-10-13,Yang Ming,6,111.60000000000001,2.3333333333333335,57260,2,0.333
2023-10-14,APM Terminals,6,120.66666666666667,2.0833333333333335,67243,2,0.333
2023-10-14,China Shipping,9,119.22222222222223,2.1555555555555554,90961,4,0.444
2023-10-14,Everport,4,113.45,2.3,28551,0,0.0
2023-10-14,TraPac,14,119.3,2.0214285714285714,126526,0,0.0
2023-10-14,Yang Ming,3,103.0,1.8,28465,0,0.0
2023-10-15,APM Terminals,9,116.10000000000001,2.1888888888888887,97896,2,0.222
2023-10-15,China Shipping,10,117.80999999999999,2.3600000000000003,123196,2,0.2
2023-10-15,Everport,3,104.63333333333333,2.2666666666666666,26975,0,0.0
2023-10-15,TraPac,4,110.65,2.25,42508,1,0.25
2023-10-15,Yang Ming,4,116.525,2.625,55834,1,0.25
2023-10-16,APM Terminals,6,131.51666666666668,2.1999999999999997,67070,2,0.333
2023-10-16,China Shipping,1,84.6,2.6,16890,0,0.0
2023-10-16,Everport,8,115.3125,2.175,80045,1,0.125
2023-10-16,TraPac,6,123.31666666666666,2.25,65775,1,0.167
2023-10-16,Yang Ming,6,108.3,2.1333333333333333,61640,2,0.333
2023-10-17,APM Terminals,5,129.71999999999997,1.78,33366,3,0.6
2023-10-17,China Shipping,9,122.71111111111112,1.9222222222222223,82429,3,0.333
2023-10-17,Everport,8,106.85,2.2,76826,2,0.25
2023-10-17,TraPac,7,123.89999999999999,1.957142857142857,56005,1,0.143
2023-10-17,Yang Ming,4,108.625,2.65,56521,0,0.0
2023-10-18,APM Terminals,7,112.5,2.085714285714286,61847,1,0.143
2023-10-18,China Shipping,6,115.16666666666667,2.35,58991,1,0.167
2023-10-18,Everport,7,118.98571428571428,2.0,52758,0,0.0
2023-10-18,TraPac,6,113.58333333333333,2.15,51406,0,0.0
2023-10-18,Yang Ming,6,123.11666666666666,2.066666666666667,68529,1,0.167
2023-10-19,APM Terminals,6,111.48333333333333,2.0833333333333335,63438,1,0.167
2023-10-19,China Shipping,10,123.09,1.95,81333,3,0.3
2023-10-19,Everport,8,112.8,2.175,88690,1,0.125
2023-10-19,TraPac,7,116.05714285714285,2.5142857142857147,74863,3,0.429
2023-10-19,Yang Ming,5,117.67999999999999,1.6600000000000001,39884,2,0.4
2023-10-20,APM Terminals,8,112.8,1.5,58142,1,0.125
2023-10-20,China Shipping,10,112.74000000000001,2.33,111183,4,0.4
2023-10-20,Everport,6,126.5,1.9666666666666668,49889,1,0.167
2023-10-20,TraPac,5,111.8,1.7399999999999998,28458,0,0.0
2023-10-20,Yang Ming,5,110.02000000000001,2.48,65705,1,0.2
2023-10-21,APM Terminals,6,98.3,2.1166666666666667,55816,0,0.0
2023-10-21,China Shipping,9,119.16666666666667,2.177777777777778,99571,1,0.111
2023-10-21,Everport,5,106.64000000000001,1.9600000000000002,34735,1,0.2
2023-10-21,TraPac,10,109.64000000000001,2.07,100225,2,0.2
2023-10-21,Yang Ming,6,120.18333333333334,2.066666666666667,72063,0,0.0
2023-10-22,APM Terminals,6,115.75,1.95,48884,0,0.0
2023-10-22,China Shipping,5,114.58,2.38,60549,2,0.4
2023-10-22,Everport,6,119.41666666666667,2.85,68162,0,0.0
2023-10-22,TraPac,8,112.5875,2.1125,72149,1,0.125
2023-10-22,Yang Ming,2,118.65,1.35,18340,0,0.0
2023-10-23,APM Terminals,2,114.45,1.9,12665,0,0.0
2023-10-23,China Shipping,7,127.27142857142857,2.6,81310,1,0.143
2023-10-23,Everport,6,122.23333333333333,1.8333333333333333,41423,0,0.0
2023-10-23,TraPac,7,118.24285714285715,2.0714285714285716,70837,1,0.143
2023-10-23,Yang Ming,10,118.74000000000001,1.92,75681,3,0.3
2023-10-24,APM Terminals,3,117.2,1.6666666666666667,15966,0,0.0
2023-10-24,China Shipping,10,113.89000000000001,2.2199999999999998,105000,1,0.1
2023-10-24,Everport,7,117.35714285714286,1.7571428571428573,63337,0,0.0
2023-10-24,TraPac,3,113.46666666666665,2.3666666666666667,33466,1,0.333
2023-10-24,Yang Ming,6,117.16666666666667,2.1166666666666667,67632,1,0.167
2023-10-25,APM Terminals,7,120.89999999999999,1.6571428571428573,46670,0,0.0
2023-10-25,China Shipping,7,121.85714285714286,2.3000000000000003,78061,4,0.571
2023-10-25,Everport,5,115.0,1.56,31594,1,0.2
2023-10-25,TraPac,6,115.39999999999999,2.433333333333333,72971,1,0.167
2023-10-25,Yang Ming,8,120.75,1.7625,52837,2,0.25
2023-10-26,APM Terminals,9,129.52222222222224,2.0777777777777775,61938,1,0.111
2023-10-26,China Shipping,6,116.14999999999999,2.3833333333333333,73079,1,0.167
2023-10-26,Everport,7,112.87142857142858,2.185714285714286,73169,0,0.0
2023-10-26,TraPac,9,116.43333333333334,1.8555555555555554,84549,1,0.111
2023-10-26,Yang Ming,4,122.0,2.025,41035,2,0.5
2023-10-27,APM Terminals,5,117.85999999999999,2.46,48316,1,0.2
2023-10-27,China Shipping,6,117.31666666666666,2.4499999999999997,75351,2,0.333
2023-10-27,Everport,4,109.85,1.75,22801,1,0.25
2023-10-27,TraPac,8,117.05,2.5375,96704,2,0.25
2023-10-27,Yang Ming,13,116.57692307692308,2.223076923076923,133464,2,0.154
2023-10-28,APM Terminals,9,114.67777777777776,2.322222222222222,110419,2,0.222
2023-10-28,China Shipping,10,106.49000000000001,2.44,122292,1,0.1
2023-10-28,Everport,6,124.43333333333334,2.033333333333333,66341,0,0.0
2023-10-28,TraPac,10,120.59,1.86,75227,1,0.1
2023-10-28,Yang Ming,5,115.36000000000001,2.2600000000000002,45980,0,0.0
2023-10-29,APM Terminals,9,114.05555555555556,1.5333333333333334,48894,1,0.111
2023-10-29,China Shipping,2,93.8,2.55,17480,0,0.0
2023-10-29,Everport,4,110.15,1.825,39325,0,0.0
2023-10-29,TraPac,5,117.6,2.12,37131,1,0.2
2023-10-29,Yang Ming,5,113.16,2.42,62742,0,0.0
2023-10-30,APM Terminals,8,116.2375,2.2375,88033,3,0.375
2023-10-30,China Shipping,2,125.95,2.9000000000000004,22916,2,1.0
2023-10-30,Everport,12,119.97500000000001,2.2583333333333333,120736,4,0.333
2023-10-30,TraPac,7,114.54285714285713,1.9285714285714286,59445,2,0.286
2023-10-30,Yang Ming,9,122.1222222222222,2.177777777777778,96306,3,0.333
2023-10-31,APM Terminals,6,109.13333333333333,2.283333333333333,50714,1,0.167
2023-10-31,China Shipping,3,114.73333333333333,2.1666666666666665,33479,0,0.0
2023-10-31,Everport,4,116.125,2.125,36547,2,0.5
2023-10-31,TraPac,9,113.62222222222222,2.4222222222222225,80989,0,0.0
2023-10-31,Yang Ming,8,114.2,2.0375,83425,1,0.125
2023-11-01,APM Terminals,7,79.77142857142857,1.5999999999999999,51162,0,0.0
2023-11-01,China Shipping,6,82.55,1.9333333333333333,63183,1,0.167
2023-11-01,Everport,5,70.4,2.04,44862,1,0.2
2023-11-01,TraPac,6,89.31666666666666,1.866666666666667,46055,1,0.167
2023-11-01,Yang Ming,5,88.74,1.8199999999999998,28304,0,0.0
2023-11-02,APM Terminals,8,103.23750000000001,2.0,64707,0,0.0
2023-11-02,China Shipping,7,87.81428571428572,2.414285714285714,82556,3,0.429
2023-11-02,Everport,8,98.3375,2.1375,70479,1,0.125
2023-11-02,TraPac,6,85.23333333333333,2.316666666666667,57963,2,0.333
2023-11-02,Yang Ming,7,85.55714285714285,2.3000000000000003,70660,3,0.429
2023-11-03,APM Terminals,3,88.96666666666665,2.066666666666667,36339,0,0.0
2023-11-03,China Shipping,4,98.075,1.975,44135,1,0.25
2023-11-03,Everport,4,100.325,1.975,30318,1,0.25
2023-11-03,TraPac,6,86.93333333333334,2.233333333333333,66804,0,0.0
2023-11-03,Yang Ming,5,95.17999999999999,1.98,35080,0,0.0
2023-11-04,APM Terminals,4,89.825,1.65,17912,2,0.5
2023-11-04,China Shipping,6,89.13333333333333,2.1,53361,1,0.167
2023-11-04,Everport,4,79.9,2.075,41402,2,0.5
2023-11-04,TraPac,6,104.18333333333334,2.0500000000000003,58080,1,0.167
2023-11-04,Yang Ming,6,90.41666666666667,2.3833333333333333,71240,3,0.5
2023-11-05,APM Terminals,1,92.8,1.6,2113,0,0.0
2023-11-05,China Shipping,9,89.85555555555555,1.9333333333333331,84145,2,0.222
2023-11-05,Everport,7,84.22857142857143,2.157142857142857,57235,1,0.143
2023-11-05,TraPac,4,97.7,2.075,40877,1,0.25
2023-11-05,Yang Ming,3,88.06666666666666,2.533333333333333,38623,1,0.333
2023-11-06,APM Terminals,7,89.74285714285713,2.8428571428571425,91756,1,0.143
2023-11-06,China Shipping,8,89.375,2.225,89998,0,0.0
2023-11-06,Everport,3,81.96666666666667,2.4,33206,0,0.0
2023-11-06,TraPac,2,108.2,2.45,25996,0,0.0
2023-11-06,Yang Ming,3,92.33333333333333,2.4333333333333336,37737,0,0.0
2023-11-07,APM Terminals,9,91.26666666666667,2.1555555555555554,87024,1,0.111
2023-11-07,China Shipping,4,84.675,2.3,50234,0,0.0
2023-11-07,Everport,4,85.05000000000001,1.675,38973,1,0.25
2023-11-07,TraPac,2,98.5,2.3,21622,1,0.5
2023-11-07,Yang Ming,10,89.08,2.23,121422,0,0.0
2023-11-08,APM Terminals,6,80.83333333333333,2.25,59904,0,0.0
2023-11-08,China Shipping,3,85.39999999999999,2.1999999999999997,29722,1,0.333
2023-11-08,Everport,9,94.28888888888889,2.6888888888888887,129965,1,0.111
2023-11-08,TraPac,5,91.4,1.98,38154,0,0.0
2023-11-08,Yang Ming,2,79.75,1.35,17979,0,0.0
2023-11-09,APM Terminals,5,90.22,2.02,43763,1,0.2
2023-11-09,China Shipping,4,92.125,2.275,43847,0,0.0
2023-11-09,Everport,7,87.12857142857142,2.5,68753,3,0.429
2023-11-09,TraPac,6,81.63333333333334,2.0,66786,2,0.333
2023-11-09,Yang Ming,9,89.67777777777778,2.1666666666666665,88404,3,0.333
2023-11-10,APM Terminals,6,84.61666666666666,1.7166666666666668,40822,0,0.0
2023-11-10,China Shipping,8,88.725,2.075,76795,1,0.125
2023-11-10,Everport,6,91.83333333333333,2.0500000000000003,58110,0,0.0
2023-11-10,TraPac,8,81.7625,2.275,76122,1,0.125
2023-11-10,Yang Ming,7,77.71428571428571,2.0714285714285716,94918,2,0.286
2023-11-11,APM Terminals,6,83.2,2.4499999999999997,77498,2,0.333
2023-11-11,China Shipping,3,86.73333333333333,2.1333333333333333,20066,0,0.0
2023-11-11,Everport,7,91.5,2.3714285714285714,73639,1,0.143
2023-11-11,TraPac,5,82.76,1.6,26164,1,0.2
2023-11-11,Yang Ming,7,78.72857142857143,2.6571428571428575,99585,0,0.0
2023-11-12,APM Terminals,9,91.37777777777778,2.2777777777777777,106555,0,0.0
2023-11-12,China Shipping,4,89.175,2.15,36701,0,0.0
2023-11-12,Everport,4,86.575,2.075,35645,1,0.25
2023-11-12,TraPac,8,85.875,1.75,61633,2,0.25
2023-11-12,Yang Ming,5,92.74,2.58,65426,0,0.0
2023-11-13,APM Terminals,6,81.60000000000001,2.3833333333333333,75331,2,0.333
2023-11-13,China Shipping,4,96.925,2.275,36523,1,0.25
2023-11-13,Everport,4,95.95,2.175,39310,0,0.0
2023-11-13,TraPac,6,100.01666666666667,1.7166666666666668,47315,2,0.333
2023-11-13,Yang Ming,8,79.25,1.675,49639,2,0.25
2023-11-14,APM Terminals,4,99.95,1.9,22019,0,0.0
2023-11-14,China Shipping,3,84.46666666666665,2.5,37289,0,0.0
2023-11-14,Everport,4,85.875,2.225,44636,1,0.25
2023-11-14,TraPac,2,69.69999999999999,2.3499999999999996,13291,0,0.0
2023-11-14,Yang Ming,3,93.33333333333333,1.7666666666666666,24304,0,0.0
2023-11-15,APM Terminals,6,86.35000000000001,1.9333333333333336,48171,0,0.0
2023-11-15,China Shipping,4,98.5,1.575,23313,0,0.0
2023-11-15,Everport,6,86.88333333333333,2.1666666666666665,74410,4,0.667
2023-11-15,TraPac,7,95.34285714285714,2.357142857142857,76779,0,0.0
2023-11-15,Yang Ming,3,83.16666666666667,2.3666666666666667,32508,0,0.0
2023-11-16,APM Terminals,3,100.16666666666667,2.466666666666667,35283,2,0.667
2023-11-16,China Shipping,7,92.54285714285713,2.0,70530,0,0.0
2023-11-16,Everport,5,71.44,2.1399999999999997,56039,1,0.2
2023-11-16,TraPac,6,75.3,2.033333333333333,71284,1,0.167
2023-11-16,Yang Ming,3,99.5,3.0,43477,0,0.0
2023-11-17,APM Terminals,9,86.46666666666667,2.211111111111111,112378,0,0.0
2023-11-17,China Shipping,4,91.675,2.15,31516,0,0.0
2023-11-17,Everport,7,87.61428571428571,2.4857142857142853,86528,0,0.0
2023-11-17,TraPac,7,103.08571428571429,1.8428571428571427,50659,0,0.0
2023-11-17,Yang Ming,4,81.95,2.075,42014,0,0.0
2023-11-18,APM Terminals,11,91.12727272727273,2.3363636363636364,142969,2,0.182
2023-11-18,China Shipping,3,95.60000000000001,1.7666666666666666,10051,1,0.333
2023-11-18,Everport,8,83.8125,2.1375,78234,2,0.25
2023-11-18,TraPac,4,83.32499999999999,2.125,42461,1,0.25
2023-11-18,Yang Ming,8,90.6375,1.8125,69958,1,0.125
2023-11-19,APM Terminals,4,92.275,2.525,64410,2,0.5
2023-11-19,China Shipping,5,77.88,2.56,62624,1,0.2
2023-11-19,Everport,6,94.10000000000001,2.066666666666667,61073,0,0.0
2023-11-19,TraPac,11,91.36363636363636,1.918181818181818,109879,0,0.0
2023-11-19,Yang Ming,6,86.95,2.2666666666666666,69325,0,0.0
2023-11-20,APM Terminals,4,88.57499999999999,2.2,41678,0,0.0
2023-11-20,China Shipping,2,90.65,1.7,9759,0,0.0
2023-11-20,Everport,1,94.5,1.1,7175,0,0.0
2023-11-20,TraPac,4,88.4,1.9,42986,1,0.25
2023-11-20,Yang Ming,7,84.17142857142858,2.2714285714285714,72955,1,0.143
2023-11-21,APM Terminals,7,91.17142857142858,2.3000000000000003,87298,0,0.0
2023-11-21,China Shipping,8,96.6625,1.6,64496,2,0.25
2023-11-21,Everport,7,83.60000000000001,2.0714285714285716,58190,2,0.286
2023-11-21,TraPac,10,85.52000000000001,2.2199999999999998,105048,0,0.0
2023-11-21,Yang Ming,5,85.4,2.58,59806,1,0.2
2023-11-22,APM Terminals,4,91.69999999999999,2.425,34026,1,0.25
2023-11-22,China Shipping,13,93.87692307692308,2.4,148271,2,0.154
2023-11-22,Everport,10,88.0,2.21,124590,3,0.3
2023-11-22,TraPac,2,67.8,1.8,17962,0,0.0
2023-11-22,Yang Ming,5,86.72,1.7399999999999998,40766,0,0.0
2023-11-23,APM Terminals,8,87.775,2.0875,85948,2,0.25
2023-11-23,China Shipping,3,112.06666666666666,2.033333333333333,29269,0,0.0
2023-11-23,Everport,5,84.4,2.44,66427,0,0.0
2023-11-23,TraPac,5,89.96000000000001,2.62,57229,0,0.0
2023-11-23,Yang Ming,8,91.75,2.25,81341,1,0.125
2023-11-24,APM Terminals,4,82.2,2.15,39436,0,0.0
2023-11-24,China Shipping,8,87.7875,2.1375,83796,0,0.0
2023-11-24,Everport,4,88.525,2.125,47001,0,0.0
2023-11-24,TraPac,10,91.64,2.75,111099,1,0.1
2023-11-24,Yang Ming,5,86.6,1.7600000000000002,31994,3,0.6
2023-11-25,APM Terminals,5,86.78,2.2600000000000002,48096,3,0.6
2023-11-25,China Shipping,7,94.17142857142858,2.242857142857143,96118,1,0.143
2023-11-25,Everport,9,96.33333333333333,2.022222222222222,75374,0,0.0
2023-11-25,TraPac,2,99.15,2.1,17640,1,0.5
2023-11-25,Yang Ming,5,88.08,1.92,49569,1,0.2
2023-11-26,APM Terminals,8,83.85,1.8125,82169,0,0.0
2023-11-26,China Shipping,6,96.13333333333334,2.3833333333333333,72251,1,0.167
2023-11-26,TraPac,4,96.85,1.875,31296,2,0.5
2023-11-26,Yang Ming,9,93.43333333333334,1.9666666666666666,90911,2,0.222
2023-11-27,APM Terminals,8,93.0625,2.1,80889,0,0.0
2023-11-27,China Shipping,3,112.63333333333333,1.6666666666666667,28287,0,0.0
2023-11-27,Everport,9,79.30000000000001,1.9555555555555557,77180,0,0.0
2023-11-27,TraPac,3,95.7,1.6333333333333335,14450,1,0.333
2023-11-27,Yang Ming,7,94.28571428571429,2.257142857142857,88733,3,0.429
2023-11-28,APM Terminals,4,99.0,2.575,50829,1,0.25
2023-11-28,China Shipping,5,87.24,2.38,56788,0,0.0
2023-11-28,Everport,8,86.9375,2.2,83321,0,0.0
2023-11-28,TraPac,5,92.32000000000001,2.06,40359,3,0.6
2023-11-28,Yang Ming,6,94.25,2.2666666666666666,67444,0,0.0
2023-11-29,APM Terminals,6,96.85000000000001,2.1,62707,3,0.5
2023-11-29,China Shipping,3,104.96666666666665,2.3666666666666667,33928,0,0.0
2023-11-29,Everport,1,116.4,1.7,7196,0,0.0
2023-11-29,TraPac,10,95.61,1.92,74974,1,0.1
2023-11-29,Yang Ming,5,82.0,2.1399999999999997,40815,2,0.4
2023-11-30,APM Terminals,11,87.7909090909091,2.2363636363636363,113060,4,0.364
2023-11-30,China Shipping,5,81.64,2.62,64841,0,0.0
2023-11-30,Everport,1,103.9,2.5,10494,0,0.0
2023-11-30,TraPac,5,87.53999999999999,2.12,53218,0,0.0
2023-11-30,Yang Ming,10,87.92999999999999,2.1100000000000003,92441,2,0.2
2023-12-01,APM Terminals,7,89.02857142857144,2.2285714285714286,71389,2,0.286
2023-12-01,China Shipping,2,93.30000000000001,1.65,17171,0,0.0
2023-12-01,Everport,6,78.88333333333334,2.15,59315,1,0.167
2023-12-01,TraPac,4,79.17500000000001,2.425,47174,0,0.0
2023-12-01,Yang Ming,10,95.31,2.19,93509,1,0.1
2023-12-02,APM Terminals,8,93.2,1.95,69072,0,0.0
2023-12-02,China Shipping,7,94.78571428571429,2.1,74962,1,0.143
2023-12-02,Everport,9,93.06666666666666,2.1888888888888887,111712,4,0.444
2023-12-02,TraPac,2,86.15,2.3,26635,0,0.0
2023-12-02,Yang Ming,1,108.0,1.8,10694,0,0.0
2023-12-03,APM Terminals,8,84.3625,2.1625,88847,0,0.0
2023-12-03,China Shipping,7,91.32857142857142,1.9285714285714286,66845,3,0.429
2023-12-03,Everport,8,91.45,2.125,94172,1,0.125
2023-12-03,TraPac,6,89.76666666666667,2.1666666666666665,58554,2,0.333
2023-12-03,Yang Ming,2,103.35,2.05,13289,1,0.5
2023-12-04,APM Terminals,5,89.88,2.2199999999999998,49733,0,0.0
2023-12-04,China Shipping,4,81.8,2.375,47023,1,0.25
2023-12-04,Everport,5,84.36,2.2,49359,0,0.0
2023-12-04,TraPac,6,89.31666666666666,1.9666666666666668,75170,1,0.167
2023-12-04,Yang Ming,3,83.93333333333334,1.7333333333333334,22663,0,0.0
2023-12-05,APM Terminals,4,89.55,1.575,31908,0,0.0
2023-12-05,China Shipping,5,97.7,2.62,73079,1,0.2
2023-12-05,Everport,6,92.28333333333335,2.1,60961,0,0.0
2023-12-05,TraPac,7,88.01428571428572,1.9142857142857144,47645,1,0.143
2023-12-05,Yang Ming,5,101.82000000000001,2.48,63264,1,0.2
2023-12-06,APM Terminals,5,86.78,2.04,44672,1,0.2
2023-12-06,China Shipping,4,86.375,2.4,53745,0,0.0
2023-12-06,Everport,7,96.0,1.7571428571428573,54402,1,0.143
2023-12-06,TraPac,10,89.89,1.9100000000000001,88733,3,0.3
2023-12-06,Yang Ming,2,77.2,2.6500000000000004,33383,0,0.0
2023-12-07,APM Terminals,5,79.92,2.18,58952,2,0.4
2023-12-07,China Shipping,2,88.75,1.95,28830,0,0.0
2023-12-07,Everport,12,91.10000000000001,2.0749999999999997,131921,0,0.0
2023-12-07,TraPac,7,89.25714285714285,2.442857142857143,87525,1,0.143
2023-12-07,Yang Ming,5,92.88,1.8399999999999999,37509,1,0.2
2023-12-08,APM Terminals,4,95.475,2.45,46367,0,0.0
2023-12-08,China Shipping,4,92.375,1.7999999999999998,40470,1,0.25
2023-12-08,Everport,5,91.76,2.06,47823,1,0.2
2023-12-08,TraPac,6,100.73333333333333,2.15,72332,0,0.0
2023-12-08,Yang Ming,4,86.65,1.9249999999999998,30055,0,0.0
2023-12-09,APM Terminals,3,90.39999999999999,2.0666666666666664,31963,0,0.0
2023-12-09,China Shipping,4,87.825,1.55,26372,1,0.25
2023-12-09,Everport,6,87.91666666666667,1.8,52685,1,0.167
2023-12-09,TraPac,5,86.32000000000001,1.6600000000000001,32016,0,0.0
2023-12-09,Yang Ming,2,88.45,2.15,22217,0,0.0
2023-12-10,APM Terminals,7,86.62857142857142,2.085714285714286,64458,1,0.143
2023-12-10,China Shipping,4,87.19999999999999,2.0,38209,1,0.25
2023-12-10,Everport,6,86.11666666666667,2.4666666666666663,67059,0,0.0
2023-12-10,TraPac,3,78.73333333333333,1.8333333333333333,20297,0,0.0
2023-12-10,Yang Ming,4,85.95,1.7999999999999998,25861,1,0.25
2023-12-11,APM Terminals,2,80.9,2.0,24053,0,0.0
2023-12-11,China Shipping,8,87.6625,2.1875,84830,1,0.125
2023-12-11,Everport,6,88.93333333333334,2.2666666666666666,66969,1,0.167
2023-12-11,TraPac,4,88.15,2.25,24727,1,0.25
2023-12-11,Yang Ming,3,100.83333333333333,1.7,13983,1,0.333
2023-12-12,APM Terminals,4,91.875,1.7750000000000001,19018,1,0.25
2023-12-12,China Shipping,9,94.9,1.8888888888888888,76771,1,0.111
2023-12-12,Everport,6,87.88333333333333,2.6,61388,1,0.167
2023-12-12,TraPac,2,100.2,1.55,12659,0,0.0
2023-12-12,Yang Ming,6,88.36666666666667,2.216666666666667,56953,0,0.0
2023-12-13,APM Terminals,3,75.0,1.2,9745,1,0.333
2023-12-13,China Shipping,11,91.72727272727273,2.372727272727273,106304,2,0.182
2023-12-13,Everport,3,93.33333333333333,2.2666666666666666,34282,0,0.0
2023-12-13,TraPac,4,92.5,2.45,48852,0,0.0
2023-12-13,Yang Ming,5,102.6,2.46,52553,0,0.0
2023-12-14,APM Terminals,4,84.325,2.625,47373,0,0.0
2023-12-14,China Shipping,2,88.5,1.9,18221,0,0.0
2023-12-14,Everport,4,90.95,2.325,38707,0,0.0
2023-12-14,TraPac,4,107.875,2.075,48832,1,0.25
2023-12-14,Yang Ming,5,100.14,2.3600000000000003,62317,1,0.2
2023-12-15,APM Terminals,3,90.86666666666667,2.1,21815,0,0.0
2023-12-15,China Shipping,7,76.81428571428572,2.3000000000000003,78371,1,0.143
2023-12-15,Everport,8,83.1125,2.1125,77739,2,0.25
2023-12-15,TraPac,5,99.16,2.3600000000000003,60588,0,0.0
2023-12-15,Yang Ming,4,75.0,2.3,53817,0,0.0
2023-12-16,APM Terminals,6,88.21666666666665,2.283333333333333,70848,2,0.333
2023-12-16,China Shipping,5,92.88,2.42,55206,0,0.0
2023-12-16,Everport,6,88.75,2.716666666666667,81171,2,0.333
2023-12-16,TraPac,7,84.94285714285715,1.942857142857143,74507,1,0.143
2023-12-16,Yang Ming,6,91.96666666666665,2.2666666666666666,70605,1,0.167
2023-12-17,APM Terminals,2,72.35,2.9,25869,1,0.5
2023-12-17,China Shipping,8,96.2625,2.2125,94207,1,0.125
2023-12-17,Everport,5,102.46,2.2,46663,0,0.0
2023-12-17,TraPac,3,92.53333333333335,2.0666666666666664,27370,0,0.0
2023-12-17,Yang Ming,7,93.31428571428572,2.2857142857142856,75121,2,0.286
2023-12-18,APM Terminals,4,92.475,2.175,37639,1,0.25
2023-12-18,China Shipping,6,93.35000000000001,2.1666666666666665,56917,0,0.0
2023-12-18,Everport,4,98.575,1.875,21971,2,0.5
2023-12-18,TraPac,3,94.06666666666666,2.033333333333333,40194,1,0.333
2023-12-18,Yang Ming,6,93.13333333333333,1.9000000000000001,44460,0,0.0
2023-12-19,APM Terminals,3,104.03333333333335,2.266666666666667,36951,1,0.333
2023-12-19,China Shipping,6,102.41666666666667,2.35,70031,0,0.0
2023-12-19,Everport,5,84.78,1.8800000000000001,54065,0,0.0
2023-12-19,TraPac,4,79.5,2.2,47155,1,0.25
2023-12-19,Yang Ming,10,93.42999999999999,1.9899999999999998,105628,0,0.0
2023-12-20,APM Terminals,3,97.66666666666667,2.233333333333333,37571,0,0.0
2023-12-20,China Shipping,6,88.10000000000001,1.8666666666666665,58702,0,0.0
2023-12-20,Everport,5,89.16,1.98,40918,0,0.0
2023-12-20,TraPac,5,85.8,2.16,45410,0,0.0
2023-12-20,Yang Ming,11,98.3,1.8363636363636362,86363,3,0.273
2023-12-21,APM Terminals,9,84.43333333333334,1.9000000000000001,80281,1,0.111
2023-12-21,China Shipping,6,76.7,1.8,66021,0,0.0
2023-12-21,Everport,5,97.3,2.2399999999999998,42724,2,0.4
2023-12-21,TraPac,8,93.2625,2.25,91895,2,0.25
2023-12-21,Yang Ming,8,78.4,2.3625,85707,0,0.0
2023-12-22,APM Terminals,7,85.11428571428571,2.5142857142857147,83680,1,0.143
2023-12-22,China Shipping,8,84.2375,1.5125000000000002,53962,0,0.0
2023-12-22,Everport,2,95.65,1.7999999999999998,18653,0,0.0
2023-12-22,TraPac,2,92.4,2.25,23364,0,0.0
2023-12-22,Yang Ming,5,83.4,2.2199999999999998,45919,2,0.4
2023-12-23,APM Terminals,11,96.83636363636364,1.9545454545454546,88724,4,0.364
2023-12-23,China Shipping,4,91.725,2.5,45495,0,0.0
2023-12-23,Everport,6,89.93333333333334,2.0500000000000003,60375,1,0.167
2023-12-23,TraPac,6,92.2,2.1166666666666667,49076,1,0.167
2023-12-23,Yang Ming,5,84.26,2.38,59781,1,0.2
2023-12-24,APM Terminals,4,87.35,2.2,32603,0,0.0
2023-12-24,China Shipping,4,99.05,1.675,31725,1,0.25
2023-12-24,Everport,5,104.74000000000001,2.32,56180,1,0.2
2023-12-24,TraPac,4,107.475,2.2,45854,1,0.25
2023-12-24,Yang Ming,4,93.525,2.1,47658,0,0.0
2023-12-25,APM Terminals,5,86.42,2.18,46042,0,0.0
2023-12-25,China Shipping,6,78.91666666666667,1.8833333333333335,57077,0,0.0
2023-12-25,Everport,8,84.2625,2.2,82024,1,0.125
2023-12-25,TraPac,5,84.28,2.44,53475,0,0.0
2023-12-25,Yang Ming,9,90.9,2.1888888888888887,89252,1,0.111
2023-12-26,APM Terminals,6,85.71666666666665,1.75,52465,1,0.167
2023-12-26,China Shipping,9,90.46666666666667,2.3444444444444446,90047,0,0.0
2023-12-26,Everport,3,86.0,2.4,23578,0,0.0
2023-12-26,TraPac,6,94.35000000000001,2.183333333333333,63929,1,0.167
2023-12-26,Yang Ming,2,88.8,2.55,16897,1,0.5
2023-12-27,APM Terminals,2,95.05,2.6,17983,0,0.0
2023-12-27,China Shipping,6,80.13333333333334,1.45,45740,1,0.167
2023-12-27,Everport,6,93.86666666666667,2.433333333333333,58282,2,0.333
2023-12-27,TraPac,6,99.45,1.8166666666666667,39135,1,0.167
2023-12-27,Yang Ming,2,98.0,2.2,12869,0,0.0
2023-12-28,APM Terminals,4,79.0,1.7750000000000001,42242,1,0.25
2023-12-28,China Shipping,4,96.825,1.85,25589,0,0.0
2023-12-28,Everport,4,90.45,2.4,52536,0,0.0
2023-12-28,TraPac,7,85.74285714285715,1.9714285714285715,70475,1,0.143
2023-12-28,Yang Ming,5,98.6,1.6199999999999999,35272,1,0.2
2023-12-29,APM Terminals,6,90.38333333333333,2.1,55366,0,0.0
2023-12-29,China Shipping,3,70.5,3.0,49910,0,0.0
2023-12-29,Everport,3,89.76666666666667,1.9000000000000001,23552,1,0.333
2023-12-29,TraPac,7,85.87142857142858,2.3285714285714287,60624,1,0.143
2023-12-29,Yang Ming,3,91.26666666666667,1.8,24837,0,0.0
2023-12-30,APM Terminals,6,94.2,1.8333333333333333,73185,0,0.0
2023-12-30,China Shipping,6,91.58333333333333,2.3000000000000003,74645,1,0.167
2023-12-30,Everport,5,93.46000000000001,2.04,47596,1,0.2
2023-12-30,TraPac,3,103.13333333333333,1.2333333333333334,16936,1,0.333
2023-12-30,Yang Ming,4,95.35,2.35,44384,0,0.0
2023-12-31,APM Terminals,3,83.06666666666666,1.7,29868,1,0.333
2023-12-31,China Shipping,5,94.44,2.2199999999999998,40809,1,0.2
2023-12-31,Everport,5,84.7,2.42,55354,0,0.0
2023-12-31,TraPac,5,95.26,1.94,37374,0,0.0
2023-12-31,Yang Ming,2,68.25,2.7,25985,1,0.5
2024-01-01,APM Terminals,4,95.375,2.2,46141,0,0.0
2024-01-01,China Shipping,3,88.26666666666667,2.3333333333333335,39135,1,0.333
2024-01-01,Everport,6,83.48333333333333,2.4,79494,1,0.167
2024-01-01,TraPac,1,88.2,1.0,2449,0,0.0
2024-01-01,Yang Ming,5,81.76,2.18,34692,1,0.2
2024-01-02,APM Terminals,4,99.2,1.8250000000000002,35194,0,0.0
2024-01-02,China Shipping,3,82.36666666666666,1.6666666666666667,20261,0,0.0
2024-01-02,Everport,4,97.30000000000001,2.25,33960,0,0.0
2024-01-02,TraPac,4,99.3,1.675,26269,0,0.0
2024-01-02,Yang Ming,9,89.75555555555555,2.3333333333333335,92006,1,0.111
2024-01-03,APM Terminals,2,88.69999999999999,1.55,7493,0,0.0
2024-01-03,China Shipping,4,95.925,1.8,25211,0,0.0
2024-01-03,Everport,4,82.55,2.55,36054,0,0.0
2024-01-03,TraPac,9,93.76666666666667,2.4000000000000004,102750,2,0.222
2024-01-03,Yang Ming,2,118.15,2.25,8076,0,0.0
2024-01-04,APM Terminals,3,88.23333333333333,2.0,30563,1,0.333
2024-01-04,China Shipping,2,88.8,2.3,25729,0,0.0
2024-01-04,Everport,7,93.45714285714287,1.4714285714285715,46369,2,0.286
2024-01-04,TraPac,3,107.0,2.0666666666666664,33114,0,0.0
2024-01-04,Yang Ming,4,90.0,2.0,45819,0,0.0
2024-01-05,APM Terminals,3,85.03333333333335,2.3666666666666667,35114,1,0.333
2024-01-05,China Shipping,8,84.2875,2.2625,92390,2,0.25
2024-01-05,Everport,10,90.97999999999999,2.23,102398,2,0.2
2024-01-05,TraPac,10,87.57000000000001,2.2399999999999998,97990,2,0.2
2024-01-05,Yang Ming,6,94.25,2.466666666666667,70397,2,0.333
2024-01-06,APM Terminals,3,77.7,2.1333333333333333,19661,0,0.0
2024-01-06,China Shipping,8,98.1,2.45,89794,1,0.125
2024-01-06,Everport,1,110.2,1.6,866,0,0.0
2024-01-06,TraPac,4,92.975,1.525,28165,0,0.0
2024-01-07,APM Terminals,5,90.94000000000001,2.18,53773,0,0.0
2024-01-07,China Shipping,8,84.175,2.2375,86478,3,0.375
2024-01-07,Everport,3,88.39999999999999,2.2333333333333334,34646,0,0.0
2024-01-07,TraPac,10,85.6,2.06,81054,3,0.3
2024-01-07,Yang Ming,6,92.61666666666667,1.9000000000000001,56997,1,0.167
2024-01-08,APM Terminals,8,89.4625,2.0625,74440,2,0.25
2024-01-08,China Shipping,1,86.3,2.6,10246,0,0.0
2024-01-08,Everport,5,96.2,2.46,39929,1,0.2
2024-01-08,TraPac,4,87.125,2.175,44493,1,0.25
2024-01-08,Yang Ming,3,87.73333333333333,1.9000000000000001,25085,0,0.0
2024-01-09,APM Terminals,4,97.125,2.2,50003,0,0.0
2024-01-09,China Shipping,1,93.4,2.7,16748,0,0.0
2024-01-09,Everport,4,89.075,2.05,44631,1,0.25
2024-01-09,TraPac,3,98.8,2.3000000000000003,33279,0,0.0
2024-01-09,Yang Ming,4,92.875,2.325,45712,1,0.25
2024-01-10,APM Terminals,6,81.88333333333334,1.8,53237,2,0.333
2024-01-10,China Shipping,2,112.55,2.2,27035,1,0.5
2024-01-10,Everport,7,74.0,2.2857142857142856,60324,2,0.286
2024-01-10,TraPac,2,87.65,2.85,26724,0,0.0
2024-01-10,Yang Ming,1,110.8,2.4,6984,0,0.0
2024-01-11,APM Terminals,4,89.65,2.1,32853,0,0.0
2024-01-11,China Shipping,5,79.5,2.2600000000000002,46885,2,0.4
2024-01-11,Everport,4,91.275,1.55,22047,1,0.25
2024-01-11,TraPac,7,92.5,1.7857142857142858,35165,0,0.0
2024-01-11,Yang Ming,6,84.39999999999999,2.216666666666667,76458,1,0.167
2024-01-12,APM Terminals,7,85.34285714285714,2.3714285714285714,91121,1,0.143
2024-01-12,China Shipping,7,88.48571428571428,2.1285714285714286,59689,2,0.286
2024-01-12,Everport,4,99.25,1.7750000000000001,41258,0,0.0
2024-01-12,TraPac,4,92.80000000000001,2.675,43734,1,0.25
2024-01-12,Yang Ming,2,94.4,2.3,22406,0,0.0
2024-01-13,APM Terminals,4,78.525,2.475,48141,0,0.0
2024-01-13,China Shipping,5,92.7,2.18,46105,0,0.0
2024-01-13,Everport,1,117.8,2.9,16760,0,0.0
2024-01-13,TraPac,3,97.2,2.1333333333333333,29882,0,0.0
2024-01-13,Yang Ming,3,92.06666666666666,1.9000000000000001,28795,1,0.333
2024-01-14,APM Terminals,5,94.2,2.3600000000000003,55201,0,0.0
2024-01-14,China Shipping,4,89.75,2.125,34253,0,0.0
2024-01-14,Everport,4,82.5,2.0,50466,0,0.0
2024-01-14,TraPac,3,90.10000000000001,2.2333333333333334,25634,0,0.0
2024-01-14,Yang Ming,4,73.05,1.975,35533,1,0.25
2024-01-15,APM Terminals,4,93.625,2.4000000000000004,40818,0,0.0
2024-01-15,China Shipping,3,96.16666666666667,1.7,30191,2,0.667
2024-01-15,Everport,5,96.4,2.2399999999999998,55915,1,0.2
2024-01-15,Yang Ming,3,98.83333333333333,2.4333333333333336,33235,0,0.0
2024-01-16,APM Terminals,4,81.175,2.625,45059,0,0.0
2024-01-16,China Shipping,10,89.37,1.65,70128,2,0.2
2024-01-16,Everport,4,88.45,1.975,39737,1,0.25
2024-01-16,TraPac,1,44.8,2.8,17431,0,0.0
2024-01-16,Yang Ming,3,77.06666666666666,2.2666666666666666,32199,0,0.0
2024-01-17,APM Terminals,7,89.44285714285715,2.4285714285714284,82968,2,0.286
2024-01-17,China Shipping,3,76.43333333333334,2.0,27171,1,0.333
2024-01-17,Everport,4,77.92500000000001,1.95,34647,0,0.0
2024-01-17,TraPac,6,87.3,2.3,59978,0,0.0
2024-01-17,Yang Ming,3,98.26666666666667,2.5,34531,1,0.333
2024-01-18,APM Terminals,9,92.14444444444445,2.3,106263,3,0.333
2024-01-18,China Shipping,2,90.1,2.65,26240,1,0.5
2024-01-18,Everport,2,92.80000000000001,2.0,23000,1,0.5
2024-01-18,TraPac,4,78.6,2.175,40428,1,0.25
2024-01-18,Yang Ming,5,97.16,2.1,51222,1,0.2
2024-01-19,APM Terminals,4,81.475,1.725,25118,1,0.25
2024-01-19,China Shipping,8,92.425,1.9125,73740,0,0.0
2024-01-19,Everport,4,100.0,2.575,56527,0,0.0
2024-01-19,TraPac,2,81.75,2.05,19431,1,0.5
2024-01-19,Yang Ming,6,88.89999999999999,2.4499999999999997,60519,0,0.0
2024-01-20,APM Terminals,5,99.96000000000001,1.98,49246,1,0.2
2024-01-20,China Shipping,2,98.4,2.5,27117,0,0.0
2024-01-20,Everport,2,79.25,1.95,19120,0,0.0
2024-01-20,TraPac,6,96.78333333333335,2.2666666666666666,62258,0,0.0
2024-01-20,Yang Ming,6,103.05,2.4499999999999997,56785,3,0.5
2024-01-21,APM Terminals,1,81.4,2.4,10810,1,1.0
2024-01-21,China Shipping,9,91.86666666666667,2.1555555555555554,84696,0,0.0
2024-01-21,Everport,5,90.05999999999999,2.12,51182,2,0.4
2024-01-21,TraPac,2,77.1,1.75,8593,1,0.5
2024-01-21,Yang Ming,5,89.47999999999999,2.68,66483,2,0.4
2024-01-22,APM Terminals,4,89.69999999999999,2.625,48542,1,0.25
2024-01-22,China Shipping,4,110.775,1.85,28425,0,0.0
2024-01-22,Everport,6,95.95,2.3333333333333335,69629,1,0.167
2024-01-22,TraPac,3,71.8,2.1999999999999997,27509,2,0.667
2024-01-22,Yang Ming,10,75.96000000000001,2.19,103910,0,0.0
2024-01-23,APM Terminals,1,69.7,1.9,10733,0,0.0
2024-01-23,China Shipping,8,87.875,1.85,76876,2,0.25
2024-01-23,Everport,8,95.55,2.4250000000000003,102687,1,0.125
2024-01-23,TraPac,5,84.96000000000001,1.9,37750,1,0.2
2024-01-23,Yang Ming,4,92.60000000000001,1.975,40057,1,0.25
2024-01-24,APM Terminals,3,89.40000000000002,2.533333333333333,36959,0,0.0
2024-01-24,China Shipping,6,103.98333333333333,2.5,76086,1,0.167
2024-01-24,Everport,6,89.53333333333335,1.9666666666666668,64459,0,0.0
2024-01-24,TraPac,7,92.98571428571428,1.7,54336,1,0.143
2024-01-24,Yang Ming,4,82.2,2.125,50918,0,0.0
2024-01-25,APM Terminals,4,79.475,1.6749999999999998,14122,1,0.25
2024-01-25,China Shipping,3,96.13333333333333,2.266666666666667,28727,0,0.0
2024-01-25,Everport,2,96.5,1.6,12823,0,0.0
2024-01-25,TraPac,5,98.16,2.88,58645,0,0.0
2024-01-25,Yang Ming,5,84.22,1.94,29822,1,0.2
2024-01-26,APM Terminals,5,88.41999999999999,1.98,47667,0,0.0
2024-01-26,China Shipping,5,99.53999999999999,2.18,48712,2,0.4
2024-01-26,Everport,4,84.725,1.95,37019,1,0.25
2024-01-26,TraPac,7,86.21428571428571,2.0285714285714285,64978,1,0.143
2024-01-26,Yang Ming,1,84.5,1.7,11541,0,0.0
2024-01-27,APM Terminals,2,77.55,2.2,18868,2,1.0
2024-01-27,China Shipping,7,86.11428571428571,2.0285714285714285,67977,0,0.0
2024-01-27,Everport,4,86.5,2.525,49496,0,0.0
2024-01-27,TraPac,4,82.05,2.2,41889,0,0.0
2024-01-27,Yang Ming,2,94.30000000000001,2.8,26869,1,0.5
2024-01-28,APM Terminals,4,88.225,2.2,39710,0,0.0
2024-01-28,China Shipping,4,84.375,2.275,41912,0,0.0
2024-01-28,Everport,5,85.38,2.3,56364,1,0.2
2024-01-28,TraPac,9,89.42222222222222,2.0777777777777775,80524,3,0.333
2024-01-28,Yang Ming,6,98.0,2.1999999999999997,65004,0,0.0
2024-01-29,APM Terminals,3,93.53333333333335,2.8000000000000003,38505,0,0.0
2024-01-29,China Shipping,2,88.85,2.7,33876,1,0.5
2024-01-29,Everport,2,106.05000000000001,1.7000000000000002,9193,1,0.5
2024-01-29,TraPac,6,103.75,2.4333333333333336,65833,1,0.167
2024-01-29,Yang Ming,2,82.8,2.65,26437,2,1.0
2024-01-30,APM Terminals,6,88.53333333333335,2.3666666666666667,57911,0,0.0
2024-01-30,China Shipping,5,93.2,2.2,53907,0,0.0
2024-01-30,Everport,10,92.17,2.1,102495,1,0.1
2024-01-30,TraPac,4,84.975,2.025,24162,0,0.0
2024-01-30,Yang Ming,3,92.3,2.2666666666666666,34339,0,0.0
2024-01-31,APM Terminals,6,95.41666666666667,2.216666666666667,65909,1,0.167
2024-01-31,China Shipping,2,80.25,2.6500000000000004,28524,0,0.0
2024-01-31,Everport,3,90.63333333333333,2.1333333333333333,29926,1,0.333
2024-01-31,TraPac,2,73.9,2.3499999999999996,21995,0,0.0
2024-01-31,Yang Ming,5,96.75999999999999,2.64,77524,2,0.4
2024-02-01,APM Terminals,6,87.03333333333335,2.033333333333333,44734,0,0.0
2024-02-01,China Shipping,6,93.89999999999999,2.1166666666666667,57895,0,0.0
2024-02-01,Everport,4,75.1,2.025,35337,1,0.25
2024-02-01,TraPac,4,93.9,2.2,50044,0,0.0
2024-02-01,Yang Ming,5,86.0,1.98,51009,1,0.2
2024-02-02,APM Terminals,4,88.575,2.175,46784,1,0.25
2024-02-02,China Shipping,8,97.6875,1.8875,84087,1,0.125
2024-02-02,Everport,6,98.41666666666667,2.1166666666666667,46631,1,0.167
2024-02-02,TraPac,3,80.5,1.8333333333333333,25192,1,0.333
2024-02-02,Yang Ming,7,84.37142857142858,2.0285714285714285,59509,1,0.143
2024-02-03,APM Terminals,7,87.27142857142857,2.157142857142857,62663,2,0.286
2024-02-03,China Shipping,3,89.8,1.7333333333333334,14560,1,0.333
2024-02-03,Everport,3,87.36666666666667,2.033333333333333,28464,1,0.333
2024-02-03,TraPac,7,97.48571428571428,2.3714285714285714,80664,1,0.143
2024-02-03,Yang Ming,3,84.46666666666665,2.3333333333333335,32332,0,0.0
2024-02-04,APM Terminals,3,94.86666666666667,1.9666666666666668,33516,1,0.333
2024-02-04,China Shipping,8,86.7125,2.325,88537,0,0.0
2024-02-04,Everport,5,96.06,1.92,37897,0,0.0
2024-02-04,TraPac,2,80.95,1.8,18700,0,0.0
2024-02-04,Yang Ming,4,82.3,2.3,46848,0,0.0
2024-02-05,APM Terminals,5,91.58,2.0,46022,0,0.0
2024-02-05,China Shipping,3,83.86666666666666,2.1999999999999997,26549,0,0.0
2024-02-05,Everport,5,98.28,2.3,58219,2,0.4
2024-02-05,TraPac,5,91.66,2.3,60044,1,0.2
2024-02-05,Yang Ming,3,81.46666666666667,2.3333333333333335,26054,0,0.0
2024-02-06,APM Terminals,4,75.0,1.45,33675,1,0.25
2024-02-06,China Shipping,5,93.8,1.94,37049,1,0.2
2024-02-06,Everport,9,92.35555555555555,2.5555555555555554,122989,2,0.222
2024-02-06,TraPac,7,79.8,2.1285714285714286,61061,2,0.286
2024-02-06,Yang Ming,7,98.71428571428571,2.357142857142857,63754,0,0.0
2024-02-07,APM Terminals,2,83.55000000000001,2.8,25979,0,0.0
2024-02-07,China Shipping,7,79.61428571428571,2.3000000000000003,92162,1,0.143
2024-02-07,Everport,6,98.46666666666665,2.5166666666666666,72763,0,0.0
2024-02-07,TraPac,6,87.25,2.183333333333333,53237,1,0.167
2024-02-07,Yang Ming,2,91.1,1.85,18342,0,0.0
2024-02-08,APM Terminals,6,90.14999999999999,1.9500000000000002,39280,1,0.167
2024-02-08,China Shipping,7,89.27142857142857,2.1285714285714286,71856,2,0.286
2024-02-08,Everport,7,95.54285714285713,2.3857142857142857,72459,0,0.0
2024-02-08,TraPac,2,97.35,1.25,17668,0,0.0
2024-02-08,Yang Ming,2,92.05,2.3,23659,1,0.5
2024-02-09,APM Terminals,3,99.43333333333334,2.0,27863,0,0.0
2024-02-09,China Shipping,5,87.96000000000001,2.4,42369,0,0.0
2024-02-09,Everport,7,77.35714285714286,2.3,89171,1,0.143
2024-02-09,TraPac,4,103.875,2.35,39639,1,0.25
2024-02-09,Yang Ming,5,100.02000000000001,2.54,59854,0,0.0
2024-02-10,APM Terminals,3,87.13333333333333,2.233333333333333,23847,0,0.0
2024-02-10,China Shipping,5,89.56,1.8199999999999998,34726,2,0.4
2024-02-10,Everport,1,81.0,2.3,15022,0,0.0
2024-02-10,TraPac,3,82.46666666666665,2.4,38369,0,0.0
2024-02-10,Yang Ming,6,89.3,2.316666666666667,56997,1,0.167
2024-02-11,APM Terminals,6,91.0,1.8333333333333333,45006,2,0.333
2024-02-11,China Shipping,3,84.89999999999999,2.3666666666666667,34710,1,0.333
2024-02-11,Everport,6,89.25,2.3833333333333333,65765,0,0.0
2024-02-11,TraPac,3,73.89999999999999,2.3666666666666667,26774,0,0.0
2024-02-11,Yang Ming,1,99.6,1.6,6404,0,0.0
2024-02-12,APM Terminals,4,82.45,2.6,50105,0,0.0
2024-02-12,China Shipping,3,83.06666666666666,2.6,38803,1,0.333
2024-02-12,Everport,6,81.61666666666667,2.1,68252,0,0.0
2024-02-12,TraPac,6,91.01666666666667,2.1666666666666665,53404,2,0.333
2024-02-12,Yang Ming,3,89.03333333333335,1.1666666666666667,10747,0,0.0
2024-02-13,APM Terminals,2,71.15,2.05,12606,0,0.0
2024-02-13,China Shipping,6,77.58333333333333,2.066666666666667,52062,0,0.0
2024-02-13,Everport,5,93.34,1.86,42459,1,0.2
2024-02-13,TraPac,8,94.60000000000001,1.975,77626,3,0.375
2024-02-13,Yang Ming,4,93.325,2.375,49024,2,0.5
2024-02-14,APM Terminals,2,75.85,2.5,32526,0,0.0
2024-02-14,China Shipping,3,89.23333333333333,2.0,18925,0,0.0
2024-02-14,Everport,6,79.7,2.216666666666667,57471,0,0.0
2024-02-14,TraPac,4,93.075,2.525,53140,0,0.0
2024-02-14,Yang Ming,2,83.6,2.25,22455,0,0.0
2024-02-15,APM Terminals,5,101.58,1.9,26895,1,0.2
2024-02-15,China Shipping,4,87.575,1.85,36497,0,0.0
2024-02-15,Everport,4,103.25,2.45,54245,1,0.25
2024-02-15,TraPac,6,95.5,2.2333333333333334,65959,1,0.167
2024-02-15,Yang Ming,4,81.0,1.4,17554,2,0.5
2024-02-16,APM Terminals,4,94.3,2.15,26565,0,0.0
2024-02-16,China Shipping,3,91.96666666666665,2.033333333333333,24812,2,0.667
2024-02-16,Everport,5,83.76,1.6199999999999999,38634,0,0.0
2024-02-16,TraPac,1,75.0,1.3,2421,0,0.0
2024-02-16,Yang Ming,6,90.25,2.0166666666666666,53697,1,0.167
2024-02-17,APM Terminals,3,93.23333333333333,2.6999999999999997,40827,0,0.0
2024-02-17,China Shipping,4,101.25,1.7750000000000001,35244,0,0.0
2024-02-17,Everport,4,101.225,2.45,49499,1,0.25
2024-02-17,TraPac,3,81.76666666666667,1.6666666666666667,25562,0,0.0
2024-02-17,Yang Ming,5,89.16,2.22,51381,1,0.2
2024-02-18,APM Terminals,1,86.0,2.8,17519,0,0.0
2024-02-18,China Shipping,5,98.02000000000001,2.6,65652,0,0.0
2024-02-18,Everport,5,91.96000000000001,2.2800000000000002,55403,0,0.0
2024-02-18,TraPac,5,92.08,2.16,46278,3,0.6
2024-02-18,Yang Ming,1,94.6,1.1,2262,1,1.0
2024-02-19,APM Terminals,7,86.44285714285715,2.1,67407,1,0.143
2024-02-19,China Shipping,4,86.225,2.55,43401,0,0.0
2024-02-19,Everport,6,85.76666666666667,1.4833333333333334,48034,2,0.333
2024-02-19,TraPac,4,91.625,2.3,46904,1,0.25
2024-02-19,Yang Ming,4,87.4,1.9,30929,1,0.25
2024-02-20,APM Terminals,3,92.60000000000001,2.266666666666667,30552,0,0.0
2024-02-20,China Shipping,7,88.07142857142857,2.242857142857143,74363,0,0.0
2024-02-20,Everport,8,82.1875,2.3375,96151,1,0.125
2024-02-20,TraPac,1,111.1,1.0,10727,1,1.0
2024-02-20,Yang Ming,9,102.04444444444444,2.3,92982,2,0.222
2024-02-21,APM Terminals,6,90.48333333333333,2.3000000000000003,51041,1,0.167
2024-02-21,China Shipping,4,95.05,2.25,40920,1,0.25
2024-02-21,Everport,7,94.64285714285714,2.157142857142857,70077,1,0.143
2024-02-21,TraPac,8,92.825,2.425,95387,0,0.0
2024-02-21,Yang Ming,6,80.03333333333333,2.6333333333333333,67546,1,0.167
2024-02-22,APM Terminals,5,72.88,2.1599999999999997,41324,1,0.2
2024-02-22,China Shipping,5,86.44,1.48,31293,0,0.0
2024-02-22,Everport,8,86.1875,1.7875,62024,1,0.125
2024-02-22,TraPac,2,91.0,1.85,12423,0,0.0
2024-02-22,Yang Ming,2,95.05000000000001,2.25,20273,1,0.5
2024-02-23,APM Terminals,5,76.97999999999999,2.2,58815,2,0.4
2024-02-23,China Shipping,4,81.325,2.2,45518,1,0.25
2024-02-23,Everport,4,81.4,2.075,38515,0,0.0
2024-02-23,TraPac,4,77.85,2.2750000000000004,30451,2,0.5
2024-02-23,Yang Ming,3,76.06666666666666,2.1666666666666665,19378,0,0.0
2024-02-24,APM Terminals,4,93.475,2.2,56342,0,0.0
2024-02-24,China Shipping,5,96.72,2.6399999999999997,69212,1,0.2
2024-02-24,Everport,5,92.08,2.48,54558,2,0.4
2024-02-24,TraPac,5,84.36,2.2,44602,0,0.0
2024-02-24,Yang Ming,5,89.66,1.9799999999999998,47329,1,0.2
2024-02-25,APM Terminals,4,93.65,2.175,40718,1,0.25
2024-02-25,China Shipping,4,107.45,2.825,53619,0,0.0
2024-02-25,Everport,6,90.93333333333334,2.033333333333333,50887,0,0.0
2024-02-25,TraPac,3,94.8,2.3333333333333335,33702,1,0.333
2024-02-25,Yang Ming,4,77.575,2.1,42797,0,0.0
2024-02-26,APM Terminals,3,74.36666666666666,1.8333333333333333,39379,0,0.0
2024-02-26,China Shipping,3,84.7,1.7,13170,0,0.0
2024-02-26,Everport,4,92.05,1.975,39104,0,0.0
2024-02-26,TraPac,3,97.76666666666667,2.066666666666667,22846,0,0.0
2024-02-26,Yang Ming,1,95.9,1.9,10153,0,0.0
2024-02-27,APM Terminals,4,90.15,2.65,60156,1,0.25
2024-02-27,China Shipping,3,97.56666666666666,2.1999999999999997,22783,0,0.0
2024-02-27,Everport,5,86.12,2.48,61213,3,0.6
2024-02-27,TraPac,3,79.8,1.9666666666666668,33334,1,0.333
2024-02-27,Yang Ming,5,88.58000000000001,2.3600000000000003,52961,0,0.0
2024-02-28,APM Terminals,5,81.96000000000001,1.8800000000000001,38989,1,0.2
2024-02-28,China Shipping,3,90.43333333333334,2.6666666666666665,38288,1,0.333
2024-02-28,Everport,5,88.58,2.16,61106,0,0.0
2024-02-28,TraPac,10,95.84,1.97,71781,0,0.0
2024-02-28,Yang Ming,4,93.175,2.15,43605,0,0.0
2024-02-29,APM Terminals,7,93.84285714285714,2.042857142857143,75951,0,0.0
2024-02-29,China Shipping,2,108.15,2.75,21050,0,0.0
2024-02-29,Everport,7,91.71428571428571,1.842857142857143,62482,0,0.0
2024-02-29,TraPac,2,97.85,2.15,27827,0,0.0
2024-02-29,Yang Ming,7,80.3,1.9142857142857141,45303,2,0.286
2024-03-01,APM Terminals,3,80.26666666666667,2.1,23607,0,0.0
2024-03-01,China Shipping,7,75.44285714285715,1.7142857142857142,61309,2,0.286
2024-03-01,Everport,14,95.07857142857142,2.107142857142857,142122,2,0.143
2024-03-01,TraPac,5,76.1,2.02,49365,1,0.2
2024-03-01,Yang Ming,7,91.85714285714286,1.9285714285714286,52834,2,0.286
2024-03-02,APM Terminals,5,101.7,2.34,53548,1,0.2
2024-03-02,China Shipping,6,92.81666666666666,2.316666666666667,67618,0,0.0
2024-03-02,Everport,6,74.38333333333334,2.566666666666667,72955,1,0.167
2024-03-02,TraPac,6,89.38333333333333,2.25,52858,1,0.167
2024-03-02,Yang Ming,7,97.57142857142857,2.0285714285714285,66769,0,0.0
2024-03-03,APM Terminals,5,99.38,1.7399999999999998,32250,2,0.4
2024-03-03,China Shipping,5,84.56,2.3600000000000003,53016,1,0.2
2024-03-03,Everport,6,100.25,2.466666666666667,70455,0,0.0
2024-03-03,TraPac,10,87.35,1.73,66260,2,0.2
2024-03-03,Yang Ming,3,80.96666666666667,2.4,26171,1,0.333
2024-03-04,APM Terminals,7,83.82857142857142,1.9285714285714286,68133,1,0.143
2024-03-04,China Shipping,6,95.05,1.9833333333333332,67094,0,0.0
2024-03-04,Everport,8,82.7625,2.175,80230,0,0.0
2024-03-04,TraPac,7,91.54285714285713,1.9714285714285715,57253,1,0.143
2024-03-04,Yang Ming,6,94.55,2.15,71153,1,0.167
2024-03-05,APM Terminals,6,86.35000000000001,2.3833333333333333,53793,1,0.167
2024-03-05,China Shipping,2,91.1,2.7,25386,1,0.5
2024-03-05,Everport,9,90.07777777777778,1.788888888888889,70517,3,0.333
2024-03-05,TraPac,6,83.76666666666667,1.9666666666666668,51435,0,0.0
2024-03-05,Yang Ming,7,88.91428571428571,1.3714285714285717,37666,0,0.0
2024-03-06,APM Terminals,4,88.5,1.325,22181,1,0.25
2024-03-06,China Shipping,12,88.19166666666666,1.7750000000000001,102204,2,0.167
2024-03-06,Everport,5,94.6,1.4,24819,1,0.2
2024-03-06,TraPac,6,85.21666666666667,2.3333333333333335,66566,2,0.333
2024-03-06,Yang Ming,7,93.48571428571428,2.185714285714286,82283,1,0.143
2024-03-07,APM Terminals,4,89.925,2.325,45363,1,0.25
2024-03-07,China Shipping,6,98.31666666666666,2.1,52763,1,0.167
2024-03-07,Everport,7,88.28571428571429,2.2285714285714286,64355,1,0.143
2024-03-07,TraPac,4,103.075,1.6749999999999998,26885,1,0.25
2024-03-07,Yang Ming,3,106.2,2.1,28614,0,0.0
2024-03-08,APM Terminals,8,85.4875,2.0875,79114,2,0.25
2024-03-08,China Shipping,2,85.55000000000001,1.6,13632,1,0.5
2024-03-08,Everport,5,86.0,2.32,49909,0,0.0
2024-03-08,TraPac,7,90.72857142857143,2.2,86669,2,0.286
2024-03-08,Yang Ming,4,106.975,2.125,40041,1,0.25
2024-03-09,APM Terminals,6,93.26666666666667,1.7833333333333332,48184,2,0.333
2024-03-09,China Shipping,7,95.64285714285714,1.957142857142857,63178,2,0.286
2024-03-09,Everport,5,91.6,1.92,29544,1,0.2
2024-03-09,TraPac,5,90.53999999999999,2.2399999999999998,53640,0,0.0
2024-03-09,Yang Ming,1,108.4,1.5,11345,0,0.0
2024-03-10,APM Terminals,7,93.37142857142858,1.9285714285714286,66311,1,0.143
2024-03-10,China Shipping,4,73.425,1.55,18364,0,0.0
2024-03-10,Everport,9,85.38888888888889,2.033333333333333,91049,1,0.111
2024-03-10,TraPac,7,96.07142857142857,1.7285714285714284,54647,2,0.286
2024-03-10,Yang Ming,4,98.625,2.4,34205,0,0.0
2024-03-11,APM Terminals,8,83.575,2.0500000000000003,83444,1,0.125
2024-03-11,China Shipping,4,98.425,2.2,39324,0,0.0
2024-03-11,Everport,8,91.975,2.1125,80072,2,0.25
2024-03-11,TraPac,8,82.225,2.025,84811,1,0.125
2024-03-11,Yang Ming,6,88.93333333333334,2.466666666666667,64292,1,0.167
2024-03-12,APM Terminals,6,91.53333333333335,1.8833333333333335,56493,0,0.0
2024-03-12,China Shipping,7,90.31428571428572,1.7857142857142858,49701,2,0.286
2024-03-12,Everport,3,77.53333333333333,2.6333333333333333,42583,0,0.0
2024-03-12,TraPac,6,96.26666666666667,2.0166666666666666,48760,0,0.0
2024-03-12,Yang Ming,9,94.73333333333333,2.433333333333333,96833,2,0.222
2024-03-13,APM Terminals,7,99.51428571428572,2.085714285714286,80123,0,0.0
2024-03-13,China Shipping,11,86.80909090909091,2.0545454545454547,114167,1,0.091
2024-03-13,Everport,6,89.63333333333333,2.3833333333333333,67528,1,0.167
2024-03-13,TraPac,5,96.64,2.38,55615,1,0.2
2024-03-13,Yang Ming,2,81.9,1.3,13783,0,0.0
2024-03-14,APM Terminals,6,97.03333333333335,2.566666666666667,79059,2,0.333
2024-03-14,China Shipping,5,98.3,2.16,55778,0,0.0
2024-03-14,Everport,3,87.63333333333333,1.8999999999999997,21776,0,0.0
2024-03-14,TraPac,3,78.96666666666667,2.2333333333333334,32299,0,0.0
2024-03-14,Yang Ming,7,82.91428571428571,2.5,84059,2,0.286
2024-03-15,APM Terminals,6,97.08333333333333,1.95,48690,1,0.167
2024-03-15,China Shipping,8,88.575,2.3125,101108,2,0.25
2024-03-15,Everport,4,83.15,2.075,40217,0,0.0
2024-03-15,TraPac,4,89.7,2.45,53360,0,0.0
2024-03-15,Yang Ming,2,102.85,2.45,23353,0,0.0
2024-03-16,APM Terminals,5,94.32000000000001,1.8,43194,1,0.2
2024-03-16,China Shipping,7,93.57142857142857,2.157142857142857,79738,1,0.143
2024-03-16,Everport,7,92.38571428571429,1.8714285714285714,73371,1,0.143
2024-03-16,TraPac,4,84.5,1.85,32154,0,0.0
2024-03-16,Yang Ming,4,91.7,2.2,47101,1,0.25
2024-03-17,APM Terminals,7,89.84285714285714,1.957142857142857,54978,2,0.286
2024-03-17,China Shipping,5,88.66,2.06,51764,0,0.0
2024-03-17,Everport,9,90.88888888888889,1.8777777777777775,94372,2,0.222
2024-03-17,TraPac,4,94.35,1.9,34274,2,0.5
2024-03-17,Yang Ming,5,91.5,2.2199999999999998,54304,1,0.2
2024-03-18,APM Terminals,6,98.89999999999999,2.0166666666666666,57130,2,0.333
2024-03-18,China Shipping,8,94.075,2.3,79930,1,0.125
2024-03-18,Everport,8,87.7375,2.225,66000,2,0.25
2024-03-18,TraPac,8,85.575,1.8625,59605,1,0.125
2024-03-18,Yang Ming,5,93.64000000000001,2.62,73554,1,0.2
2024-03-19,APM Terminals,5,88.72,2.32,52374,1,0.2
2024-03-19,China Shipping,3,88.2,2.466666666666667,38242,0,0.0
2024-03-19,Everport,4,81.175,2.45,33349,0,0.0
2024-03-19,TraPac,6,94.36666666666667,2.1999999999999997,71030,0,0.0
2024-03-19,Yang Ming,5,79.86,1.8199999999999998,47377,1,0.2
2024-03-20,China Shipping,7,96.94285714285715,2.257142857142857,46873,1,0.143
2024-03-20,Everport,8,92.7875,2.1875,82824,2,0.25
2024-03-20,TraPac,5,101.32000000000001,1.64,31458,0,0.0
2024-03-20,Yang Ming,3,92.16666666666667,2.566666666666667,42376,0,0.0
2024-03-21,APM Terminals,3,99.60000000000001,1.8333333333333333,23449,0,0.0
2024-03-21,China Shipping,6,96.36666666666667,1.8833333333333335,40319,0,0.0
2024-03-21,Everport,7,100.58571428571429,1.8714285714285714,64931,0,0.0
2024-03-21,TraPac,8,89.125,2.125,72136,1,0.125
2024-03-21,Yang Ming,10,85.83,2.0200000000000005,82841,1,0.1
2024-03-22,APM Terminals,7,85.42857142857143,2.0142857142857147,62895,2,0.286
2024-03-22,China Shipping,7,93.74285714285715,1.8571428571428572,51565,1,0.143
2024-03-22,Everport,7,86.72857142857143,2.6285714285714286,82446,0,0.0
2024-03-22,TraPac,8,101.6875,2.375,91384,0,0.0
2024-03-22,Yang Ming,4,97.125,2.125,44152,2,0.5
2024-03-23,APM Terminals,6,86.86666666666667,1.8833333333333335,56792,0,0.0
2024-03-23,China Shipping,3,69.8,2.1666666666666665,32459,0,0.0
2024-03-23,Everport,3,84.5,1.9666666666666668,24072,1,0.333
2024-03-23,TraPac,6,89.46666666666665,2.3333333333333335,70252,0,0.0
2024-03-23,Yang Ming,3,86.96666666666665,2.066666666666667,28278,0,0.0
2024-03-24,APM Terminals,5,95.7,1.92,44155,2,0.4
2024-03-24,China Shipping,5,91.22,1.6800000000000002,33927,0,0.0
2024-03-24,Everport,8,86.2,2.1875,79364,0,0.0
2024-03-24,TraPac,9,92.54444444444444,2.3111111111111113,87812,1,0.111
2024-03-24,Yang Ming,3,93.23333333333333,2.433333333333333,34678,1,0.333
2024-03-25,APM Terminals,4,88.8,2.075,51014,1,0.25
2024-03-25,China Shipping,7,99.07142857142857,2.185714285714286,75667,1,0.143
2024-03-25,Everport,4,78.175,2.25,50292,0,0.0
2024-03-25,TraPac,4,95.3,2.35,40492,1,0.25
2024-03-25,Yang Ming,4,81.425,1.825,26895,0,0.0
2024-03-26,APM Terminals,5,90.52000000000001,2.88,75500,0,0.0
2024-03-26,China Shipping,6,88.05,2.1666666666666665,65844,2,0.333
2024-03-26,Everport,11,86.60909090909091,2.2363636363636363,109373,2,0.182
2024-03-26,TraPac,4,95.625,1.65,34882,1,0.25
2024-03-26,Yang Ming,4,90.2,2.4,35369,0,0.0
2024-03-27,APM Terminals,7,94.64285714285714,1.8857142857142857,68091,0,0.0
2024-03-27,China Shipping,5,96.97999999999999,2.7600000000000002,70825,1,0.2
2024-03-27,Everport,7,86.37142857142858,2.357142857142857,76310,0,0.0
2024-03-27,TraPac,1,80.5,1.7,11726,0,0.0
2024-03-27,Yang Ming,10,89.65,2.09,89200,2,0.2
2024-03-28,APM Terminals,5,97.88,1.8199999999999998,45511,1,0.2
2024-03-28,China Shipping,10,96.03,2.0100000000000002,96753,0,0.0
2024-03-28,Everport,4,80.975,2.175,48680,2,0.5
2024-03-28,TraPac,6,87.60000000000001,2.1,55547,1,0.167
2024-03-28,Yang Ming,3,99.10000000000001,2.066666666666667,29416,0,0.0
2024-03-29,APM Terminals,7,88.54285714285713,2.1285714285714286,65503,2,0.286
2024-03-29,China Shipping,6,94.11666666666667,1.8,40361,0,0.0
2024-03-29,Everport,6,79.53333333333333,1.8166666666666667,42340,2,0.333
2024-03-29,TraPac,6,87.41666666666667,2.1333333333333333,56978,1,0.167
2024-03-29,Yang Ming,6,88.33333333333333,2.216666666666667,56622,0,0.0
2024-03-30,APM Terminals,7,83.11428571428571,2.1,68875,1,0.143
2024-03-30,China Shipping,8,81.4625,1.9124999999999999,57790,2,0.25
2024-03-30,Everport,7,89.37142857142858,2.085714285714286,75729,1,0.143
2024-03-30,TraPac,8,89.175,2.05,72837,3,0.375
2024-03-30,Yang Ming,5,78.67999999999999,2.16,55204,2,0.4
2024-03-31,APM Terminals,4,96.25,1.625,36312,2,0.5
2024-03-31,China Shipping,4,98.55,1.7,25860,1,0.25
2024-03-31,Everport,5,97.67999999999999,1.92,41552,0,0.0
2024-03-31,TraPac,5,87.42,1.9,45762,0,0.0
2024-03-31,Yang Ming,5,92.58,2.0799999999999996,50383,1,0.2
2024-04-01,APM Terminals,4,89.925,1.825,31253,1,0.25
2024-04-01,China Shipping,4,100.175,1.825,25862,2,0.5
2024-04-01,Everport,5,84.03999999999999,2.0,44551,1,0.2
2024-04-01,TraPac,4,85.75,1.925,35996,1,0.25
2024-04-01,Yang Ming,2,77.69999999999999,3.25,27468,1,0.5
2024-04-02,APM Terminals,6,88.0,2.0500000000000003,64346,0,0.0
2024-04-02,China Shipping,9,93.8111111111111,2.0777777777777775,108434,1,0.111
2024-04-02,Everport,7,94.7,2.0142857142857142,74362,1,0.143
2024-04-02,TraPac,4,78.475,2.55,54627,0,0.0
2024-04-02,Yang Ming,10,89.12,2.2700000000000005,108543,1,0.1
2024-04-03,APM Terminals,6,102.88333333333333,2.1166666666666667,53052,3,0.5
2024-04-03,China Shipping,2,94.05,1.7,16568,0,0.0
2024-04-03,Everport,4,87.3,2.025,33002,0,0.0
2024-04-03,TraPac,6,92.16666666666667,2.65,66503,1,0.167
2024-04-03,Yang Ming,4,80.25,2.05,37631,0,0.0
2024-04-04,APM Terminals,7,97.17142857142858,2.1142857142857143,57841,1,0.143
2024-04-04,China Shipping,4,103.3,2.325,45120,0,0.0
2024-04-04,Everport,3,100.33333333333333,2.1,27493,2,0.667
2024-04-04,TraPac,3,83.36666666666666,2.233333333333333,34047,0,0.0
2024-04-04,Yang Ming,7,103.67142857142858,2.3000000000000003,74272,2,0.286
2024-04-05,APM Terminals,4,87.075,1.65,36936,0,0.0
2024-04-05,China Shipping,5,85.74,2.2800000000000002,62707,0,0.0
2024-04-05,Everport,6,88.23333333333333,2.033333333333333,49572,0,0.0
2024-04-05,TraPac,3,80.89999999999999,1.5,19963,1,0.333
2024-04-05,Yang Ming,5,82.12,2.1,44107,0,0.0
2024-04-06,APM Terminals,4,93.0,1.775,31521,1,0.25
2024-04-06,China Shipping,3,88.8,1.9333333333333336,30645,0,0.0
2024-04-06,Everport,5,93.62,2.54,59483,1,0.2
2024-04-06,TraPac,3,82.56666666666666,2.1666666666666665,37576,1,0.333
2024-04-06,Yang Ming,6,84.31666666666666,2.566666666666667,80407,1,0.167
2024-04-07,APM Terminals,8,96.55,2.1625,79914,2,0.25
2024-04-07,China Shipping,2,103.9,2.25,23320,1,0.5
2024-04-07,Everport,4,92.475,2.25,43356,1,0.25
2024-04-07,TraPac,8,84.7125,2.025,69078,1,0.125
2024-04-07,Yang Ming,2,86.95,2.4,28187,1,0.5
2024-04-08,APM Terminals,6,85.64999999999999,1.8166666666666667,58953,0,0.0
2024-04-08,China Shipping,4,91.125,2.55,44538,0,0.0
2024-04-08,Everport,3,96.0,2.1666666666666665,30847,1,0.333
2024-04-08,TraPac,4,95.3,2.1500000000000004,27572,1,0.25
2024-04-08,Yang Ming,7,77.41428571428571,1.4857142857142858,47628,2,0.286
2024-04-09,APM Terminals,7,93.05714285714285,1.8571428571428572,69926,1,0.143
2024-04-09,China Shipping,7,91.18571428571428,2.1714285714285713,72006,0,0.0
2024-04-09,Everport,7,82.62857142857142,2.085714285714286,69705,1,0.143
2024-04-09,TraPac,9,90.54444444444445,2.1555555555555554,82867,3,0.333
2024-04-09,Yang Ming,6,84.25,2.4833333333333334,79768,1,0.167
2024-04-10,APM Terminals,6,92.08333333333333,1.9833333333333334,67155,0,0.0
2024-04-10,China Shipping,5,87.86,2.5,62814,2,0.4
2024-04-10,Everport,4,99.325,2.375,34044,0,0.0
2024-04-10,TraPac,5,92.18,1.72,32985,1,0.2
2024-04-10,Yang Ming,7,88.85714285714286,2.3428571428571425,78827,1,0.143
2024-04-11,APM Terminals,7,88.87142857142858,1.5999999999999999,40234,0,0.0
2024-04-11,China Shipping,9,83.84444444444445,1.9777777777777779,81784,1,0.111
2024-04-11,Everport,6,92.83333333333333,1.9833333333333334,49482,1,0.167
2024-04-11,TraPac,6,74.21666666666667,1.6333333333333335,35081,0,0.0
2024-04-11,Yang Ming,4,73.6,1.9,29920,1,0.25
2024-04-12,APM Terminals,2,85.15,2.0,22331,0,0.0
2024-04-12,China Shipping,10,93.61,2.2600000000000002,117781,2,0.2
2024-04-12,Everport,4,89.5,2.425,52580,1,0.25
2024-04-12,TraPac,6,94.95,2.2666666666666666,65784,1,0.167
2024-04-12,Yang Ming,11,91.99090909090908,1.7909090909090908,98351,1,0.091
2024-04-13,APM Terminals,4,94.45,2.125,27973,1,0.25
2024-04-13,China Shipping,5,94.7,1.9,36438,2,0.4
2024-04-13,Everport,3,83.33333333333333,2.1999999999999997,27061,0,0.0
2024-04-13,TraPac,6,91.28333333333335,2.4166666666666665,80948,1,0.167
2024-04-13,Yang Ming,9,93.30000000000001,2.3666666666666667,111619,3,0.333
2024-04-14,APM Terminals,3,86.66666666666667,1.9666666666666668,23680,0,0.0
2024-04-14,China Shipping,5,91.24,1.8799999999999997,37676,1,0.2
2024-04-14,Everport,4,87.425,2.275,48643,0,0.0
2024-04-14,TraPac,1,95.3,2.5,14991,0,0.0
2024-04-14,Yang Ming,14,89.67142857142858,2.35,156183,3,0.214
2024-04-15,APM Terminals,3,81.83333333333333,1.7,19683,0,0.0
2024-04-15,China Shipping,9,85.46666666666667,2.0999999999999996,95339,2,0.222
2024-04-15,Everport,11,86.47272727272728,2.1818181818181817,102636,2,0.182
2024-04-15,TraPac,4,97.9,2.55,50235,0,0.0
2024-04-15,Yang Ming,8,91.1625,1.825,75231,2,0.25
2024-04-16,APM Terminals,4,87.775,2.0,33521,2,0.5
2024-04-16,China Shipping,11,85.61818181818181,2.3272727272727276,138532,0,0.0
2024-04-16,Everport,3,80.7,1.4666666666666668,24612,1,0.333
2024-04-16,TraPac,5,77.32000000000001,1.8399999999999999,43820,1,0.2
2024-04-16,Yang Ming,7,92.17142857142858,2.2714285714285714,80445,0,0.0
2024-04-17,APM Terminals,9,95.65555555555555,2.1888888888888887,71502,1,0.111
2024-04-17,China Shipping,4,100.55,2.0,45981,0,0.0
2024-04-17,Everport,5,99.6,2.7,70816,0,0.0
2024-04-17,TraPac,4,82.375,1.85,35303,0,0.0
2024-04-17,Yang Ming,5,102.34,1.92,53161,0,0.0
2024-04-18,APM Terminals,5,90.34,1.6199999999999999,41748,0,0.0
2024-04-18,China Shipping,8,96.0,2.075,83338,1,0.125
2024-04-18,Everport,7,86.28571428571429,2.0571428571428574,76583,0,0.0
2024-04-18,TraPac,3,99.56666666666666,2.9,36655,1,0.333
2024-04-18,Yang Ming,3,68.89999999999999,2.766666666666667,45326,0,0.0
2024-04-19,APM Terminals,6,96.56666666666666,2.283333333333333,73071,1,0.167
2024-04-19,China Shipping,4,93.875,1.825,30484,0,0.0
2024-04-19,Everport,5,83.32000000000001,1.9,42288,2,0.4
2024-04-19,TraPac,4,88.425,2.275,53414,0,0.0
2024-04-19,Yang Ming,6,87.41666666666667,2.2333333333333334,63102,1,0.167
2024-04-20,APM Terminals,12,90.45833333333333,2.025,130576,1,0.083
2024-04-20,China Shipping,7,82.12857142857142,2.2857142857142856,68157,1,0.143
2024-04-20,Everport,9,91.65555555555555,2.3444444444444446,105776,2,0.222
2024-04-20,TraPac,6,90.25,2.1333333333333333,50521,0,0.0
2024-04-20,Yang Ming,9,92.02222222222223,2.066666666666667,96183,3,0.333
2024-04-21,APM Terminals,8,87.625,2.1,71739,2,0.25
2024-04-21,China Shipping,5,79.3,2.56,59536,1,0.2
2024-04-21,Everport,7,89.8,2.2714285714285714,81216,1,0.143
2024-04-21,TraPac,6,80.38333333333334,2.033333333333333,73946,0,0.0
2024-04-21,Yang Ming,5,79.52000000000001,2.2399999999999998,53582,1,0.2
2024-04-22,APM Terminals,12,96.5,2.341666666666667,124404,0,0.0
2024-04-22,China Shipping,4,83.425,1.95,37378,0,0.0
2024-04-22,Everport,8,80.6625,2.1375,84245,0,0.0
2024-04-22,TraPac,3,99.13333333333333,1.8333333333333333,19357,0,0.0
2024-04-22,Yang Ming,10,94.17,1.98,91362,2,0.2
2024-04-23,APM Terminals,3,100.3,2.1999999999999997,36948,1,0.333
2024-04-23,China Shipping,5,80.38,2.1399999999999997,50174,1,0.2
2024-04-23,Everport,3,97.39999999999999,2.4,28090,0,0.0
2024-04-23,TraPac,2,115.35,2.55,23953,0,0.0
2024-04-23,Yang Ming,5,90.0,2.6,68063,0,0.0
2024-04-24,APM Terminals,5,86.24,1.64,28169,1,0.2
2024-04-24,China Shipping,5,87.94,2.1,48021,2,0.4
2024-04-24,Everport,5,101.36,2.3,37463,1,0.2
2024-04-24,TraPac,4,90.4,2.575,44851,1,0.25
2024-04-24,Yang Ming,2,93.95,2.4,16737,0,0.0
2024-04-25,APM Terminals,5,88.74,2.3,61182,1,0.2
2024-04-25,China Shipping,4,92.325,2.175,48293,0,0.0
2024-04-25,Everport,5,79.74,1.9200000000000004,37755,1,0.2
2024-04-25,TraPac,5,81.28,2.5,44319,0,0.0
2024-04-25,Yang Ming,11,92.93636363636364,1.9545454545454546,92478,0,0.0
2024-04-26,APM Terminals,12,92.78333333333335,2.308333333333333,126081,2,0.167
2024-04-26,China Shipping,12,86.825,2.3249999999999997,135086,2,0.167
2024-04-26,Everport,11,86.7909090909091,2.127272727272727,116846,1,0.091
2024-04-26,TraPac,1,87.1,3.2,15597,0,0.0
2024-04-26,Yang Ming,7,104.95714285714287,1.9571428571428573,43555,2,0.286
2024-04-27,APM Terminals,8,84.8,1.7625,64322,2,0.25
2024-04-27,China Shipping,7,86.0,2.3000000000000003,86299,0,0.0
2024-04-27,Everport,7,95.84285714285714,2.442857142857143,66679,1,0.143
2024-04-27,TraPac,5,91.94,2.2,51619,0,0.0
2024-04-27,Yang Ming,5,98.16,2.04,44720,2,0.4
2024-04-28,APM Terminals,2,85.2,1.75,20414,0,0.0
2024-04-28,China Shipping,9,95.44444444444444,1.9444444444444444,81363,0,0.0
2024-04-28,Everport,6,94.08333333333333,2.283333333333333,53678,1,0.167
2024-04-28,TraPac,4,85.0,2.5,39894,0,0.0
2024-04-28,Yang Ming,3,78.3,2.066666666666667,33213,0,0.0
2024-04-29,APM Terminals,5,85.16,2.2399999999999998,43877,2,0.4
2024-04-29,China Shipping,7,89.47142857142856,1.9714285714285715,57582,1,0.143
2024-04-29,Everport,7,98.77142857142857,2.1142857142857143,72544,2,0.286
2024-04-29,TraPac,9,95.98888888888888,1.6111111111111112,64928,0,0.0
2024-04-29,Yang Ming,7,92.92857142857143,1.5857142857142859,46180,2,0.286
2024-04-30,APM Terminals,3,104.53333333333335,2.2333333333333334,33993,2,0.667
2024-04-30,China Shipping,8,83.2125,1.8125,69658,1,0.125
2024-04-30,Everport,3,102.5,1.9333333333333336,24149,0,0.0
2024-04-30,TraPac,7,89.61428571428571,1.9428571428571428,74013,1,0.143
2024-04-30,Yang Ming,6,76.64999999999999,1.5833333333333333,41197,0,0.0
2024-05-01,APM Terminals,3,92.39999999999999,2.1333333333333333,27699,2,0.667
2024-05-01,China Shipping,7,97.3,1.9857142857142858,73304,1,0.143
2024-05-01,Everport,2,83.6,2.7,27201,0,0.0
2024-05-01,TraPac,9,98.02222222222223,2.433333333333333,123979,0,0.0
2024-05-01,Yang Ming,8,95.9875,2.1,73339,1,0.125
2024-05-02,APM Terminals,9,86.35555555555555,2.2666666666666666,109202,2,0.222
2024-05-02,China Shipping,7,91.44285714285715,2.3714285714285714,78804,1,0.143
2024-05-02,Everport,5,89.26,2.06,46829,0,0.0
2024-05-02,TraPac,6,82.05,1.7166666666666668,39638,1,0.167
2024-05-02,Yang Ming,3,90.66666666666667,2.1999999999999997,25912,0,0.0
2024-05-03,APM Terminals,3,105.83333333333333,2.3666666666666667,23698,0,0.0
2024-05-03,China Shipping,6,85.35000000000001,2.183333333333333,69593,0,0.0
2024-05-03,Everport,8,78.05,2.35,102208,1,0.125
2024-05-03,TraPac,9,90.01111111111112,2.011111111111111,79213,2,0.222
2024-05-03,Yang Ming,4,82.225,2.225,39765,2,0.5
2024-05-04,APM Terminals,8,93.6875,2.05,77337,1,0.125
2024-05-04,China Shipping,9,84.3111111111111,2.3333333333333335,96595,2,0.222
2024-05-04,Everport,3,76.46666666666665,2.433333333333333,34768,0,0.0
2024-05-04,TraPac,7,93.35714285714286,2.2714285714285714,74329,0,0.0
2024-05-04,Yang Ming,4,96.125,2.15,43813,1,0.25
2024-05-05,APM Terminals,9,81.37777777777778,2.5444444444444443,94694,0,0.0
2024-05-05,China Shipping,6,103.81666666666666,2.2666666666666666,55731,1,0.167
2024-05-05,Everport,6,90.8,2.15,65581,1,0.167
2024-05-05,TraPac,7,86.55714285714285,1.6714285714285713,53160,2,0.286
2024-05-05,Yang Ming,6,88.39999999999999,2.1333333333333333,61690,0,0.0
2024-05-06,APM Terminals,7,91.78571428571429,2.2285714285714286,81110,1,0.143
2024-05-06,China Shipping,5,102.06,1.7399999999999998,50720,0,0.0
2024-05-06,Everport,4,90.95,2.825,50244,1,0.25
2024-05-06,TraPac,6,94.38333333333333,2.0,54358,2,0.333
2024-05-06,Yang Ming,3,95.86666666666667,1.7333333333333334,26592,0,0.0
2024-05-07,APM Terminals,9,87.11111111111111,2.0999999999999996,92607,1,0.111
2024-05-07,China Shipping,7,88.54285714285713,2.2857142857142856,65234,0,0.0
2024-05-07,Everport,1,85.0,0.5,2076,0,0.0
2024-05-07,TraPac,9,88.43333333333334,1.7666666666666666,53270,1,0.111
2024-05-07,Yang Ming,9,97.66666666666667,1.9888888888888887,93895,2,0.222
2024-05-08,APM Terminals,8,86.15,2.175,84195,0,0.0
2024-05-08,China Shipping,5,98.82000000000001,2.3600000000000003,56902,0,0.0
2024-05-08,Everport,6,90.61666666666666,1.9666666666666668,49396,0,0.0
2024-05-08,TraPac,11,92.10000000000001,2.2545454545454544,119475,3,0.273
2024-05-08,Yang Ming,2,95.30000000000001,2.45,25882,0,0.0
2024-05-09,APM Terminals,6,92.39999999999999,1.7166666666666668,39462,3,0.5
2024-05-09,China Shipping,5,87.17999999999999,2.3600000000000003,48226,1,0.2
2024-05-09,Everport,1,76.4,2.0,7192,0,0.0
2024-05-09,TraPac,9,95.9,2.1888888888888887,96428,0,0.0
2024-05-09,Yang Ming,4,90.575,2.0,30231,2,0.5
2024-05-10,APM Terminals,7,92.51428571428572,2.028571428571429,68445,2,0.286
2024-05-10,China Shipping,6,85.06666666666666,1.9333333333333333,58696,0,0.0
2024-05-10,Everport,7,82.39999999999999,1.8857142857142857,52518,0,0.0
2024-05-10,TraPac,4,102.225,2.025,55897,1,0.25
2024-05-10,Yang Ming,4,83.975,2.0,33029,0,0.0
2024-05-11,APM Terminals,3,92.73333333333333,1.2333333333333334,8963,0,0.0
2024-05-11,China Shipping,5,92.72,2.18,49849,0,0.0
2024-05-11,Everport,5,90.78,2.3400000000000003,53130,2,0.4
2024-05-11,TraPac,10,88.55,1.97,78502,2,0.2
2024-05-11,Yang Ming,3,74.3,2.3666666666666667,31629,0,0.0
2024-05-12,APM Terminals,5,80.2,2.2399999999999998,47460,1,0.2
2024-05-12,China Shipping,8,84.45,1.95,66685,1,0.125
2024-05-12,Everport,3,102.53333333333335,1.9000000000000001,19452,1,0.333
2024-05-12,TraPac,4,101.225,2.075,41230,0,0.0
2024-05-12,Yang Ming,12,84.19166666666666,2.0083333333333333,112111,1,0.083
2024-05-13,APM Terminals,3,87.16666666666667,2.6333333333333333,37311,0,0.0
2024-05-13,China Shipping,10,88.61,2.57,124284,1,0.1
2024-05-13,Everport,10,96.8,2.2600000000000002,105513,1,0.1
2024-05-13,TraPac,5,85.22,2.38,50489,0,0.0
2024-05-13,Yang Ming,4,83.775,2.0,36744,1,0.25
2024-05-14,APM Terminals,10,85.76,2.0200000000000005,107036,0,0.0
2024-05-14,China Shipping,4,90.45,2.125,32994,0,0.0
2024-05-14,Everport,5,103.88,1.98,62000,0,0.0
2024-05-14,TraPac,8,95.8875,2.275,89511,2,0.25
2024-05-14,Yang Ming,4,101.425,2.125,36951,0,0.0
2024-05-15,APM Terminals,3,86.33333333333333,1.8333333333333333,30407,1,0.333
2024-05-15,China Shipping,10,90.55,2.02,85331,0,0.0
2024-05-15,Everport,4,98.6,2.175,42720,3,0.75
2024-05-15,TraPac,9,90.8111111111111,2.0777777777777775,91184,0,0.0
2024-05-15,Yang Ming,9,89.02222222222223,2.1555555555555554,87759,0,0.0
2024-05-16,APM Terminals,5,98.34,2.2199999999999998,48902,0,0.0
2024-05-16,China Shipping,6,81.3,2.3666666666666667,59929,1,0.167
2024-05-16,Everport,9,89.47777777777779,2.3444444444444446,99367,1,0.111
2024-05-16,TraPac,4,87.4,2.0999999999999996,41028,3,0.75
2024-05-16,Yang Ming,8,85.325,1.9,79299,0,0.0
2024-05-17,APM Terminals,5,96.12,2.44,50784,0,0.0
2024-05-17,China Shipping,3,96.0,2.1,38445,0,0.0
2024-05-17,Everport,9,92.8111111111111,2.3111111111111113,95573,0,0.0
2024-05-17,TraPac,3,99.90000000000002,2.033333333333333,33687,0,0.0
2024-05-17,Yang Ming,2,91.55000000000001,2.1,18213,1,0.5
2024-05-18,APM Terminals,9,94.77777777777777,1.8555555555555554,76621,2,0.222
2024-05-18,China Shipping,10,88.66,2.3,100293,1,0.1
2024-05-18,Everport,5,83.6,1.6600000000000001,38143,1,0.2
2024-05-18,TraPac,4,82.2,1.9,34886,1,0.25
2024-05-18,Yang Ming,5,86.17999999999999,1.8800000000000001,43250,0,0.0
2024-05-19,APM Terminals,7,92.57142857142857,2.1142857142857143,78000,2,0.286
2024-05-19,China Shipping,5,82.64,2.06,45884,1,0.2
2024-05-19,Everport,7,88.45714285714287,1.557142857142857,46683,1,0.143
2024-05-19,TraPac,2,99.15,1.75,12344,0,0.0
2024-05-19,Yang Ming,4,80.675,2.45,55072,2,0.5
2024-05-20,APM Terminals,6,94.75,2.1666666666666665,51852,0,0.0
2024-05-20,China Shipping,7,76.14285714285714,2.314285714285714,81638,1,0.143
2024-05-20,Everport,8,91.625,2.1625,78575,1,0.125
2024-05-20,TraPac,3,97.23333333333333,2.1333333333333333,32846,1,0.333
2024-05-20,Yang Ming,5,90.02000000000001,2.12,46085,0,0.0
2024-05-21,APM Terminals,10,89.55,1.98,85537,1,0.1
2024-05-21,China Shipping,8,106.3875,2.3625,89673,1,0.125
2024-05-21,Everport,6,84.63333333333334,2.1166666666666667,63164,1,0.167
2024-05-21,TraPac,4,94.825,2.0,35422,1,0.25
2024-05-21,Yang Ming,5,82.02000000000001,2.2199999999999998,60639,0,0.0
2024-05-22,APM Terminals,6,87.64999999999999,2.066666666666667,48918,1,0.167
2024-05-22,China Shipping,6,94.75,1.9000000000000001,40741,0,0.0
2024-05-22,Everport,2,93.0,2.05,27387,0,0.0
2024-05-22,TraPac,6,85.11666666666666,2.3000000000000003,66992,1,0.167
2024-05-22,Yang Ming,6,78.73333333333333,1.8333333333333333,47893,1,0.167
2024-05-23,APM Terminals,6,81.98333333333333,2.566666666666667,72014,0,0.0
2024-05-23,China Shipping,7,90.47142857142856,2.314285714285714,80884,1,0.143
2024-05-23,Everport,9,91.72222222222223,2.022222222222222,101066,2,0.222
2024-05-23,TraPac,5,96.44000000000001,1.86,37278,0,0.0
2024-05-23,Yang Ming,5,82.94,2.2800000000000002,56591,1,0.2
2024-05-24,APM Terminals,8,81.6625,1.7875,47625,1,0.125
2024-05-24,China Shipping,8,89.5125,2.225,65124,1,0.125
2024-05-24,Everport,1,90.8,2.6,10033,0,0.0
2024-05-24,TraPac,4,84.2,1.575,27032,0,0.0
2024-05-24,Yang Ming,5,84.06,2.18,56091,0,0.0
2024-05-25,APM Terminals,8,95.4875,2.0125,66858,2,0.25
2024-05-25,China Shipping,7,85.57142857142857,2.0285714285714285,77399,0,0.0
2024-05-25,Everport,5,87.28,1.8399999999999999,37009,0,0.0
2024-05-25,TraPac,3,90.0,2.5,39792,1,0.333
2024-05-25,Yang Ming,8,93.375,2.1625,83751,1,0.125
2024-05-26,APM Terminals,8,92.15,2.125,88001,1,0.125
2024-05-26,China Shipping,7,88.64285714285714,1.9857142857142858,70595,4,0.571
2024-05-26,Everport,6,84.16666666666667,2.3666666666666667,75049,1,0.167
2024-05-26,TraPac,6,88.91666666666667,2.1666666666666665,62152,0,0.0
2024-05-26,Yang Ming,9,95.23333333333333,2.111111111111111,94394,2,0.222
2024-05-27,APM Terminals,9,85.38888888888889,2.3,84804,2,0.222
2024-05-27,China Shipping,10,94.92999999999999,2.21,105192,1,0.1
2024-05-27,Everport,5,86.25999999999999,1.86,31842,1,0.2
2024-05-27,TraPac,6,84.43333333333334,2.1999999999999997,52097,0,0.0
2024-05-27,Yang Ming,4,86.19999999999999,2.2,37871,2,0.5
2024-05-28,APM Terminals,4,84.025,2.425,50332,0,0.0
2024-05-28,China Shipping,5,87.3,2.34,51449,0,0.0
2024-05-28,Everport,6,91.53333333333335,2.216666666666667,61722,1,0.167
2024-05-28,TraPac,1,88.9,3.3,15172,0,0.0
2024-05-28,Yang Ming,8,81.1,2.0375,71802,3,0.375
2024-05-29,APM Terminals,4,92.975,2.275,34053,1,0.25
2024-05-29,China Shipping,6,91.75,2.1,50847,1,0.167
2024-05-29,Everport,1,109.4,1.9,6541,0,0.0
2024-05-29,TraPac,3,105.39999999999999,2.3000000000000003,24571,0,0.0
2024-05-29,Yang Ming,2,84.3,1.8,13472,0,0.0
2024-05-30,APM Terminals,3,92.93333333333334,2.0,27463,0,0.0
2024-05-30,China Shipping,8,86.325,2.2375,80417,4,0.5
2024-05-30,Everport,4,94.55000000000001,1.55,25525,0,0.0
2024-05-30,TraPac,5,89.64,1.6,33423,1,0.2
2024-05-30,Yang Ming,6,97.93333333333334,1.8499999999999999,37699,1,0.167
2024-05-31,APM Terminals,6,99.21666666666665,2.4833333333333334,72428,1,0.167
2024-05-31,China Shipping,4,97.825,2.325,46990,0,0.0
2024-05-31,Everport,9,84.92222222222222,2.3777777777777778,95320,2,0.222
2024-05-31,TraPac,5,103.04,1.94,46565,0,0.0
2024-05-31,Yang Ming,6,83.25,2.283333333333333,67360,2,0.333
2024-06-01,APM Terminals,4,82.175,2.55,54955,0,0.0
2024-06-01,China Shipping,6,104.36666666666667,1.8,47809,0,0.0
2024-06-01,Everport,2,93.3,2.3,18749,0,0.0
2024-06-01,TraPac,9,80.1888888888889,1.6555555555555557,69749,2,0.222
2024-06-01,Yang Ming,6,93.14999999999999,2.066666666666667,47971,3,0.5
2024-06-02,APM Terminals,6,82.0,1.7166666666666668,53339,0,0.0
2024-06-02,China Shipping,8,86.8625,2.0,81833,1,0.125
2024-06-02,Everport,9,82.0,2.2666666666666666,88527,2,0.222
2024-06-02,TraPac,4,98.675,2.2,42207,0,0.0
2024-06-02,Yang Ming,5,88.6,2.2399999999999998,47991,2,0.4
2024-06-03,APM Terminals,6,91.71666666666665,1.8,65275,1,0.167
2024-06-03,China Shipping,5,75.55999999999999,1.94,48527,1,0.2
2024-06-03,Everport,7,98.57142857142857,2.4714285714285715,94414,1,0.143
2024-06-03,TraPac,4,86.575,2.475,52460,0,0.0
2024-06-03,Yang Ming,7,92.94285714285715,2.6285714285714286,86371,1,0.143
2024-06-04,APM Terminals,2,68.05000000000001,2.25,18351,0,0.0
2024-06-04,China Shipping,4,91.25,1.9000000000000001,48198,0,0.0
2024-06-04,Everport,6,89.23333333333333,2.183333333333333,61799,0,0.0
2024-06-04,TraPac,9,91.30000000000001,1.822222222222222,76675,1,0.111
2024-06-04,Yang Ming,3,77.63333333333333,1.9333333333333333,24233,2,0.667
2024-06-05,APM Terminals,5,93.8,2.52,65378,2,0.4
2024-06-05,China Shipping,6,89.18333333333334,2.4,68813,1,0.167
2024-06-05,Everport,4,77.875,1.7,24331,0,0.0
2024-06-05,TraPac,7,88.05714285714285,2.0714285714285716,54424,1,0.143
2024-06-05,Yang Ming,7,100.02857142857144,2.0714285714285716,78894,1,0.143
2024-06-06,APM Terminals,7,86.72857142857143,2.1142857142857143,66400,0,0.0
2024-06-06,Everport,8,101.375,2.125,68658,2,0.25
2024-06-06,TraPac,5,87.92,1.8,35025,1,0.2
2024-06-06,Yang Ming,4,91.55,1.7,31340,1,0.25
2024-06-07,APM Terminals,7,81.68571428571428,2.1142857142857143,66406,0,0.0
2024-06-07,China Shipping,7,101.98571428571428,1.9000000000000001,62117,3,0.429
2024-06-07,Everport,2,86.8,2.05,17372,1,0.5
2024-06-07,TraPac,4,98.425,1.475,28160,0,0.0
2024-06-07,Yang Ming,6,89.51666666666667,2.3833333333333333,58602,1,0.167
2024-06-08,APM Terminals,6,96.81666666666666,1.9333333333333333,44345,1,0.167
2024-06-08,China Shipping,11,92.92727272727274,1.6454545454545455,87149,0,0.0
2024-06-08,Everport,6,85.95,2.183333333333333,50515,2,0.333
2024-06-08,TraPac,6,94.03333333333335,2.0833333333333335,65549,3,0.5
2024-06-08,Yang Ming,7,97.61428571428571,1.9000000000000001,56084,1,0.143
2024-06-09,APM Terminals,1,118.4,3.0,16996,0,0.0
2024-06-09,China Shipping,6,83.55,1.8833333333333335,53049,0,0.0
2024-06-09,Everport,3,86.8,2.1,23126,1,0.333
2024-06-09,TraPac,6,92.06666666666666,1.7166666666666668,57303,0,0.0
2024-06-09,Yang Ming,10,89.44,2.27,118546,0,0.0
2024-06-10,APM Terminals,3,95.46666666666665,2.0,27991,1,0.333
2024-06-10,China Shipping,7,93.95714285714287,1.9857142857142858,53204,0,0.0
2024-06-10,Everport,4,82.625,2.05,39133,1,0.25
2024-06-10,TraPac,5,99.03999999999999,2.0,52793,2,0.4
2024-06-10,Yang Ming,5,100.4,1.8199999999999998,37073,1,0.2
2024-06-11,APM Terminals,7,91.18571428571428,1.8714285714285714,43765,0,0.0
2024-06-11,China Shipping,6,92.45,2.3000000000000003,66901,0,0.0
2024-06-11,Everport,8,85.6375,2.075,76782,1,0.125
2024-06-11,TraPac,7,83.01428571428572,1.7285714285714284,46219,1,0.143
2024-06-11,Yang Ming,10,91.36,2.2,102888,2,0.2
2024-06-12,APM Terminals,6,87.96666666666665,2.1999999999999997,67504,1,0.167
2024-06-12,China Shipping,5,90.88,2.32,47782,0,0.0
2024-06-12,Everport,4,76.85,1.975,25308,0,0.0
2024-06-12,TraPac,6,86.76666666666667,2.4499999999999997,62817,2,0.333
2024-06-12,Yang Ming,1,93.9,2.0,11192,0,0.0
2024-06-13,APM Terminals,4,88.675,2.2,29977,3,0.75
2024-06-13,China Shipping,7,91.41428571428571,1.842857142857143,52028,2,0.286
2024-06-13,Everport,8,90.0,1.7375,56016,0,0.0
2024-06-13,TraPac,10,94.72999999999999,2.12,98666,2,0.2
2024-06-13,Yang Ming,6,85.48333333333333,2.1999999999999997,66518,3,0.5
2024-06-14,APM Terminals,11,89.12727272727273,2.1363636363636362,112120,2,0.182
2024-06-14,China Shipping,4,98.25,2.05,33781,2,0.5
2024-06-14,Everport,3,93.60000000000001,2.0,30647,1,0.333
2024-06-14,TraPac,5,91.34,2.1,35321,1,0.2
2024-06-14,Yang Ming,5,88.38,1.8399999999999999,46275,0,0.0
2024-06-15,APM Terminals,8,81.9375,2.3125,95389,0,0.0
2024-06-15,China Shipping,7,91.84285714285714,2.085714285714286,64859,1,0.143
2024-06-15,Everport,3,94.63333333333333,2.1666666666666665,25072,0,0.0
2024-06-15,TraPac,7,87.01428571428572,1.9857142857142858,77210,1,0.143
2024-06-15,Yang Ming,7,96.12857142857142,2.314285714285714,79842,1,0.143
2024-06-16,APM Terminals,4,93.25,2.025,31164,0,0.0
2024-06-16,China Shipping,8,88.5,2.2125,78017,0,0.0
2024-06-16,Everport,5,91.96000000000001,2.1,44652,0,0.0
2024-06-16,TraPac,7,87.65714285714286,1.957142857142857,57169,1,0.143
2024-06-16,Yang Ming,6,84.41666666666667,2.3833333333333333,59373,1,0.167
2024-06-17,APM Terminals,6,91.2,2.1,56717,2,0.333
2024-06-17,China Shipping,9,82.15555555555555,2.2555555555555555,91713,0,0.0
2024-06-17,Everport,8,86.9875,1.7999999999999998,50658,0,0.0
2024-06-17,TraPac,4,92.2,2.325,49218,0,0.0
2024-06-17,Yang Ming,2,86.80000000000001,2.8,25876,2,1.0
2024-06-18,APM Terminals,8,91.55,1.9625,81145,1,0.125
2024-06-18,China Shipping,3,85.83333333333333,2.466666666666667,28796,1,0.333
2024-06-18,Everport,10,87.16,2.25,100138,0,0.0
2024-06-18,TraPac,4,87.725,2.275,41680,1,0.25
2024-06-18,Yang Ming,5,89.76,2.5,62052,1,0.2
2024-06-19,APM Terminals,7,89.04285714285713,2.3714285714285714,63897,1,0.143
2024-06-19,China Shipping,7,84.02857142857144,2.085714285714286,75563,0,0.0
2024-06-19,Everport,5,93.02000000000001,1.7399999999999998,35806,2,0.4
2024-06-19,TraPac,7,95.01428571428572,1.8857142857142857,57580,0,0.0
2024-06-19,Yang Ming,3,83.66666666666667,2.2333333333333334,33864,0,0.0
2024-06-20,APM Terminals,6,100.88333333333333,2.3833333333333333,50996,1,0.167
2024-06-20,China Shipping,6,89.88333333333333,2.2666666666666666,65714,1,0.167
2024-06-20,Everport,8,98.89999999999999,1.8,81743,0,0.0
2024-06-20,TraPac,8,88.975,2.1875,86021,1,0.125
2024-06-20,Yang Ming,7,85.24285714285715,1.7428571428571427,56812,0,0.0
2024-06-21,APM Terminals,7,87.41428571428571,2.1,73212,0,0.0
2024-06-21,China Shipping,2,86.7,2.25,16385,0,0.0
2024-06-21,Everport,5,95.7,2.16,54810,1,0.2
2024-06-21,TraPac,4,85.39999999999999,2.05,31203,0,0.0
2024-06-21,Yang Ming,2,104.4,2.45,21803,0,0.0
2024-06-22,APM Terminals,3,101.76666666666667,1.9666666666666666,31807,1,0.333
2024-06-22,China Shipping,5,95.58,2.3,51219,1,0.2
2024-06-22,Everport,10,96.44,2.19,85243,1,0.1
2024-06-22,TraPac,11,96.7909090909091,2.518181818181818,122592,2,0.182
2024-06-22,Yang Ming,4,87.925,2.025,28638,1,0.25
2024-06-23,APM Terminals,4,87.55,2.45,52958,0,0.0
2024-06-23,China Shipping,7,84.22857142857143,2.3857142857142857,87788,1,0.143
2024-06-23,Everport,6,91.66666666666667,2.466666666666667,79993,1,0.167
2024-06-23,TraPac,6,76.26666666666667,1.7333333333333334,45199,0,0.0
2024-06-23,Yang Ming,8,95.55,2.1,92616,1,0.125
2024-06-24,APM Terminals,7,86.14285714285714,2.0142857142857147,67095,2,0.286
2024-06-24,China Shipping,5,78.5,2.02,42928,1,0.2
2024-06-24,Everport,3,90.06666666666666,2.1333333333333333,33479,0,0.0
2024-06-24,TraPac,7,87.12857142857142,2.085714285714286,64925,1,0.143
2024-06-24,Yang Ming,4,97.35,1.625,40078,0,0.0
2024-06-25,APM Terminals,3,92.56666666666666,2.0,36852,1,0.333
2024-06-25,China Shipping,6,95.18333333333334,2.15,56607,1,0.167
2024-06-25,Everport,6,85.8,1.6166666666666665,46103,2,0.333
2024-06-25,TraPac,5,89.5,2.1399999999999997,43535,2,0.4
2024-06-25,Yang Ming,7,98.94285714285715,2.085714285714286,70984,0,0.0
2024-06-26,APM Terminals,11,91.5909090909091,2.390909090909091,137039,1,0.091
2024-06-26,China Shipping,3,108.46666666666665,2.5666666666666664,36267,0,0.0
2024-06-26,Everport,3,81.7,2.3333333333333335,32771,0,0.0
2024-06-26,TraPac,6,87.51666666666667,1.4833333333333334,36906,0,0.0
2024-06-26,Yang Ming,4,97.95,1.75,34891,0,0.0
2024-06-27,APM Terminals,4,88.475,1.75,20484,0,0.0
2024-06-27,China Shipping,5,96.9,2.02,46792,1,0.2
2024-06-27,Everport,9,89.53333333333333,1.9666666666666666,93427,1,0.111
2024-06-27,TraPac,3,91.16666666666667,1.7,13309,0,0.0
2024-06-27,Yang Ming,7,87.91428571428571,2.2142857142857144,78136,0,0.0
2024-06-28,APM Terminals,8,86.8875,2.2875,89715,0,0.0
2024-06-28,China Shipping,8,94.1375,2.4875,88404,2,0.25
2024-06-28,Everport,5,87.26,2.12,58190,0,0.0
2024-06-28,TraPac,2,102.4,1.5,13607,0,0.0
2024-06-28,Yang Ming,11,97.97272727272728,2.3363636363636364,134526,2,0.182
2024-06-29,APM Terminals,11,88.24545454545455,2.6454545454545455,121636,0,0.0
2024-06-29,China Shipping,4,89.9,2.35,60152,1,0.25
2024-06-29,Everport,6,93.81666666666666,2.2666666666666666,53135,1,0.167
2024-06-29,TraPac,10,88.66,1.89,82251,1,0.1
2024-06-29,Yang Ming,2,92.75,2.05,21632,1,0.5
2024-06-30,China Shipping,6,89.16666666666667,2.6333333333333333,77728,1,0.167
2024-06-30,Everport,9,95.02222222222223,2.0777777777777775,86040,2,0.222
2024-06-30,TraPac,9,82.54444444444444,2.066666666666667,66030,1,0.111
2024-06-30,Yang Ming,8,94.225,2.3125,89745,1,0.125
2024-07-01,APM Terminals,3,90.63333333333333,2.066666666666667,28615,1,0.333
2024-07-01,China Shipping,8,90.6375,2.225,71102,2,0.25
2024-07-01,Everport,4,101.65,2.125,36488,0,0.0
2024-07-01,TraPac,9,85.27777777777777,2.3,111994,1,0.111
2024-07-01,Yang Ming,4,90.325,2.3,44250,0,0.0
2024-07-02,APM Terminals,3,86.10000000000001,1.7333333333333334,14875,1,0.333
2024-07-02,China Shipping,5,85.0,2.02,41958,1,0.2
2024-07-02,Everport,5,83.3,1.8399999999999999,44357,0,0.0
2024-07-02,TraPac,5,83.4,2.18,44564,0,0.0
2024-07-02,Yang Ming,6,83.14999999999999,1.8666666666666665,52849,0,0.0
2024-07-03,APM Terminals,6,92.75,2.0,59951,1,0.167
2024-07-03,China Shipping,6,95.39999999999999,2.35,62734,0,0.0
2024-07-03,Everport,7,100.51428571428572,1.9571428571428573,47411,1,0.143
2024-07-03,TraPac,7,93.07142857142857,1.457142857142857,37293,3,0.429
2024-07-03,Yang Ming,6,100.36666666666667,2.2666666666666666,71248,1,0.167
2024-07-04,APM Terminals,12,91.50833333333333,2.1,124249,1,0.083
2024-07-04,China Shipping,5,92.2,2.3600000000000003,57833,1,0.2
2024-07-04,Everport,6,87.35000000000001,1.9333333333333333,60692,3,0.5
2024-07-04,TraPac,4,95.4,2.25,40341,1,0.25
2024-07-04,Yang Ming,10,78.7,2.19,117941,1,0.1
2024-07-05,APM Terminals,10,97.14,2.41,119880,0,0.0
2024-07-05,China Shipping,10,92.33,1.8800000000000001,86342,1,0.1
2024-07-05,Everport,4,91.95,2.575,50557,0,0.0
2024-07-05,TraPac,5,99.82000000000001,1.92,45098,3,0.6
2024-07-05,Yang Ming,6,84.45,2.0,47437,1,0.167
2024-07-06,APM Terminals,3,95.0,2.9,49770,1,0.333
2024-07-06,China Shipping,4,84.52499999999999,2.4,43418,1,0.25
2024-07-06,Everport,3,80.89999999999999,2.033333333333333,36934,1,0.333
2024-07-06,TraPac,5,81.03999999999999,2.2199999999999998,54468,0,0.0
2024-07-06,Yang Ming,3,110.39999999999999,1.7,14944,0,0.0
2024-07-07,APM Terminals,2,87.1,1.35,4712,0,0.0
2024-07-07,China Shipping,11,91.28181818181818,1.8636363636363635,102305,1,0.091
2024-07-07,Everport,7,102.78571428571429,1.8285714285714287,54508,1,0.143
2024-07-07,TraPac,8,98.225,2.275,85309,1,0.125
2024-07-07,Yang Ming,5,100.72,1.7399999999999998,27295,3,0.6
2024-07-08,APM Terminals,5,97.82000000000001,1.94,46691,0,0.0
2024-07-08,China Shipping,1,74.6,1.1,7146,0,0.0
2024-07-08,Everport,5,84.86,1.8800000000000001,45954,2,0.4
2024-07-08,TraPac,5,76.8,2.74,68944,0,0.0
2024-07-08,Yang Ming,5,81.64,1.64,30417,1,0.2
2024-07-09,APM Terminals,4,107.075,2.15,41056,0,0.0
2024-07-09,China Shipping,3,88.89999999999999,1.2,20289,1,0.333
2024-07-09,Everport,5,92.24,2.1399999999999997,31115,1,0.2
2024-07-09,TraPac,11,86.95454545454545,2.1454545454545455,123359,0,0.0
2024-07-09,Yang Ming,9,94.93333333333334,1.6888888888888889,50563,2,0.222
2024-07-10,APM Terminals,7,89.27142857142857,2.1,65593,2,0.286
2024-07-10,China Shipping,6,92.95,2.233333333333333,62904,1,0.167
2024-07-10,Everport,10,83.03999999999999,2.2,106789,1,0.1
2024-07-10,TraPac,8,84.9625,2.45,91470,1,0.125
2024-07-10,Yang Ming,3,83.89999999999999,1.8,19466,1,0.333
2024-07-11,APM Terminals,4,75.075,2.325,46261,0,0.0
2024-07-11,China Shipping,5,99.56,2.32,46556,0,0.0
2024-07-11,Everport,2,106.6,1.9,17255,0,0.0
2024-07-11,TraPac,4,85.0,2.275,45005,1,0.25
2024-07-11,Yang Ming,11,91.63636363636364,2.2636363636363637,128743,0,0.0
2024-07-12,APM Terminals,6,94.83333333333333,1.5666666666666667,29506,1,0.167
2024-07-12,China Shipping,8,91.65,1.8375000000000001,69673,1,0.125
2024-07-12,Everport,4,91.1,2.375,44982,0,0.0
2024-07-12,TraPac,5,84.28,1.5,27774,0,0.0
2024-07-12,Yang Ming,6,102.11666666666667,2.4499999999999997,79092,1,0.167
2024-07-13,APM Terminals,8,91.5,2.0375,82416,0,0.0
2024-07-13,China Shipping,5,97.64,2.44,61654,1,0.2
2024-07-13,Everport,9,86.65555555555555,2.288888888888889,98544,1,0.111
2024-07-13,TraPac,7,91.62857142857142,2.442857142857143,92095,0,0.0
2024-07-13,Yang Ming,2,88.44999999999999,2.3,12614,0,0.0
2024-07-14,APM Terminals,7,93.28571428571429,1.9714285714285715,70197,3,0.429
2024-07-14,China Shipping,4,90.0,1.825,46348,0,0.0
2024-07-14,Everport,11,85.92727272727274,2.1,110598,2,0.182
2024-07-14,TraPac,2,74.95,2.7,32489,0,0.0
2024-07-14,Yang Ming,6,89.83333333333333,1.9166666666666667,54152,1,0.167
2024-07-15,APM Terminals,5,87.28,2.5,59950,1,0.2
2024-07-15,China Shipping,3,91.26666666666667,2.066666666666667,28925,1,0.333
2024-07-15,Everport,4,85.3,2.375,49015,0,0.0
2024-07-15,TraPac,7,92.64285714285714,2.0142857142857142,74461,2,0.286
2024-07-15,Yang Ming,5,94.28,2.14,52323,3,0.6
2024-07-16,APM Terminals,6,104.76666666666667,2.35,66467,0,0.0
2024-07-16,China Shipping,3,92.83333333333333,2.8000000000000003,44200,1,0.333
2024-07-16,Everport,8,98.975,2.1,76650,1,0.125
2024-07-16,TraPac,4,92.75,2.475,44902,0,0.0
2024-07-16,Yang Ming,2,83.9,2.3499999999999996,17487,0,0.0
2024-07-17,APM Terminals,11,98.47272727272728,2.390909090909091,118004,3,0.273
2024-07-17,China Shipping,8,85.3,1.975,79086,0,0.0
2024-07-17,Everport,5,91.86,2.2,41335,0,0.0
2024-07-17,TraPac,5,89.06,2.12,56798,1,0.2
2024-07-17,Yang Ming,5,92.82000000000001,2.08,56592,0,0.0
2024-07-18,APM Terminals,5,91.74,2.04,42297,2,0.4
2024-07-18,China Shipping,4,88.525,1.95,35813,0,0.0
2024-07-18,Everport,9,93.76666666666667,2.4555555555555557,103528,1,0.111
2024-07-18,TraPac,5,86.26,2.56,65747,0,0.0
2024-07-18,Yang Ming,5,85.66,2.06,52522,1,0.2
2024-07-19,APM Terminals,9,84.11111111111111,2.0777777777777775,91703,1,0.111
2024-07-19,China Shipping,6,91.56666666666666,2.1166666666666667,58525,1,0.167
2024-07-19,Everport,9,86.33333333333333,2.5,125626,3,0.333
2024-07-19,TraPac,6,82.16666666666667,2.0833333333333335,65620,2,0.333
2024-07-19,Yang Ming,6,91.11666666666667,1.8166666666666667,44275,0,0.0
2024-07-20,APM Terminals,3,97.46666666666665,2.6333333333333333,35021,2,0.667
2024-07-20,China Shipping,3,90.03333333333335,2.2,34840,0,0.0
2024-07-20,Everport,5,90.53999999999999,2.32,61877,1,0.2
2024-07-20,TraPac,5,93.17999999999999,1.78,41725,0,0.0
2024-07-20,Yang Ming,6,98.63333333333333,1.8333333333333333,51653,1,0.167
2024-07-21,APM Terminals,9,89.62222222222222,2.2777777777777777,85508,1,0.111
2024-07-21,China Shipping,4,91.7,1.75,37444,1,0.25
2024-07-21,Everport,9,78.83333333333333,2.3000000000000003,97286,1,0.111
2024-07-21,TraPac,9,88.85555555555555,2.011111111111111,86646,1,0.111
2024-07-21,Yang Ming,7,77.84285714285714,2.2285714285714286,71803,2,0.286
2024-07-22,APM Terminals,5,87.96000000000001,2.12,56938,1,0.2
2024-07-22,China Shipping,3,58.73333333333333,2.566666666666667,32750,2,0.667
2024-07-22,Everport,7,91.54285714285713,2.1,60255,0,0.0
2024-07-22,TraPac,5,98.4,2.58,67385,0,0.0
2024-07-22,Yang Ming,4,79.225,1.7249999999999999,25041,1,0.25
2024-07-23,APM Terminals,6,89.21666666666665,2.066666666666667,38448,3,0.5
2024-07-23,China Shipping,7,77.32857142857142,1.7714285714285716,46816,2,0.286
2024-07-23,Everport,8,95.1125,2.3625,73891,1,0.125
2024-07-23,TraPac,11,86.42727272727274,2.036363636363636,92788,2,0.182
2024-07-23,Yang Ming,4,106.175,1.8250000000000002,42085,3,0.75
2024-07-24,APM Terminals,5,93.94,2.66,71895,1,0.2
2024-07-24,China Shipping,8,87.5,1.7625,52877,2,0.25
2024-07-24,Everport,8,87.275,2.225,89898,1,0.125
2024-07-24,TraPac,4,75.15,1.925,38310,0,0.0
2024-07-24,Yang Ming,3,101.76666666666665,2.1666666666666665,27039,0,0.0
2024-07-25,APM Terminals,6,84.0,2.033333333333333,57856,0,0.0
2024-07-25,China Shipping,4,88.225,1.375,12727,1,0.25
2024-07-25,Everport,8,85.4625,2.1625,80583,2,0.25
2024-07-25,TraPac,5,85.2,2.44,62764,1,0.2
2024-07-25,Yang Ming,4,85.975,1.9500000000000002,37491,1,0.25
2024-07-26,APM Terminals,3,95.5,2.0,21536,0,0.0
2024-07-26,China Shipping,6,85.31666666666666,2.533333333333333,74560,1,0.167
2024-07-26,Everport,8,92.35,2.3875,97784,2,0.25
2024-07-26,TraPac,11,90.53636363636363,2.036363636363636,103616,0,0.0
2024-07-26,Yang Ming,4,81.475,1.925,38138,0,0.0
2024-07-27,APM Terminals,10,91.99,2.3899999999999997,112592,0,0.0
2024-07-27,China Shipping,5,85.24,1.8,47868,1,0.2
2024-07-27,Everport,7,98.27142857142857,1.9428571428571428,60331,2,0.286
2024-07-27,TraPac,3,87.10000000000001,2.1666666666666665,29151,0,0.0
2024-07-27,Yang Ming,2,80.8,2.45,21894,1,0.5
2024-07-28,APM Terminals,3,106.3,2.733333333333333,45961,1,0.333
2024-07-28,China Shipping,2,98.19999999999999,2.1,18583,0,0.0
2024-07-28,Everport,5,81.86,2.4,47627,0,0.0
2024-07-28,TraPac,6,86.61666666666667,1.6166666666666665,43848,1,0.167
2024-07-28,Yang Ming,5,92.26,1.8599999999999999,47159,1,0.2
2024-07-29,APM Terminals,7,93.82857142857142,1.8857142857142857,49864,1,0.143
2024-07-29,China Shipping,7,82.37142857142858,1.9571428571428573,53970,1,0.143
2024-07-29,Everport,7,95.05714285714285,2.0571428571428574,66511,2,0.286
2024-07-29,TraPac,9,97.05555555555556,2.011111111111111,79388,0,0.0
2024-07-29,Yang Ming,3,84.26666666666667,2.066666666666667,22666,0,0.0
2024-07-30,APM Terminals,3,93.43333333333334,1.7666666666666666,19655,1,0.333
2024-07-30,China Shipping,3,92.26666666666667,2.1999999999999997,27619,0,0.0
2024-07-30,Everport,10,89.83000000000001,1.7,58088,0,0.0
2024-07-30,TraPac,11,89.02727272727272,1.6,81681,1,0.091
2024-07-30,Yang Ming,10,85.56,1.94,81885,0,0.0
2024-07-31,APM Terminals,4,98.15,2.2,36372,1,0.25
2024-07-31,China Shipping,8,93.2875,1.95,73105,1,0.125
2024-07-31,Everport,7,90.44285714285715,2.242857142857143,71585,1,0.143
2024-07-31,TraPac,9,93.77777777777777,2.011111111111111,82551,0,0.0
2024-07-31,Yang Ming,7,86.39999999999999,2.1,74080,4,0.571
2024-08-01,APM Terminals,7,115.32857142857142,2.0571428571428574,71511,1,0.143
2024-08-01,China Shipping,2,115.15,2.25,20714,0,0.0
2024-08-01,Everport,9,114.03333333333333,2.1888888888888887,81638,2,0.222
2024-08-01,TraPac,4,114.32499999999999,1.85,24493,2,0.5
2024-08-01,Yang Ming,5,106.3,2.1,42542,2,0.4
2024-08-02,APM Terminals,8,108.8125,2.15,78805,1,0.125
2024-08-02,China Shipping,12,116.96666666666665,2.1166666666666667,119939,3,0.25
2024-08-02,Everport,10,125.0,1.8399999999999999,91169,5,0.5
2024-08-02,TraPac,6,118.45,1.9833333333333332,57428,1,0.167
2024-08-02,Yang Ming,7,118.89999999999999,2.0714285714285716,61998,1,0.143
2024-08-03,APM Terminals,4,117.45,2.725,54396,2,0.5
2024-08-03,China Shipping,6,109.14999999999999,2.316666666666667,75686,1,0.167
2024-08-03,Everport,6,111.75,2.4,69046,2,0.333
2024-08-03,TraPac,8,120.41250000000001,2.25,102930,2,0.25
2024-08-03,Yang Ming,8,122.8125,1.975,66540,0,0.0
2024-08-04,APM Terminals,8,115.2375,2.075,77244,1,0.125
2024-08-04,China Shipping,1,138.1,1.5,7311,1,1.0
2024-08-04,Everport,4,114.6,2.575,55477,2,0.5
2024-08-04,TraPac,13,117.87692307692308,2.1846153846153844,130862,1,0.077
2024-08-04,Yang Ming,5,124.47999999999999,2.2800000000000002,58413,0,0.0
2024-08-05,APM Terminals,4,111.15,2.025,43350,1,0.25
2024-08-05,China Shipping,4,114.525,2.25,38475,0,0.0
2024-08-05,Everport,3,115.53333333333335,2.266666666666667,38573,2,0.667
2024-08-05,TraPac,7,118.07142857142857,2.142857142857143,69803,2,0.286
2024-08-05,Yang Ming,5,108.75999999999999,2.02,55936,1,0.2
2024-08-06,APM Terminals,7,124.41428571428573,1.8,75232,0,0.0
2024-08-06,China Shipping,14,116.89285714285714,1.9928571428571427,133516,3,0.214
2024-08-06,Everport,5,106.02000000000001,2.1,49958,0,0.0
2024-08-06,TraPac,6,124.66666666666667,1.8166666666666667,57645,2,0.333
2024-08-06,Yang Ming,5,118.62,2.1399999999999997,45545,0,0.0
2024-08-07,APM Terminals,6,128.46666666666667,2.3333333333333335,63749,1,0.167
2024-08-07,China Shipping,7,111.39999999999999,1.9857142857142858,64537,1,0.143
2024-08-07,Everport,7,119.18571428571428,2.4,80322,2,0.286
2024-08-07,TraPac,5,109.46,2.32,57114,1,0.2
2024-08-07,Yang Ming,7,129.78571428571428,2.1714285714285713,61340,0,0.0
2024-08-08,APM Terminals,6,114.38333333333334,2.066666666666667,60962,1,0.167
2024-08-08,China Shipping,5,117.7,2.44,47013,2,0.4
2024-08-08,Everport,4,110.825,2.475,34112,2,0.5
2024-08-08,TraPac,7,120.82857142857142,2.357142857142857,60582,0,0.0
2024-08-08,Yang Ming,9,112.87777777777778,2.111111111111111,106053,2,0.222
2024-08-09,APM Terminals,7,134.3,2.6,99647,2,0.286
2024-08-09,China Shipping,5,123.14000000000001,1.7600000000000002,48169,0,0.0
2024-08-09,Everport,8,117.4125,1.7875,71301,1,0.125
2024-08-09,TraPac,10,124.4,2.38,127511,1,0.1
2024-08-09,Yang Ming,9,113.93333333333334,2.088888888888889,79684,2,0.222
2024-08-10,APM Terminals,8,119.4625,2.0875,76290,2,0.25
2024-08-10,China Shipping,13,117.1846153846154,1.7384615384615385,98203,0,0.0
2024-08-10,Everport,6,117.56666666666666,2.5500000000000003,71411,2,0.333
2024-08-10,TraPac,3,114.26666666666667,2.866666666666667,42714,0,0.0
2024-08-10,Yang Ming,6,119.56666666666666,2.1666666666666665,59739,0,0.0
2024-08-11,APM Terminals,6,112.2,1.9666666666666668,43340,0,0.0
2024-08-11,China Shipping,7,116.75714285714287,2.2,63249,0,0.0
2024-08-11,Everport,8,118.2,2.2125,70136,3,0.375
2024-08-11,TraPac,9,109.83333333333333,2.344444444444444,94652,2,0.222
2024-08-11,Yang Ming,5,114.25999999999999,2.2600000000000002,46820,0,0.0
2024-08-12,APM Terminals,5,107.16,2.3,59806,0,0.0
2024-08-12,China Shipping,7,114.7,2.0714285714285716,68205,0,0.0
2024-08-12,Everport,3,124.60000000000001,1.4333333333333333,25300,0,0.0
2024-08-12,TraPac,4,111.65,1.625,22775,2,0.5
2024-08-12,Yang Ming,6,114.3,2.3000000000000003,70772,1,0.167
2024-08-13,APM Terminals,3,111.60000000000001,2.566666666666667,37865,0,0.0
2024-08-13,China Shipping,12,113.25833333333333,2.4166666666666665,140234,1,0.083
2024-08-13,Everport,2,120.4,1.7000000000000002,13428,2,1.0
2024-08-13,TraPac,2,124.6,1.6,17296,0,0.0
2024-08-13,Yang Ming,5,119.62,2.04,54490,0,0.0
2024-08-14,APM Terminals,7,115.72857142857143,2.357142857142857,58088,1,0.143
2024-08-14,China Shipping,7,104.3,2.2714285714285714,84268,0,0.0
2024-08-14,Everport,3,108.89999999999999,2.1333333333333333,19918,0,0.0
2024-08-14,TraPac,11,121.71818181818183,1.8818181818181818,87362,4,0.364
2024-08-14,Yang Ming,8,116.4,1.9000000000000001,80992,0,0.0
2024-08-15,APM Terminals,6,112.35000000000001,2.1333333333333333,62984,2,0.333
2024-08-15,China Shipping,8,115.1625,1.7,62832,2,0.25
2024-08-15,Everport,5,107.08,1.7399999999999998,32077,2,0.4
2024-08-15,TraPac,3,114.96666666666665,2.1999999999999997,31107,0,0.0
2024-08-15,Yang Ming,8,121.7875,1.675,55350,1,0.125
2024-08-16,APM Terminals,3,114.83333333333333,1.7999999999999998,30595,0,0.0
2024-08-16,China Shipping,3,116.5,2.0,13277,0,0.0
2024-08-16,Everport,4,115.45,2.175,38935,1,0.25
2024-08-16,TraPac,3,116.53333333333332,1.7333333333333334,20678,1,0.333
2024-08-16,Yang Ming,9,112.0,2.011111111111111,93305,2,0.222
2024-08-17,APM Terminals,8,109.15,2.4375,96655,1,0.125
2024-08-17,China Shipping,5,107.35999999999999,2.0,33380,3,0.6
2024-08-17,Everport,11,112.02727272727272,1.9727272727272727,90116,2,0.182
2024-08-17,TraPac,5,113.24000000000001,2.4,55015,2,0.4
2024-08-17,Yang Ming,3,105.60000000000001,2.2333333333333334,24277,0,0.0
2024-08-18,APM Terminals,6,115.73333333333333,1.9000000000000001,59919,2,0.333
2024-08-18,China Shipping,6,120.08333333333333,1.7666666666666666,48453,1,0.167
2024-08-18,Everport,10,114.4,2.32,90402,2,0.2
2024-08-18,TraPac,6,113.81666666666666,2.1666666666666665,49218,3,0.5
2024-08-18,Yang Ming,3,112.39999999999999,1.2666666666666666,13883,1,0.333
2024-08-19,APM Terminals,5,115.14000000000001,2.16,55119,1,0.2
2024-08-19,China Shipping,8,121.05,1.8125,74434,3,0.375
2024-08-19,Everport,5,113.34,2.4,56092,0,0.0
2024-08-19,TraPac,6,120.43333333333334,1.7999999999999998,57377,0,0.0
2024-08-19,Yang Ming,7,110.51428571428572,1.8142857142857145,67099,0,0.0
2024-08-20,APM Terminals,6,111.86666666666667,2.066666666666667,56100,0,0.0
2024-08-20,China Shipping,4,126.8,2.15,35776,0,0.0
2024-08-20,Everport,6,113.86666666666666,2.25,68506,1,0.167
2024-08-20,TraPac,4,105.1,2.425,55296,1,0.25
2024-08-20,Yang Ming,6,115.48333333333333,1.9666666666666668,48062,0,0.0
2024-08-21,APM Terminals,7,120.11428571428571,2.0285714285714285,64146,3,0.429
2024-08-21,China Shipping,6,122.06666666666666,2.283333333333333,65002,2,0.333
2024-08-21,Everport,6,113.71666666666665,2.566666666666667,74881,1,0.167
2024-08-21,TraPac,6,112.43333333333334,2.066666666666667,72948,1,0.167
2024-08-21,Yang Ming,1,112.9,1.8,11109,1,1.0
2024-08-22,APM Terminals,7,107.51428571428572,2.185714285714286,62828,0,0.0
2024-08-22,China Shipping,5,109.42,2.0,44461,0,0.0
2024-08-22,Everport,8,122.125,2.375,83022,3,0.375
2024-08-22,TraPac,7,115.60000000000001,1.7857142857142858,51896,0,0.0
2024-08-22,Yang Ming,9,108.53333333333333,2.1888888888888887,97795,2,0.222
2024-08-23,APM Terminals,4,117.425,1.55,35265,0,0.0
2024-08-23,China Shipping,5,120.4,1.72,39340,1,0.2
2024-08-23,Everport,8,108.875,1.925,72973,3,0.375
2024-08-23,TraPac,6,123.06666666666666,2.1333333333333333,72517,1,0.167
2024-08-23,Yang Ming,6,104.66666666666667,2.283333333333333,66408,0,0.0
2024-08-24,APM Terminals,5,121.5,2.6,63469,0,0.0
2024-08-24,China Shipping,6,117.88333333333333,2.283333333333333,60332,1,0.167
2024-08-24,Everport,6,111.5,1.8166666666666667,60007,0,0.0
2024-08-24,TraPac,6,112.21666666666665,2.15,70885,1,0.167
2024-08-24,Yang Ming,3,115.86666666666667,2.1666666666666665,27963,1,0.333
2024-08-25,APM Terminals,7,109.14285714285714,2.3428571428571425,74603,0,0.0
2024-08-25,China Shipping,3,126.96666666666665,1.9333333333333333,25710,2,0.667
2024-08-25,Everport,6,124.88333333333333,2.25,68647,2,0.333
2024-08-25,TraPac,7,113.12857142857142,2.242857142857143,80288,0,0.0
2024-08-25,Yang Ming,2,126.55000000000001,2.4000000000000004,23140,1,0.5
2024-08-26,APM Terminals,14,119.93571428571428,2.0357142857142856,126358,1,0.071
2024-08-26,China Shipping,8,124.4125,2.075,83868,0,0.0
2024-08-26,Everport,11,114.61818181818181,2.018181818181818,94100,0,0.0
2024-08-26,TraPac,9,119.28888888888888,2.111111111111111,87068,3,0.333
2024-08-26,Yang Ming,7,119.12857142857142,2.542857142857143,90271,2,0.286
2024-08-27,APM Terminals,6,116.10000000000001,2.5166666666666666,74601,1,0.167
2024-08-27,China Shipping,3,114.96666666666665,2.6666666666666665,37164,0,0.0
2024-08-27,Everport,8,116.7625,2.25,96914,3,0.375
2024-08-27,TraPac,1,130.5,2.3,10134,0,0.0
2024-08-27,Yang Ming,8,109.575,2.225,84735,2,0.25
2024-08-28,APM Terminals,7,124.81428571428572,1.9714285714285715,57086,1,0.143
2024-08-28,China Shipping,7,123.27142857142857,2.357142857142857,72986,3,0.429
2024-08-28,Everport,7,111.17142857142858,1.8,57738,1,0.143
2024-08-28,TraPac,2,118.35,2.25,17331,0,0.0
2024-08-28,Yang Ming,5,124.38,2.5,55734,0,0.0
2024-08-29,APM Terminals,5,136.2,2.32,61861,1,0.2
2024-08-29,China Shipping,8,125.3125,2.5,100582,2,0.25
2024-08-29,Everport,6,111.28333333333335,2.1333333333333333,66974,3,0.5
2024-08-29,TraPac,6,118.51666666666667,2.216666666666667,48634,1,0.167
2024-08-29,Yang Ming,8,118.525,2.45,94331,0,0.0
2024-08-30,APM Terminals,5,111.75999999999999,2.32,61524,2,0.4
2024-08-30,China Shipping,7,113.54285714285713,1.8142857142857143,56486,1,0.143
2024-08-30,Everport,5,115.74000000000001,1.9600000000000002,45871,1,0.2
2024-08-30,TraPac,10,113.59,2.09,95712,1,0.1
2024-08-30,Yang Ming,7,118.41428571428571,2.542857142857143,85304,3,0.429
2024-08-31,APM Terminals,6,119.16666666666667,2.3666666666666667,68072,1,0.167
2024-08-31,China Shipping,7,119.72857142857141,1.8571428571428572,50853,2,0.286
2024-08-31,Everport,8,116.95,2.0625,75749,0,0.0
2024-08-31,TraPac,6,119.76666666666667,1.9000000000000001,51387,3,0.5
2024-08-31,Yang Ming,6,125.89999999999999,1.6500000000000001,43898,3,0.5
2024-09-01,APM Terminals,6,122.26666666666667,1.9666666666666668,50715,2,0.333
2024-09-01,China Shipping,4,115.525,2.475,48369,0,0.0
2024-09-01,Everport,12,115.55,2.1333333333333333,131093,2,0.167
2024-09-01,TraPac,5,127.24000000000001,1.94,37978,1,0.2
2024-09-01,Yang Ming,5,104.38,2.32,51503,0,0.0
2024-09-02,APM Terminals,8,118.8875,2.275,87579,1,0.125
2024-09-02,China Shipping,4,117.15,2.3499999999999996,42816,0,0.0
2024-09-02,Everport,6,118.48333333333333,1.9166666666666667,58852,0,0.0
2024-09-02,TraPac,6,119.95,2.183333333333333,65855,2,0.333
2024-09-02,Yang Ming,4,120.05,1.225,28249,1,0.25
2024-09-03,APM Terminals,2,120.5,2.4000000000000004,17439,0,0.0
2024-09-03,China Shipping,9,123.4888888888889,2.1666666666666665,90777,2,0.222
2024-09-03,Everport,3,128.76666666666665,1.7666666666666666,19157,1,0.333
2024-09-03,TraPac,10,112.92,1.9899999999999998,89116,3,0.3
2024-09-03,Yang Ming,5,113.05999999999999,1.6600000000000001,41331,2,0.4
2024-09-04,APM Terminals,6,112.56666666666666,1.8333333333333333,48188,0,0.0
2024-09-04,China Shipping,1,114.5,3.4,16648,0,0.0
2024-09-04,Everport,5,111.0,1.78,41058,1,0.2
2024-09-04,TraPac,8,117.2875,2.2625,71384,3,0.375
2024-09-04,Yang Ming,8,117.5375,2.275,74397,1,0.125
2024-09-05,APM Terminals,3,111.53333333333335,1.9666666666666668,38492,0,0.0
2024-09-05,China Shipping,3,120.40000000000002,1.6333333333333335,25043,0,0.0
2024-09-05,Everport,10,120.29,1.85,84363,3,0.3
2024-09-05,TraPac,1,106.6,2.1,6472,0,0.0
2024-09-05,Yang Ming,3,108.36666666666667,2.1333333333333333,29372,1,0.333
2024-09-06,APM Terminals,3,113.26666666666667,2.1333333333333333,33106,0,0.0
2024-09-06,China Shipping,14,114.10714285714286,2.0142857142857142,127550,3,0.214
2024-09-06,Everport,6,114.08333333333333,2.6166666666666667,72102,2,0.333
2024-09-06,TraPac,9,127.42222222222222,2.066666666666667,92775,2,0.222
2024-09-06,Yang Ming,9,119.84444444444443,2.3111111111111113,96076,1,0.111
2024-09-07,APM Terminals,12,109.21666666666665,2.6416666666666666,150710,3,0.25
2024-09-07,China Shipping,4,123.225,2.375,51670,1,0.25
2024-09-07,Everport,5,102.36,1.9600000000000002,46183,1,0.2
2024-09-07,TraPac,4,118.69999999999999,1.95,43313,1,0.25
2024-09-07,Yang Ming,4,103.2,2.05,45253,0,0.0
2024-09-08,APM Terminals,8,128.8625,2.1625,91017,0,0.0
2024-09-08,China Shipping,4,114.75,2.025,36483,2,0.5
2024-09-08,Everport,6,118.63333333333333,2.3333333333333335,66692,0,0.0
2024-09-08,TraPac,3,126.96666666666665,2.466666666666667,43826,0,0.0
2024-09-08,Yang Ming,4,119.3,1.775,34393,1,0.25
2024-09-09,APM Terminals,8,121.625,2.025,83159,1,0.125
2024-09-09,China Shipping,4,121.57499999999999,1.7750000000000001,40457,0,0.0
2024-09-09,Everport,6,111.28333333333335,2.283333333333333,65278,1,0.167
2024-09-09,TraPac,13,117.21538461538461,1.9615384615384615,107071,4,0.308
2024-09-09,Yang Ming,4,120.075,2.45,41773,2,0.5
2024-09-10,APM Terminals,5,113.3,2.48,62616,2,0.4
2024-09-10,China Shipping,7,117.97142857142856,1.842857142857143,56888,1,0.143
2024-09-10,Everport,6,119.5,2.1666666666666665,63656,1,0.167
2024-09-10,TraPac,10,117.02000000000001,2.23,97950,2,0.2
2024-09-10,Yang Ming,5,113.64000000000001,1.92,28352,1,0.2
2024-09-11,APM Terminals,7,122.68571428571428,2.0571428571428574,68295,1,0.143
2024-09-11,China Shipping,5,114.08,2.32,47135,1,0.2
2024-09-11,Everport,4,113.8,2.025,31284,1,0.25
2024-09-11,TraPac,8,115.1625,2.125,66373,2,0.25
2024-09-11,Yang Ming,6,112.05,2.033333333333333,64092,1,0.167
2024-09-12,APM Terminals,6,125.21666666666665,2.066666666666667,52360,1,0.167
2024-09-12,China Shipping,5,117.6,2.3200000000000003,47307,0,0.0
2024-09-12,Everport,7,110.88571428571429,2.3428571428571425,83577,0,0.0
2024-09-12,TraPac,7,113.82857142857142,2.3714285714285714,85969,1,0.143
2024-09-12,Yang Ming,7,123.44285714285715,2.185714285714286,73749,0,0.0
2024-09-13,APM Terminals,5,120.4,2.0,48956,2,0.4
2024-09-13,China Shipping,9,119.65555555555557,2.2777777777777777,105129,2,0.222
2024-09-13,Everport,6,120.14999999999999,1.8,60269,0,0.0
2024-09-13,TraPac,4,117.975,2.35,31821,0,0.0
2024-09-13,Yang Ming,5,128.1,2.12,37900,3,0.6
2024-09-14,APM Terminals,6,118.71666666666665,2.266666666666667,50104,1,0.167
2024-09-14,China Shipping,8,114.3625,2.0,72620,2,0.25
2024-09-14,Everport,2,134.05,2.25,23753,0,0.0
2024-09-14,TraPac,5,119.94000000000001,2.2,58448,2,0.4
2024-09-14,Yang Ming,8,111.275,1.9625,73221,0,0.0
2024-09-15,APM Terminals,9,114.82222222222224,2.1333333333333333,99882,1,0.111
2024-09-15,China Shipping,8,107.875,2.175,82343,1,0.125
2024-09-15,Everport,7,107.77142857142857,2.0,65319,1,0.143
2024-09-15,TraPac,7,115.22857142857143,2.3428571428571425,80391,1,0.143
2024-09-15,Yang Ming,5,110.64000000000001,1.6,33721,0,0.0
2024-09-16,APM Terminals,4,115.92500000000001,2.275,38945,0,0.0
2024-09-16,China Shipping,4,117.4,2.475,54002,0,0.0
2024-09-16,Everport,5,126.0,1.9,31807,0,0.0
2024-09-16,TraPac,4,114.975,2.0,34204,0,0.0
2024-09-16,Yang Ming,10,116.08,2.07,91255,4,0.4
2024-09-17,APM Terminals,5,114.75999999999999,2.16,51558,1,0.2
2024-09-17,China Shipping,7,110.75714285714287,2.4285714285714284,87858,0,0.0
2024-09-17,Everport,8,108.45,2.1375,81124,2,0.25
2024-09-17,TraPac,5,128.58,1.86,47084,0,0.0
2024-09-17,Yang Ming,4,111.35,2.6999999999999997,61622,1,0.25
2024-09-18,APM Terminals,4,118.175,2.375,40543,2,0.5
2024-09-18,China Shipping,6,118.13333333333333,2.3666666666666667,64609,0,0.0
2024-09-18,Everport,3,128.73333333333332,1.7666666666666666,19511,0,0.0
2024-09-18,TraPac,3,116.33333333333333,2.466666666666667,31518,0,0.0
2024-09-18,Yang Ming,4,111.2,1.925,38142,0,0.0
2024-09-19,APM Terminals,9,120.34444444444443,2.033333333333333,72387,2,0.222
2024-09-19,China Shipping,5,119.22,2.0,42468,2,0.4
2024-09-19,Everport,8,118.9375,1.8375000000000001,67791,0,0.0
2024-09-19,TraPac,4,116.9,2.4,45525,2,0.5
2024-09-19,Yang Ming,8,121.8125,2.25,89525,2,0.25
2024-09-20,APM Terminals,3,105.39999999999999,2.3333333333333335,31339,0,0.0
2024-09-20,China Shipping,9,120.13333333333334,1.511111111111111,68824,1,0.111
2024-09-20,Everport,7,116.94285714285715,1.9714285714285715,57957,0,0.0
2024-09-20,TraPac,6,119.73333333333333,1.9333333333333333,57925,1,0.167
2024-09-20,Yang Ming,7,111.44285714285715,2.5142857142857147,97564,3,0.429
2024-09-21,APM Terminals,7,118.6857142857143,1.9571428571428573,66170,2,0.286
2024-09-21,China Shipping,5,122.25999999999999,2.38,58722,0,0.0
2024-09-21,Everport,3,107.43333333333334,2.066666666666667,35216,1,0.333
2024-09-21,TraPac,8,105.15,1.8,51132,1,0.125
2024-09-21,Yang Ming,6,121.48333333333333,1.9833333333333334,59302,2,0.333
2024-09-22,APM Terminals,5,125.55999999999999,2.3,50276,1,0.2
2024-09-22,China Shipping,6,108.35000000000001,1.9666666666666668,58425,1,0.167
2024-09-22,Everport,7,117.57142857142857,1.9857142857142858,54156,2,0.286
2024-09-22,TraPac,2,94.5,1.8,18642,0,0.0
2024-09-22,Yang Ming,6,119.76666666666667,2.033333333333333,56907,1,0.167
2024-09-23,APM Terminals,4,117.65,1.975,30403,0,0.0
2024-09-23,China Shipping,8,112.8875,2.2375,82011,0,0.0
2024-09-23,Everport,8,116.1875,2.275,91010,2,0.25
2024-09-23,TraPac,6,120.86666666666667,2.216666666666667,55735,0,0.0
2024-09-23,Yang Ming,4,121.80000000000001,1.8250000000000002,29530,0,0.0
2024-09-24,APM Terminals,9,112.34444444444443,2.2333333333333334,97065,1,0.111
2024-09-24,China Shipping,13,118.16153846153846,2.2153846153846155,131367,0,0.0
2024-09-24,Everport,4,112.725,1.775,20227,0,0.0
2024-09-24,TraPac,9,125.52222222222223,2.0777777777777775,93712,0,0.0
2024-09-24,Yang Ming,4,121.275,2.4,40294,2,0.5
2024-09-25,APM Terminals,8,112.925,2.35,99926,1,0.125
2024-09-25,China Shipping,3,105.89999999999999,2.2333333333333334,25157,0,0.0
2024-09-25,Everport,7,100.61428571428571,2.3285714285714287,78974,1,0.143
2024-09-25,TraPac,8,113.425,1.7875,47074,2,0.25
2024-09-25,Yang Ming,9,118.22222222222223,1.8666666666666667,72964,2,0.222
2024-09-26,APM Terminals,7,121.88571428571429,1.8714285714285714,64925,0,0.0
2024-09-26,China Shipping,6,116.46666666666665,2.4499999999999997,69789,1,0.167
2024-09-26,Everport,8,116.5625,2.275,96029,1,0.125
2024-09-26,TraPac,5,128.24,1.72,47235,0,0.0
2024-09-26,Yang Ming,5,122.5,2.08,41690,2,0.4
2024-09-27,APM Terminals,7,118.65714285714286,2.042857142857143,68081,1,0.143
2024-09-27,China Shipping,8,110.85,1.9375,70902,2,0.25
2024-09-27,Everport,7,117.35714285714286,2.3000000000000003,82504,1,0.143
2024-09-27,TraPac,5,110.97999999999999,2.6,59398,0,0.0
2024-09-27,Yang Ming,6,121.11666666666667,2.0833333333333335,56763,1,0.167
2024-09-28,APM Terminals,6,125.76666666666667,2.216666666666667,60303,0,0.0
2024-09-28,China Shipping,1,129.0,1.9,6822,0,0.0
2024-09-28,Everport,5,127.78000000000002,1.9400000000000002,41789,0,0.0
2024-09-28,TraPac,5,114.1,2.18,49404,1,0.2
2024-09-28,Yang Ming,5,115.84,2.34,54408,0,0.0
2024-09-29,APM Terminals,4,111.65,1.275,23065,1,0.25
2024-09-29,China Shipping,2,120.95,2.35,21083,0,0.0
2024-09-29,Everport,7,118.87142857142855,2.3714285714285714,80153,1,0.143
2024-09-29,TraPac,8,120.25,2.0125,80269,2,0.25
2024-09-29,Yang Ming,4,110.7,2.125,27655,2,0.5
2024-09-30,APM Terminals,6,116.88333333333334,2.65,80773,3,0.5
2024-09-30,China Shipping,6,117.48333333333333,1.9333333333333333,58330,1,0.167
2024-09-30,Everport,4,105.25,1.4500000000000002,4825,1,0.25
2024-09-30,TraPac,5,127.6,2.02,36766,0,0.0
2024-09-30,Yang Ming,8,117.1625,2.275,88871,2,0.25
2024-10-01,APM Terminals,10,114.71,2.46,109917,3,0.3
2024-10-01,China Shipping,3,107.0,3.0,43645,1,0.333
2024-10-01,Everport,7,107.39999999999999,2.414285714285714,81218,0,0.0
2024-10-01,TraPac,7,113.22857142857143,1.9142857142857144,69367,1,0.143
2024-10-01,Yang Ming,9,114.0,2.3555555555555556,94013,3,0.333
2024-10-02,APM Terminals,5,124.74000000000001,2.0200000000000005,57337,2,0.4
2024-10-02,China Shipping,6,120.06666666666666,2.1999999999999997,67532,1,0.167
2024-10-02,Everport,4,107.75,1.875,28041,0,0.0
2024-10-02,TraPac,4,113.80000000000001,1.85,25726,0,0.0
2024-10-02,Yang Ming,7,117.58571428571429,1.9714285714285713,56006,1,0.143
2024-10-03,APM Terminals,5,111.1,1.6199999999999999,28277,1,0.2
2024-10-03,China Shipping,8,116.96249999999999,2.1374999999999997,80699,2,0.25
2024-10-03,Everport,4,122.7,2.075,40513,0,0.0
2024-10-03,TraPac,8,113.64999999999999,2.0875,68805,4,0.5
2024-10-03,Yang Ming,8,113.325,2.5,104672,0,0.0
2024-10-04,APM Terminals,6,117.88333333333333,2.1,40091,1,0.167
2024-10-04,China Shipping,10,111.24000000000001,2.35,106366,3,0.3
2024-10-04,Everport,5,124.61999999999998,2.06,52667,1,0.2
2024-10-04,TraPac,3,142.6,2.3333333333333335,29095,1,0.333
2024-10-04,Yang Ming,4,114.25,2.275,41697,1,0.25
2024-10-05,APM Terminals,5,117.61999999999998,1.86,41383,1,0.2
2024-10-05,China Shipping,5,120.32000000000001,2.4400000000000004,66800,1,0.2
2024-10-05,Everport,7,118.94285714285715,2.0428571428571427,66285,3,0.429
2024-10-05,TraPac,5,114.02000000000001,2.1,47396,1,0.2
2024-10-05,Yang Ming,8,110.8625,1.9625,63764,2,0.25
2024-10-06,APM Terminals,3,133.20000000000002,1.7333333333333332,26378,0,0.0
2024-10-06,China Shipping,5,112.24000000000001,2.2399999999999998,52725,1,0.2
2024-10-06,Everport,5,120.28,1.7399999999999998,37276,2,0.4
2024-10-06,TraPac,3,125.66666666666667,2.3666666666666667,28084,1,0.333
2024-10-06,Yang Ming,10,121.41,2.2800000000000002,110757,1,0.1
2024-10-07,APM Terminals,8,115.0875,2.2375,85543,3,0.375
2024-10-07,China Shipping,3,137.26666666666668,2.466666666666667,38182,0,0.0
2024-10-07,Everport,9,112.1,2.4444444444444446,105410,1,0.111
2024-10-07,TraPac,9,113.25555555555555,2.1666666666666665,94589,2,0.222
2024-10-07,Yang Ming,9,126.3777777777778,1.9333333333333331,91034,1,0.111
2024-10-08,APM Terminals,4,119.75,2.05,34681,2,0.5
2024-10-08,China Shipping,5,116.35999999999999,1.8800000000000001,44201,1,0.2
2024-10-08,Everport,5,119.44000000000001,2.42,53506,0,0.0
2024-10-08,TraPac,9,112.36666666666666,2.477777777777778,107121,1,0.111
2024-10-08,Yang Ming,8,114.3125,2.0125,67164,1,0.125
2024-10-09,APM Terminals,6,123.96666666666665,2.316666666666667,59705,4,0.667
2024-10-09,China Shipping,4,112.55,2.15,40086,0,0.0
2024-10-09,Everport,8,121.45,2.05,71273,2,0.25
2024-10-09,TraPac,7,119.72857142857143,2.2,68258,2,0.286
2024-10-09,Yang Ming,10,119.55999999999999,2.02,94461,3,0.3
2024-10-10,APM Terminals,9,111.34444444444445,2.1666666666666665,89949,2,0.222
2024-10-10,China Shipping,6,110.93333333333334,2.566666666666667,68988,1,0.167
2024-10-10,Everport,6,122.3,2.4166666666666665,65191,1,0.167
2024-10-10,TraPac,7,116.78571428571429,2.3428571428571425,74619,2,0.286
2024-10-10,Yang Ming,6,120.0,1.7666666666666666,59330,2,0.333
2024-10-11,APM Terminals,6,121.43333333333334,2.2666666666666666,61061,0,0.0
2024-10-11,China Shipping,10,117.74000000000001,1.9600000000000002,76084,3,0.3
2024-10-11,Everport,6,113.03333333333335,2.1166666666666667,67286,0,0.0
2024-10-11,TraPac,7,115.91428571428571,1.957142857142857,65209,0,0.0
2024-10-11,Yang Ming,4,123.875,1.975,37911,1,0.25
2024-10-12,APM Terminals,5,113.28,2.2,49556,1,0.2
2024-10-12,China Shipping,4,126.875,1.85,29130,2,0.5
2024-10-12,Everport,6,123.38333333333333,2.0833333333333335,64854,1,0.167
2024-10-12,TraPac,9,114.23333333333332,2.3111111111111113,101340,4,0.444
2024-10-12,Yang Ming,3,110.26666666666667,1.8,24459,0,0.0
2024-10-13,APM Terminals,5,120.35999999999999,2.42,70813,1,0.2
2024-10-13,China Shipping,5,121.0,2.68,60994,2,0.4
2024-10-13,Everport,6,118.18333333333334,2.3666666666666667,68285,2,0.333
2024-10-13,TraPac,3,107.16666666666667,2.3666666666666667,24680,0,0.0
2024-10-13,Yang Ming,5,115.3,2.0200000000000005,46615,2,0.4
2024-10-14,APM Terminals,1,131.0,2.2,10265,0,0.0
2024-10-14,China Shipping,2,107.4,2.5,27702,0,0.0
2024-10-14,Everport,2,112.9,2.55,22914,0,0.0
2024-10-14,TraPac,8,127.425,2.325,83055,1,0.125
2024-10-14,Yang Ming,5,120.58,2.12,52328,1,0.2
2024-10-15,APM Terminals,6,131.85,1.9000000000000001,72611,1,0.167
2024-10-15,China Shipping,4,121.82499999999999,2.5,53770,1,0.25
2024-10-15,Everport,7,115.24285714285715,2.2714285714285714,89611,0,0.0
2024-10-15,TraPac,9,119.36666666666666,2.511111111111111,119893,2,0.222
2024-10-15,Yang Ming,5,119.08,2.2,47650,1,0.2
2024-10-16,APM Terminals,5,124.0,2.2600000000000002,57130,1,0.2
2024-10-16,China Shipping,6,116.98333333333333,2.4499999999999997,80165,1,0.167
2024-10-16,Everport,7,117.8142857142857,1.9285714285714286,80531,1,0.143
2024-10-16,TraPac,5,113.92,2.3600000000000003,50033,1,0.2
2024-10-16,Yang Ming,5,111.04,2.46,68674,0,0.0
2024-10-17,APM Terminals,5,117.78,2.04,55209,2,0.4
2024-10-17,China Shipping,4,126.75,1.525,30910,0,0.0
2024-10-17,Everport,6,112.58333333333333,2.433333333333333,72422,2,0.333
2024-10-17,TraPac,6,116.91666666666667,2.1333333333333333,59730,0,0.0
2024-10-17,Yang Ming,4,116.825,1.775,25929,1,0.25
2024-10-18,APM Terminals,3,120.7,2.1,19426,1,0.333
2024-10-18,China Shipping,8,122.1625,2.2,73579,0,0.0
2024-10-18,Everport,8,120.35,1.975,76728,1,0.125
2024-10-18,TraPac,8,117.1125,1.925,62473,1,0.125
2024-10-18,Yang Ming,5,114.4,1.9,46832,0,0.0
2024-10-19,APM Terminals,5,113.38,2.12,57852,0,0.0
2024-10-19,China Shipping,5,121.12,1.94,53108,1,0.2
2024-10-19,Everport,6,106.46666666666665,1.9833333333333334,52653,2,0.333
2024-10-19,TraPac,9,121.34444444444443,1.9777777777777779,84141,1,0.111
2024-10-19,Yang Ming,6,119.85000000000001,1.9000000000000001,52055,0,0.0
2024-10-20,APM Terminals,8,121.4625,2.2625,61708,0,0.0
2024-10-20,China Shipping,8,111.475,2.4875,101261,2,0.25
2024-10-20,Everport,7,97.94285714285715,2.4,83568,0,0.0
2024-10-20,TraPac,6,121.14999999999999,2.6,82698,1,0.167
2024-10-20,Yang Ming,11,116.96363636363635,2.590909090909091,159105,4,0.364
2024-10-21,APM Terminals,3,115.36666666666667,1.8666666666666665,22262,0,0.0
2024-10-21,China Shipping,2,102.4,1.8,12868,0,0.0
2024-10-21,Everport,11,118.78181818181817,2.090909090909091,121041,1,0.091
2024-10-21,TraPac,5,105.42,2.3,69728,0,0.0
2024-10-21,Yang Ming,4,122.925,1.5999999999999999,17126,3,0.75
2024-10-22,APM Terminals,4,116.85,2.725,51833,0,0.0
2024-10-22,China Shipping,9,116.69999999999999,1.8777777777777775,62037,1,0.111
2024-10-22,Everport,9,112.54444444444444,2.6555555555555554,118740,1,0.111
2024-10-22,TraPac,9,119.19999999999999,2.2444444444444445,104344,1,0.111
2024-10-22,Yang Ming,6,107.58333333333333,2.216666666666667,56200,1,0.167
2024-10-23,APM Terminals,5,124.82000000000001,2.04,45688,1,0.2
2024-10-23,China Shipping,6,111.73333333333333,1.8500000000000003,46645,2,0.333
2024-10-23,Everport,5,106.04,2.2800000000000002,59372,2,0.4
2024-10-23,TraPac,4,130.5,2.25,49707,0,0.0
2024-10-23,Yang Ming,4,117.1,2.025,41185,0,0.0
2024-10-24,APM Terminals,8,117.44999999999999,2.15,74176,1,0.125
2024-10-24,China Shipping,8,106.8125,1.9625,73959,2,0.25
2024-10-24,Everport,11,121.73636363636363,1.8636363636363635,94445,1,0.091
2024-10-24,TraPac,5,121.05999999999999,2.14,57577,2,0.4
2024-10-24,Yang Ming,13,116.88461538461539,1.9769230769230768,105139,6,0.462
2024-10-25,APM Terminals,6,117.73333333333333,2.4499999999999997,65232,0,0.0
2024-10-25,China Shipping,7,116.89999999999999,2.085714285714286,66208,3,0.429
2024-10-25,Everport,4,106.375,2.35,39855,0,0.0
2024-10-25,TraPac,9,125.67777777777776,1.9777777777777779,75266,1,0.111
2024-10-25,Yang Ming,4,110.875,1.5750000000000002,20424,2,0.5
2024-10-26,APM Terminals,7,112.15714285714286,1.9428571428571428,63877,1,0.143
2024-10-26,China Shipping,7,118.54285714285713,1.7714285714285716,53023,2,0.286
2024-10-26,Everport,6,115.13333333333333,1.9833333333333334,56303,0,0.0
2024-10-26,TraPac,8,112.3625,1.9375,75114,3,0.375
2024-10-26,Yang Ming,5,109.74000000000001,2.12,53417,2,0.4
2024-10-27,APM Terminals,5,114.62,2.1399999999999997,40190,3,0.6
2024-10-27,China Shipping,4,120.675,2.3499999999999996,37686,1,0.25
2024-10-27,Everport,8,119.88749999999999,2.0125,74977,1,0.125
2024-10-27,TraPac,8,121.3125,2.05,82128,4,0.5
2024-10-27,Yang Ming,11,121.0,2.036363636363636,105976,1,0.091
2024-10-28,APM Terminals,6,122.01666666666667,2.0,62694,0,0.0
2024-10-28,China Shipping,4,117.9,2.175,39598,1,0.25
2024-10-28,Everport,4,120.425,1.9500000000000002,35882,1,0.25
2024-10-28,TraPac,9,116.17777777777776,2.2333333333333334,111076,0,0.0
2024-10-28,Yang Ming,6,116.96666666666665,2.033333333333333,60379,2,0.333
2024-10-29,APM Terminals,6,113.55,2.6333333333333333,79332,1,0.167
2024-10-29,China Shipping,4,118.35,1.675,34404,0,0.0
2024-10-29,Everport,5,117.17999999999999,2.3,55245,0,0.0
2024-10-29,TraPac,4,115.97500000000001,1.475,7401,1,0.25
2024-10-29,Yang Ming,6,125.39999999999999,2.6333333333333333,67858,1,0.167
2024-10-30,APM Terminals,5,121.51999999999998,1.7,42180,3,0.6
2024-10-30,China Shipping,8,116.475,1.8499999999999999,44475,4,0.5
2024-10-30,Everport,7,120.51428571428572,1.9714285714285715,60874,3,0.429
2024-10-30,TraPac,9,120.39999999999999,2.3444444444444446,109547,1,0.111
2024-10-30,Yang Ming,5,115.74000000000001,2.26,47303,2,0.4
2024-10-31,APM Terminals,5,109.03999999999999,2.2199999999999998,50981,2,0.4
2024-10-31,China Shipping,11,115.5090909090909,2.372727272727273,130832,1,0.091
2024-10-31,Everport,10,117.46,2.19,94454,2,0.2
2024-10-31,TraPac,2,102.4,1.5,8362,1,0.5
2024-10-31,Yang Ming,4,127.97500000000001,2.325,38647,0,0.0
2024-11-01,APM Terminals,4,107.45,2.65,43260,0,0.0
2024-11-01,China Shipping,5,94.3,1.6800000000000002,40972,0,0.0
2024-11-01,Everport,5,100.47999999999999,1.6800000000000002,37666,1,0.2
2024-11-01,TraPac,9,81.8111111111111,1.588888888888889,81414,2,0.222
2024-11-01,Yang Ming,3,85.16666666666667,2.5666666666666664,31253,0,0.0
2024-11-02,APM Terminals,11,97.17272727272729,2.090909090909091,114984,2,0.182
2024-11-02,China Shipping,2,107.1,1.25,17701,0,0.0
2024-11-02,Everport,3,96.03333333333335,2.4,35399,0,0.0
2024-11-02,TraPac,5,92.26,1.7600000000000002,38744,0,0.0
2024-11-02,Yang Ming,2,99.9,2.2,22060,0,0.0
2024-11-03,APM Terminals,5,87.72,1.8800000000000001,38026,0,0.0
2024-11-03,China Shipping,9,84.36666666666666,2.388888888888889,101627,1,0.111
2024-11-03,Everport,4,105.15,2.175,47823,1,0.25
2024-11-03,TraPac,3,94.3,2.6666666666666665,36713,0,0.0
2024-11-03,Yang Ming,7,91.21428571428571,1.8714285714285714,60336,1,0.143
2024-11-04,APM Terminals,6,91.25,2.4333333333333336,71016,1,0.167
2024-11-04,China Shipping,4,90.5,2.4,52034,0,0.0
2024-11-04,Everport,6,84.35000000000001,2.3000000000000003,70037,1,0.167
2024-11-04,TraPac,5,92.4,1.9,37106,1,0.2
2024-11-04,Yang Ming,5,81.02000000000001,2.4,63811,0,0.0
2024-11-05,APM Terminals,7,101.12857142857142,2.3857142857142857,76309,1,0.143
2024-11-05,China Shipping,8,89.8125,2.2375,81056,0,0.0
2024-11-05,Everport,11,86.97272727272728,2.4545454545454546,150366,1,0.091
2024-11-05,TraPac,8,93.2375,2.0625,73099,0,0.0
2024-11-05,Yang Ming,6,93.11666666666667,2.6666666666666665,78098,1,0.167
2024-11-06,APM Terminals,5,80.34,2.3600000000000003,49673,0,0.0
2024-11-06,China Shipping,1,101.6,1.8,2154,0,0.0
2024-11-06,Everport,2,102.45,1.8,20974,0,0.0
2024-11-06,TraPac,4,93.25,1.9,28995,0,0.0
2024-11-06,Yang Ming,6,85.86666666666667,2.1999999999999997,72832,1,0.167
2024-11-07,APM Terminals,8,90.65,2.525,101548,2,0.25
2024-11-07,China Shipping,6,91.38333333333333,2.566666666666667,68755,2,0.333
2024-11-07,Everport,1,87.8,2.6,15625,1,1.0
2024-11-07,TraPac,12,95.26666666666667,2.3000000000000003,114929,0,0.0
2024-11-07,Yang Ming,2,95.9,2.1500000000000004,13044,0,0.0
2024-11-08,APM Terminals,4,86.65,1.775,28769,0,0.0
2024-11-08,China Shipping,6,98.21666666666665,1.6666666666666667,36207,0,0.0
2024-11-08,Everport,9,93.51111111111112,1.9666666666666666,76510,1,0.111
2024-11-08,TraPac,10,81.38,1.9899999999999998,88379,1,0.1
2024-11-08,Yang Ming,9,92.30000000000001,2.033333333333333,85317,1,0.111
2024-11-09,APM Terminals,4,98.4,1.6,26570,1,0.25
2024-11-09,China Shipping,3,89.03333333333335,2.066666666666667,21979,1,0.333
2024-11-09,Everport,8,94.0875,2.025,69717,2,0.25
2024-11-09,TraPac,5,78.5,2.34,51314,2,0.4
2024-11-09,Yang Ming,7,84.6857142857143,1.8857142857142857,47243,2,0.286
2024-11-10,APM Terminals,8,80.0125,2.175,75138,0,0.0
2024-11-10,China Shipping,3,88.26666666666667,2.1666666666666665,22997,1,0.333
2024-11-10,Everport,9,86.24444444444445,2.0777777777777775,85486,1,0.111
2024-11-10,TraPac,2,86.1,2.0,18252,0,0.0
2024-11-10,Yang Ming,10,84.41999999999999,1.98,74000,3,0.3
2024-11-11,APM Terminals,9,92.4,1.9000000000000001,56027,0,0.0
2024-11-11,China Shipping,4,81.775,2.625,50272,1,0.25
2024-11-11,Everport,2,97.8,2.6,27145,1,0.5
2024-11-11,TraPac,9,88.96666666666667,2.2,98195,1,0.111
2024-11-11,Yang Ming,8,87.4875,2.1625,72240,2,0.25
2024-11-12,APM Terminals,10,89.22999999999999,2.4,109119,1,0.1
2024-11-12,China Shipping,7,86.45714285714287,2.742857142857143,70644,2,0.286
2024-11-12,Everport,3,87.53333333333335,1.5,16099,1,0.333
2024-11-12,TraPac,5,98.34,2.0,53346,1,0.2
2024-11-12,Yang Ming,4,95.95,1.825,22674,2,0.5
2024-11-13,APM Terminals,4,99.2,1.9,35438,1,0.25
2024-11-13,China Shipping,8,80.15,2.3,84419,1,0.125
2024-11-13,Everport,2,78.80000000000001,2.1,22560,0,0.0
2024-11-13,TraPac,8,97.5875,2.0125,46464,2,0.25
2024-11-13,Yang Ming,9,93.82222222222222,2.1444444444444444,88234,2,0.222
2024-11-14,APM Terminals,6,91.16666666666667,2.0166666666666666,43411,0,0.0
2024-11-14,China Shipping,11,97.92727272727274,1.8727272727272728,96929,1,0.091
2024-11-14,Everport,8,99.8125,2.075,93746,3,0.375
2024-11-14,TraPac,1,98.6,2.1,10430,0,0.0
2024-11-14,Yang Ming,8,99.4125,2.15,83124,3,0.375
2024-11-15,APM Terminals,5,103.64000000000001,2.44,59843,1,0.2
2024-11-15,China Shipping,5,80.44,2.2199999999999998,51661,0,0.0
2024-11-15,Everport,4,92.025,2.225,41099,0,0.0
2024-11-15,TraPac,6,90.48333333333333,2.4166666666666665,66334,1,0.167
2024-11-15,Yang Ming,4,86.85,2.675,54444,1,0.25
2024-11-16,APM Terminals,8,84.85,2.1375,85097,0,0.0
2024-11-16,China Shipping,5,89.82000000000001,1.7,50482,2,0.4
2024-11-16,Everport,5,104.97999999999999,2.12,49942,1,0.2
2024-11-16,TraPac,10,87.52000000000001,2.3,118142,3,0.3
2024-11-16,Yang Ming,6,84.0,2.2333333333333334,58193,3,0.5
2024-11-17,APM Terminals,4,87.6,1.75,22577,0,0.0
2024-11-17,China Shipping,9,88.15555555555555,2.322222222222222,90043,2,0.222
2024-11-17,Everport,6,85.2,1.7166666666666668,42732,1,0.167
2024-11-17,TraPac,8,88.4125,2.35,90953,1,0.125
2024-11-17,Yang Ming,7,81.97142857142856,2.2285714285714286,60280,2,0.286
2024-11-18,APM Terminals,6,98.61666666666667,2.25,79067,0,0.0
2024-11-18,China Shipping,2,91.15,1.9500000000000002,21031,0,0.0
2024-11-18,Everport,4,86.425,2.425,57476,0,0.0
2024-11-18,TraPac,8,85.8625,2.0,93753,2,0.25
2024-11-18,Yang Ming,7,97.52857142857144,2.6142857142857143,87473,0,0.0
2024-11-19,APM Terminals,7,91.78571428571429,2.0,62913,0,0.0
2024-11-19,China Shipping,8,95.1625,2.0125,71026,0,0.0
2024-11-19,Everport,9,98.75555555555555,1.8777777777777775,71103,0,0.0
2024-11-19,TraPac,5,86.02000000000001,1.58,40602,0,0.0
2024-11-19,Yang Ming,4,83.2,2.725,46725,0,0.0
2024-11-20,APM Terminals,4,88.85,1.875,43721,0,0.0
2024-11-20,China Shipping,4,87.3,1.9500000000000002,31382,0,0.0
2024-11-20,Everport,9,92.01111111111112,2.4000000000000004,108032,0,0.0
2024-11-20,TraPac,6,86.11666666666667,2.4833333333333334,72434,4,0.667
2024-11-20,Yang Ming,9,86.03333333333333,2.0,83343,2,0.222
2024-11-21,APM Terminals,6,100.66666666666667,1.8166666666666667,48957,1,0.167
2024-11-21,China Shipping,1,61.3,2.0,6579,0,0.0
2024-11-21,Everport,7,92.14285714285714,2.0571428571428574,66510,0,0.0
2024-11-21,TraPac,3,89.39999999999999,2.433333333333333,39074,0,0.0
2024-11-21,Yang Ming,6,103.35000000000001,2.066666666666667,59658,1,0.167
2024-11-22,APM Terminals,4,86.25,1.525,35520,1,0.25
2024-11-22,China Shipping,4,75.3,2.125,34585,2,0.5
2024-11-22,Everport,4,92.725,2.175,29757,0,0.0
2024-11-22,TraPac,5,96.56,2.38,64376,1,0.2
2024-11-22,Yang Ming,4,89.075,2.25,38244,1,0.25
2024-11-23,APM Terminals,3,86.33333333333333,2.1666666666666665,28611,0,0.0
2024-11-23,China Shipping,6,93.39999999999999,2.1666666666666665,52155,0,0.0
2024-11-23,Everport,7,89.38571428571429,1.9142857142857144,74201,0,0.0
2024-11-23,TraPac,11,90.81818181818181,1.9727272727272727,95451,2,0.182
2024-11-23,Yang Ming,3,84.2,2.3333333333333335,38701,0,0.0
2024-11-24,APM Terminals,3,93.16666666666667,2.1,28650,0,0.0
2024-11-24,China Shipping,4,81.375,2.175,47437,0,0.0
2024-11-24,Everport,12,84.375,1.95,91454,3,0.25
2024-11-24,TraPac,7,83.15714285714286,2.1,87120,0,0.0
2024-11-24,Yang Ming,5,95.74,2.32,55737,0,0.0
2024-11-25,APM Terminals,5,91.06,2.5200000000000005,63568,1,0.2
2024-11-25,China Shipping,4,88.975,2.1500000000000004,39349,1,0.25
2024-11-25,Everport,3,101.86666666666667,2.0,24835,0,0.0
2024-11-25,TraPac,5,85.96000000000001,1.64,40930,1,0.2
2024-11-25,Yang Ming,2,97.9,2.05,24379,0,0.0
2024-11-26,APM Terminals,11,85.3,1.8272727272727274,70534,1,0.091
2024-11-26,China Shipping,7,94.64285714285714,2.242857142857143,81824,1,0.143
2024-11-26,Everport,4,84.4,2.45,49619,2,0.5
2024-11-26,TraPac,5,86.97999999999999,2.1399999999999997,45331,2,0.4
2024-11-26,Yang Ming,4,95.2,1.7,39565,1,0.25
2024-11-27,APM Terminals,1,75.5,0.5,871,0,0.0
2024-11-27,China Shipping,9,85.63333333333334,1.9777777777777779,83949,1,0.111
2024-11-27,Everport,6,76.66666666666667,2.216666666666667,76572,2,0.333
2024-11-27,TraPac,7,90.82857142857142,2.0142857142857147,75857,2,0.286
2024-11-27,Yang Ming,4,98.625,2.075,34609,1,0.25
2024-11-28,APM Terminals,5,92.3,1.7600000000000002,30223,1,0.2
2024-11-28,China Shipping,12,91.0,2.3583333333333334,153025,1,0.083
2024-11-28,Everport,3,94.7,2.3333333333333335,39289,1,0.333
2024-11-28,TraPac,7,87.94285714285715,2.5285714285714285,83338,2,0.286
2024-11-28,Yang Ming,8,83.075,2.3,84813,1,0.125
2024-11-29,APM Terminals,8,88.5625,2.0875,78429,2,0.25
2024-11-29,China Shipping,4,92.5,2.25,47639,0,0.0
2024-11-29,Everport,7,93.0,2.357142857142857,67860,1,0.143
2024-11-29,TraPac,8,84.1375,2.4125,89389,1,0.125
2024-11-29,Yang Ming,4,97.275,2.125,46931,2,0.5
2024-11-30,APM Terminals,8,86.5125,2.0125,69478,0,0.0
2024-11-30,China Shipping,4,82.95,2.375,41679,1,0.25
2024-11-30,Everport,6,90.21666666666665,2.4166666666666665,78716,2,0.333
2024-11-30,TraPac,5,89.1,1.8,37828,2,0.4
2024-11-30,Yang Ming,6,96.68333333333334,2.35,64877,0,0.0
2024-12-01,APM Terminals,2,93.1,2.6500000000000004,20488,0,0.0
2024-12-01,China Shipping,6,90.41666666666667,2.3000000000000003,65359,1,0.167
2024-12-01,Everport,4,72.5,2.175,62556,0,0.0
2024-12-01,TraPac,3,97.23333333333333,1.9666666666666668,18075,0,0.0
2024-12-01,Yang Ming,7,91.7,2.2714285714285714,59261,2,0.286
2024-12-02,APM Terminals,5,98.08,2.2399999999999998,46164,1,0.2
2024-12-02,China Shipping,3,79.23333333333333,2.3333333333333335,43596,0,0.0
2024-12-02,Everport,5,76.97999999999999,2.1399999999999997,48895,1,0.2
2024-12-02,TraPac,5,81.28,2.2399999999999998,49461,0,0.0
2024-12-02,Yang Ming,5,84.67999999999999,1.7600000000000002,55256,0,0.0
2024-12-03,APM Terminals,3,100.83333333333333,2.066666666666667,14390,1,0.333
2024-12-03,China Shipping,3,96.93333333333334,1.8333333333333333,25521,0,0.0
2024-12-03,Everport,8,94.2,2.2125,77069,1,0.125
2024-12-03,TraPac,2,101.1,2.45,22562,0,0.0
2024-12-03,Yang Ming,5,82.26,1.86,48006,0,0.0
2024-12-04,APM Terminals,3,81.43333333333334,2.533333333333333,37181,0,0.0
2024-12-04,China Shipping,10,90.16,1.81,75169,1,0.1
2024-12-04,Everport,2,88.94999999999999,1.95,17691,1,0.5
2024-12-04,TraPac,3,93.36666666666667,2.233333333333333,32096,1,0.333
2024-12-04,Yang Ming,8,89.85,2.2625,79740,1,0.125
2024-12-05,APM Terminals,8,85.1625,1.925,54573,2,0.25
2024-12-05,China Shipping,8,98.4,1.5625,41670,1,0.125
2024-12-05,Everport,1,83.6,2.0,6436,0,0.0
2024-12-05,TraPac,5,88.58,1.22,32901,2,0.4
2024-12-05,Yang Ming,7,90.27142857142857,2.085714285714286,67740,0,0.0
2024-12-06,APM Terminals,9,91.47777777777777,2.0444444444444443,77958,0,0.0
2024-12-06,China Shipping,1,76.6,2.6,15485,0,0.0
2024-12-06,Everport,9,93.85555555555555,2.0444444444444443,73386,1,0.111
2024-12-06,TraPac,5,111.78,2.32,49591,0,0.0
2024-12-06,Yang Ming,1,74.0,2.5,16161,0,0.0
2024-12-07,APM Terminals,6,87.66666666666667,2.0500000000000003,54105,2,0.333
2024-12-07,China Shipping,2,93.1,2.6,24796,0,0.0
2024-12-07,Everport,5,92.38,1.8199999999999998,38852,1,0.2
2024-12-07,TraPac,8,80.55,1.9874999999999998,67052,2,0.25
2024-12-07,Yang Ming,4,81.425,2.525,44662,0,0.0
2024-12-08,APM Terminals,8,93.05,1.8624999999999998,89501,0,0.0
2024-12-08,China Shipping,5,89.94,2.34,60272,2,0.4
2024-12-08,Everport,6,89.11666666666667,2.533333333333333,70034,0,0.0
2024-12-08,TraPac,8,86.2625,2.0875,89363,2,0.25
2024-12-08,Yang Ming,7,92.21428571428571,1.6571428571428573,63698,2,0.286
2024-12-09,APM Terminals,7,89.88571428571429,2.357142857142857,67570,0,0.0
2024-12-09,China Shipping,5,98.46,2.44,50607,0,0.0
2024-12-09,Everport,7,94.21428571428571,2.185714285714286,64010,0,0.0
2024-12-09,TraPac,9,81.5,2.211111111111111,105614,1,0.111
2024-12-09,Yang Ming,2,81.95,2.25,26399,0,0.0
2024-12-10,APM Terminals,5,95.42,1.6,38934,2,0.4
2024-12-10,China Shipping,5,99.58,2.62,70606,0,0.0
2024-12-10,Everport,4,81.65,1.775,24106,0,0.0
2024-12-10,TraPac,4,90.025,2.6,51898,0,0.0
2024-12-10,Yang Ming,3,98.83333333333333,1.7,20699,0,0.0
2024-12-11,APM Terminals,6,92.75,2.3000000000000003,50487,1,0.167
2024-12-11,China Shipping,4,81.775,2.3,49063,0,0.0
2024-12-11,Everport,6,92.68333333333334,2.25,68711,1,0.167
2024-12-11,TraPac,7,92.88571428571429,1.842857142857143,61593,1,0.143
2024-12-11,Yang Ming,3,85.56666666666666,1.7333333333333334,24645,0,0.0
2024-12-12,APM Terminals,7,83.55714285714285,2.5714285714285716,95398,2,0.286
2024-12-12,China Shipping,6,90.66666666666667,2.3666666666666667,82504,1,0.167
2024-12-12,Everport,3,83.63333333333334,1.8666666666666665,29534,0,0.0
2024-12-12,TraPac,6,96.36666666666667,2.1,53330,0,0.0
2024-12-12,Yang Ming,5,92.53999999999999,2.08,44722,0,0.0
2024-12-13,APM Terminals,7,90.8,2.7142857142857144,103118,1,0.143
2024-12-13,China Shipping,2,92.9,2.1,22952,0,0.0
2024-12-13,Everport,2,97.05000000000001,2.15,13446,1,0.5
2024-12-13,TraPac,8,82.3625,2.2,81223,1,0.125
2024-12-13,Yang Ming,6,88.89999999999999,1.9166666666666667,58134,0,0.0
2024-12-14,APM Terminals,8,88.525,2.3375,88176,0,0.0
2024-12-14,China Shipping,3,95.5,1.3333333333333333,14803,1,0.333
2024-12-14,Everport,8,88.45,2.0,73893,2,0.25
2024-12-14,TraPac,8,85.925,2.3,102090,0,0.0
2024-12-14,Yang Ming,5,95.53999999999999,2.2399999999999998,50852,1,0.2
2024-12-15,APM Terminals,4,94.475,2.325,42354,0,0.0
2024-12-15,China Shipping,7,92.28571428571429,2.0571428571428574,54701,2,0.286
2024-12-15,Everport,5,80.78,2.1,50206,1,0.2
2024-12-15,TraPac,1,81.0,1.2,2394,0,0.0
2024-12-15,Yang Ming,7,83.10000000000001,1.9714285714285715,69483,1,0.143
2024-12-16,APM Terminals,6,84.06666666666666,2.1333333333333333,65105,3,0.5
2024-12-16,China Shipping,6,84.26666666666667,2.216666666666667,58481,0,0.0
2024-12-16,Everport,6,92.16666666666667,1.8499999999999999,47854,1,0.167
2024-12-16,TraPac,5,95.56,1.8800000000000001,33996,0,0.0
2024-12-16,Yang Ming,7,87.48571428571428,1.742857142857143,63464,1,0.143
2024-12-17,APM Terminals,6,80.86666666666666,2.0,55173,1,0.167
2024-12-17,China Shipping,4,88.975,2.0,22857,0,0.0
2024-12-17,Everport,4,79.775,1.5499999999999998,24949,0,0.0
2024-12-17,TraPac,1,95.9,2.4,10110,0,0.0
2024-12-17,Yang Ming,7,92.15714285714286,2.8000000000000003,94947,0,0.0
2024-12-18,APM Terminals,4,91.725,2.3,36806,1,0.25
2024-12-18,China Shipping,2,96.05000000000001,2.75,17624,1,0.5
2024-12-18,Everport,1,107.3,2.3,6898,0,0.0
2024-12-18,TraPac,11,95.22727272727273,2.2818181818181817,118413,0,0.0
2024-12-18,Yang Ming,10,93.33,1.98,91076,2,0.2
2024-12-19,APM Terminals,1,91.3,3.3,15977,1,1.0
2024-12-19,China Shipping,9,81.51111111111112,2.2333333333333334,90189,3,0.333
2024-12-19,Everport,4,105.15,1.825,39338,1,0.25
2024-12-19,TraPac,4,85.475,2.55,47860,0,0.0
2024-12-19,Yang Ming,3,88.89999999999999,1.7666666666666668,23981,0,0.0
2024-12-20,APM Terminals,3,86.3,1.5,15232,1,0.333
2024-12-20,China Shipping,3,82.2,1.9666666666666668,24015,0,0.0
2024-12-20,Everport,2,65.69999999999999,2.4,18254,0,0.0
2024-12-20,TraPac,7,83.04285714285713,2.2285714285714286,78355,1,0.143
2024-12-20,Yang Ming,7,90.77142857142857,2.242857142857143,78642,3,0.429
2024-12-21,APM Terminals,4,89.325,1.6,37875,0,0.0
2024-12-21,China Shipping,1,125.7,2.0,15705,1,1.0
2024-12-21,Everport,6,102.13333333333333,1.8333333333333333,51942,2,0.333
2024-12-21,TraPac,8,91.0125,1.825,61504,2,0.25
2024-12-21,Yang Ming,8,94.7,2.225,91048,1,0.125
2024-12-22,APM Terminals,9,84.6,1.9555555555555557,86894,1,0.111
2024-12-22,China Shipping,3,83.2,2.1666666666666665,33861,1,0.333
2024-12-22,Everport,5,91.12,2.1,46016,2,0.4
2024-12-22,TraPac,6,92.05,2.0166666666666666,62093,1,0.167
2024-12-22,Yang Ming,2,96.6,2.4,19944,0,0.0
2024-12-23,APM Terminals,8,90.2375,1.8624999999999998,51188,3,0.375
2024-12-23,China Shipping,7,86.11428571428571,2.2857142857142856,84374,0,0.0
2024-12-23,Everport,7,79.77142857142857,2.2142857142857144,72891,0,0.0
2024-12-23,TraPac,2,99.44999999999999,2.5,20771,1,0.5
2024-12-23,Yang Ming,5,90.02,2.1,60446,0,0.0
2024-12-24,APM Terminals,4,85.275,2.1500000000000004,43722,0,0.0
2024-12-24,China Shipping,3,85.89999999999999,2.233333333333333,24079,0,0.0
2024-12-24,Everport,8,100.6875,2.35,80594,2,0.25
2024-12-24,TraPac,3,96.66666666666667,2.6999999999999997,39071,0,0.0
2024-12-24,Yang Ming,8,88.2375,2.1625,75007,0,0.0
2024-12-25,APM Terminals,3,88.43333333333334,2.0,28053,1,0.333
2024-12-25,China Shipping,10,85.42999999999999,2.25,104516,1,0.1
2024-12-25,Everport,5,81.94,2.16,50562,0,0.0
2024-12-25,TraPac,11,91.73636363636363,1.8818181818181818,88861,2,0.182
2024-12-25,Yang Ming,9,98.76666666666667,2.3333333333333335,107570,1,0.111
2024-12-26,APM Terminals,8,84.05,2.0625,71439,2,0.25
2024-12-26,China Shipping,6,88.73333333333333,2.5166666666666666,58747,1,0.167
2024-12-26,Everport,4,89.225,2.25,43962,1,0.25
2024-12-26,TraPac,3,105.96666666666665,1.7,15390,1,0.333
2024-12-26,Yang Ming,9,96.27777777777777,2.288888888888889,89433,0,0.0
2024-12-27,APM Terminals,4,74.475,1.95,36196,1,0.25
2024-12-27,China Shipping,7,80.62857142857142,2.257142857142857,69795,1,0.143
2024-12-27,Everport,7,88.98571428571428,2.5142857142857147,85625,0,0.0
2024-12-27,TraPac,6,84.16666666666667,2.316666666666667,72970,2,0.333
2024-12-27,Yang Ming,6,84.21666666666667,2.216666666666667,64472,1,0.167
2024-12-28,APM Terminals,5,100.16,2.16,44395,0,0.0
2024-12-28,China Shipping,4,89.075,2.1750000000000003,32188,0,0.0
2024-12-28,Everport,7,88.34285714285714,2.1142857142857143,77143,1,0.143
2024-12-28,TraPac,3,97.03333333333335,2.4,38810,1,0.333
2024-12-28,Yang Ming,4,85.125,1.725,26766,1,0.25
2024-12-29,APM Terminals,5,91.47999999999999,2.68,60662,1,0.2
2024-12-29,China Shipping,5,92.12,2.1399999999999997,46258,1,0.2
2024-12-29,Everport,8,87.625,2.625,111516,2,0.25
2024-12-29,TraPac,5,93.44,2.1,44282,0,0.0
2024-12-29,Yang Ming,5,97.56,1.92,28440,1,0.2
2024-12-30,APM Terminals,7,99.91428571428571,2.042857142857143,66176,2,0.286
2024-12-30,China Shipping,6,93.45,2.0166666666666666,52902,0,0.0
2024-12-30,Everport,4,93.3,2.05,40972,2,0.5
2024-12-30,TraPac,4,82.575,1.9249999999999998,29216,1,0.25
2024-12-30,Yang Ming,7,88.51428571428572,1.957142857142857,70970,1,0.143
2024-12-31,APM Terminals,6,92.81666666666666,2.0500000000000003,47638,0,0.0
2024-12-31,China Shipping,2,89.44999999999999,2.45,22727,0,0.0
2024-12-31,Everport,6,95.21666666666665,2.283333333333333,59571,0,0.0
2024-12-31,TraPac,2,75.85,1.8499999999999999,13677,0,0.0
2024-12-31,Yang Ming,2,94.35,2.05,16616,1,0.5
