mmsi,vessel_name,vessel_type,lat,lon,speed_knots,in_anchorage,is_delayed,snapshot_time,date,month,day_of_week,week_of_year,year,vessel_type_safe,terminal,origin_port,teu_load,utilization_rate,dwell_time_days,is_crisis_period,rolling_avg_turnaround,is_peak_season,is_weekend,vessel_type_enc,terminal_enc,origin_enc,predicted_turnaround,congestion_level
303200000, COLLETTE C,Feeder Container,33.74499,-118.22435,0.0,False,False,2026-08-27 23:44:35.867124+00:00,2026-08-27,8,3,35,2026,Feeder Container,Yang Ming,Ningbo,2250.0,0.9,2.0,0,95.0,1,0,0,4,4,106.0,High
367034960,PONO                ,Feeder Container,33.76741,-118.21696,0.0,False,False,2026-08-27 23:44:35.867124+00:00,2026-08-27,8,3,35,2026,Feeder Container,Yang Ming,Taipei,2250.0,0.9,2.0,0,95.0,1,0,0,4,8,106.2,High
368171260,MADELINE B HAMILTON ,Feeder Container,33.73078,-118.26217,0.0,False,False,2026-08-27 23:44:35.867124+00:00,2026-08-27,8,3,35,2026,Feeder Container,TraPac,Ningbo,2250.0,0.9,2.0,0,95.0,1,0,0,3,4,106.0,High
368088820,MORTY               ,Feeder Container,33.74873,-118.23037,0.8,False,False,2026-08-27 23:44:35.867124+00:00,2026-08-27,8,3,35,2026,Feeder Container,Yang Ming,Shanghai,2250.0,0.9,2.0,0,95.0,1,0,0,4,5,105.9,High
368133450,DARRELL HIATT       ,Feeder Container,33.73083,-118.26195,0.1,False,False,2026-08-27 23:44:35.867124+00:00,2026-08-27,8,3,35,2026,Feeder Container,TraPac,Shenzhen,2250.0,0.9,2.0,0,95.0,1,0,0,3,6,105.9,High
367748970,BECKY T,Feeder Container,33.74844,-118.23045,1.0,False,False,2026-08-27 23:44:35.867124+00:00,2026-08-27,8,3,35,2026,Feeder Container,Yang Ming,Singapore,2250.0,0.9,2.0,0,95.0,1,0,0,4,7,105.9,High
566448000,IRIS BLISS          ,Feeder Container,33.74916,-118.20674,0.0,False,False,2026-08-27 23:44:35.867124+00:00,2026-08-27,8,3,35,2026,Feeder Container,Yang Ming,Shanghai,2250.0,0.9,2.0,0,95.0,1,0,0,4,5,105.9,High
367569830,BARBARA J MULHOLLAND,Feeder Container,33.76871,-118.22796,5.5,False,False,2026-08-27 23:44:35.867124+00:00,2026-08-27,8,3,35,2026,Feeder Container,Yang Ming,Tokyo,2250.0,0.9,2.0,0,95.0,1,0,0,4,9,106.2,High
367396670,Z-THREE             ,Feeder Container,33.76372,-118.25699,0.0,False,False,2026-08-27 23:44:35.867124+00:00,2026-08-27,8,3,35,2026,Feeder Container,TraPac,Taipei,2250.0,0.9,2.0,0,95.0,1,0,0,3,8,106.2,High
367004260,CABRILLO            ,Feeder Container,33.76761,-118.21691,0.0,False,False,2026-08-27 23:44:35.867124+00:00,2026-08-27,8,3,35,2026,Feeder Container,Yang Ming,Hong Kong,2250.0,0.9,2.0,0,95.0,1,0,0,4,1,105.9,High
367422010,VALKYRIE,Feeder Container,33.73417,-118.27353,0.0,False,False,2026-08-27 23:44:35.867124+00:00,2026-08-27,8,3,35,2026,Feeder Container,TraPac,Manila,2250.0,0.9,2.0,0,95.0,1,0,0,3,3,105.9,High
367189890,LOREN C             ,Feeder Container,33.75394,-118.22423,0.0,False,False,2026-08-27 23:44:35.867124+00:00,2026-08-27,8,3,35,2026,Feeder Container,Yang Ming,Manila,2250.0,0.9,2.0,0,95.0,1,0,0,4,3,105.9,High
366760710,REDONDO             ,Feeder Container,33.74404,-118.20458,0.0,False,False,2026-08-27 23:44:35.867124+00:00,2026-08-27,8,3,35,2026,Feeder Container,Yang Ming,Manila,2250.0,0.9,2.0,0,95.0,1,0,0,4,3,105.9,High
367719640,CATALINA PROVIDER   ,Feeder Container,33.71261,-118.25568,7.6,True,False,2026-08-27 23:44:35.867124+00:00,2026-08-27,8,3,35,2026,Feeder Container,TraPac,Singapore,2250.0,0.9,2.0,0,95.0,1,0,0,3,7,105.9,High
367006770,ROBYN J             ,Feeder Container,33.73279,-118.27284,0.0,False,False,2026-08-27 23:44:35.867124+00:00,2026-08-27,8,3,35,2026,Feeder Container,TraPac,Manila,2250.0,0.9,2.0,0,95.0,1,0,0,3,3,105.9,High
369008000,ELIZABETH ANNE      ,Feeder Container,33.76106,-118.21927,7.2,False,False,2026-08-27 23:44:35.867124+00:00,2026-08-27,8,3,35,2026,Feeder Container,Yang Ming,Shenzhen,2250.0,0.9,2.0,0,95.0,1,0,0,4,6,105.9,High
367533290,MARIE CHERAMIE,Feeder Container,33.73448,-118.27075,0.0,False,False,2026-08-27 23:44:35.867124+00:00,2026-08-27,8,3,35,2026,Feeder Container,TraPac,Jakarta,2250.0,0.9,2.0,0,95.0,1,0,0,3,2,105.9,High
367625810,DELTA AUDREY        ,Feeder Container,33.76696,-118.23595,5.7,False,False,2026-08-27 23:44:35.867124+00:00,2026-08-27,8,3,35,2026,Feeder Container,Yang Ming,Shenzhen,2250.0,0.9,2.0,0,95.0,1,0,0,4,6,105.9,High
338366226,V.A.POINT VICENTE   ,Feeder Container,33.74233,-118.24324,0.6,False,False,2026-08-27 23:44:35.867124+00:00,2026-08-27,8,3,35,2026,Feeder Container,TraPac,Manila,2250.0,0.9,2.0,0,95.0,1,0,0,3,3,105.9,High
367765860,SEACRET             ,Feeder Container,33.75879,-118.18909,0.0,False,False,2026-08-27 23:44:35.867124+00:00,2026-08-27,8,3,35,2026,Feeder Container,Everport,Tokyo,2250.0,0.9,2.0,0,95.0,1,0,0,2,9,106.2,High
563245200,EVER MODE           ,Feeder Container,33.74573,-118.27197,0.0,False,False,2026-08-27 23:44:35.867124+00:00,2026-08-27,8,3,35,2026,Feeder Container,TraPac,Hong Kong,2250.0,0.9,2.0,0,95.0,1,0,0,3,1,105.9,High
368159190,LB PILOT POLARIS 3  ,Feeder Container,33.74734,-118.21562,0.5,False,False,2026-08-27 23:44:35.867124+00:00,2026-08-27,8,3,35,2026,Feeder Container,Yang Ming,Shanghai,2250.0,0.9,2.0,0,95.0,1,0,0,4,5,105.9,High
366760650,LEADER              ,Feeder Container,33.74024,-118.27809,0.0,False,False,2026-08-27 23:44:35.867124+00:00,2026-08-27,8,3,35,2026,Feeder Container,TraPac,Manila,2250.0,0.9,2.0,0,95.0,1,0,0,3,3,105.9,High
366768030,STARSHIP EXPRESS    ,Feeder Container,33.74287,-118.1741,27.1,False,False,2026-08-27 23:44:35.867124+00:00,2026-08-27,8,3,35,2026,Feeder Container,Everport,Shanghai,2250.0,0.9,2.0,0,95.0,1,0,0,2,5,105.9,High
366886630,EXY JOHNSON,Feeder Container,33.73653,-118.27791,0.1,False,False,2026-08-27 23:44:35.867124+00:00,2026-08-27,8,3,35,2026,Feeder Container,TraPac,Busan,2250.0,0.9,2.0,0,95.0,1,0,0,3,0,105.4,High
220414000,GJERTRUD MAERSK,Feeder Container,33.7297,-118.25632,0.0,False,False,2026-08-27 23:44:35.867124+00:00,2026-08-27,8,3,35,2026,Feeder Container,TraPac,Jakarta,2250.0,0.9,2.0,0,95.0,1,0,0,3,2,105.9,High
368165030,V.A. SAN PEDRO      ,Feeder Container,33.72343,-118.28049,0.0,False,False,2026-08-27 23:44:35.867124+00:00,2026-08-27,8,3,35,2026,Feeder Container,APM Terminals,Hong Kong,2250.0,0.9,2.0,0,95.0,1,0,0,0,1,105.9,High
367014480,DURANGO             ,Feeder Container,33.74273,-118.19762,0.2,False,False,2026-08-27 23:44:35.867124+00:00,2026-08-27,8,3,35,2026,Feeder Container,Everport,Manila,2250.0,0.9,2.0,0,95.0,1,0,0,2,3,105.9,High
367308610,SARAH C.            ,Feeder Container,33.75321,-118.22374,0.0,False,False,2026-08-27 23:44:35.867124+00:00,2026-08-27,8,3,35,2026,Feeder Container,Yang Ming,Taipei,2250.0,0.9,2.0,0,95.0,1,0,0,4,8,106.2,High
367507960,DB SALTA VERDE      ,Feeder Container,33.75377,-118.22393,0.0,False,False,2026-08-27 23:44:35.867124+00:00,2026-08-27,8,3,35,2026,Feeder Container,Yang Ming,Hong Kong,2250.0,0.9,2.0,0,95.0,1,0,0,4,1,105.9,High
367044560,PILOT BOAT BANNING  ,Feeder Container,33.76275,-118.26568,0.0,False,False,2026-08-27 23:44:35.867124+00:00,2026-08-27,8,3,35,2026,Feeder Container,TraPac,Singapore,2250.0,0.9,2.0,0,95.0,1,0,0,3,7,105.9,High
366892000,JAMIE ANN           ,Feeder Container,33.76638,-118.22176,5.4,False,False,2026-08-27 23:44:35.867124+00:00,2026-08-27,8,3,35,2026,Feeder Container,Yang Ming,Busan,2250.0,0.9,2.0,0,95.0,1,0,0,4,0,105.4,High
368351350,MARMAC 304          ,Feeder Container,33.74489,-118.22442,0.0,False,False,2026-08-27 23:44:35.867124+00:00,2026-08-27,8,3,35,2026,Feeder Container,Yang Ming,Hong Kong,2250.0,0.9,2.0,0,95.0,1,0,0,4,1,105.9,High
367565520,LANA                ,Feeder Container,33.73178,-118.25685,0.0,False,False,2026-08-27 23:44:35.867124+00:00,2026-08-27,8,3,35,2026,Feeder Container,TraPac,Manila,2250.0,0.9,2.0,0,95.0,1,0,0,3,3,105.9,High
367689990,HARBOR KING         ,Feeder Container,33.72248,-118.26241,8.6,False,False,2026-08-27 23:44:35.867124+00:00,2026-08-27,8,3,35,2026,Feeder Container,TraPac,Taipei,2250.0,0.9,2.0,0,95.0,1,0,0,3,8,106.2,High
367090960,DREAM ON,Feeder Container,33.74761,-118.14352,6.6,False,False,2026-08-27 23:44:35.867124+00:00,2026-08-27,8,3,35,2026,Feeder Container,China Shipping,Shanghai,2250.0,0.9,2.0,0,95.0,1,0,0,1,5,105.9,High
352002625,MAERSK GLACIER      ,Feeder Container,33.69312,-118.14093,0.2,False,False,2026-08-27 23:44:35.867124+00:00,2026-08-27,8,3,35,2026,Feeder Container,China Shipping,Manila,2250.0,0.9,2.0,0,95.0,1,0,0,1,3,105.9,High
563296700,ONE FORTUNE         ,Feeder Container,33.74363,-118.19444,0.0,False,False,2026-08-27 23:44:35.867124+00:00,2026-08-27,8,3,35,2026,Feeder Container,Everport,Shanghai,2250.0,0.9,2.0,0,95.0,1,0,0,2,5,105.9,High
366926740,TIM QUIGG,Feeder Container,33.75293,-118.26595,8.6,False,False,2026-08-28 23:32:19.414337+00:00,2026-08-28,8,4,35,2026,Feeder Container,TraPac,Shenzhen,2250.0,0.9,2.0,0,95.0,1,0,0,3,6,105.9,High
338429333,LAFD FB23           ,Feeder Container,33.73413,-118.26726,4.0,False,False,2026-08-28 23:32:19.414337+00:00,2026-08-28,8,4,35,2026,Feeder Container,TraPac,Shenzhen,2250.0,0.9,2.0,0,95.0,1,0,0,3,6,105.9,High
366760650,LEADER              ,Feeder Container,33.74024,-118.2781,0.0,False,False,2026-08-28 23:32:19.414337+00:00,2026-08-28,8,4,35,2026,Feeder Container,TraPac,Manila,2250.0,0.9,2.0,0,95.0,1,0,0,3,3,105.9,High
367175860,INDEPENDENCE,Feeder Container,33.76599,-118.27768,5.2,False,False,2026-08-28 23:32:19.414337+00:00,2026-08-28,8,4,35,2026,Feeder Container,TraPac,Taipei,2250.0,0.9,2.0,0,95.0,1,0,0,3,8,106.2,High
368136950,HERCULES            ,Feeder Container,33.74025,-118.27802,0.0,False,False,2026-08-28 23:32:19.414337+00:00,2026-08-28,8,4,35,2026,Feeder Container,TraPac,Jakarta,2250.0,0.9,2.0,0,95.0,1,0,0,3,2,105.9,High
368024740,LB PILOT BOAT  ORION,Feeder Container,33.74724,-118.21566,0.0,False,False,2026-08-28 23:32:19.414337+00:00,2026-08-28,8,4,35,2026,Feeder Container,Yang Ming,Singapore,2250.0,0.9,2.0,0,95.0,1,0,0,4,7,105.9,High
311000267,QUANTUM OF THE SEAS,Feeder Container,33.7083,-118.24824,9.0,True,False,2026-08-28 23:32:19.414337+00:00,2026-08-28,8,4,35,2026,Feeder Container,TraPac,Jakarta,2250.0,0.9,2.0,0,95.0,1,0,0,3,2,105.9,High
368237190,GO BEYOND           ,Feeder Container,33.74608,-118.22472,0.0,False,False,2026-08-28 23:32:19.414337+00:00,2026-08-28,8,4,35,2026,Feeder Container,Yang Ming,Shenzhen,2250.0,0.9,2.0,0,95.0,1,0,0,4,6,105.9,High
366999662,CG HALIBUT,Feeder Container,33.69341,-118.23968,10.3,True,False,2026-08-28 23:32:19.414337+00:00,2026-08-28,8,4,35,2026,Feeder Container,Yang Ming,Busan,2250.0,0.9,2.0,0,95.0,1,0,0,4,0,105.4,High
367421990,H R MORRIS          ,Feeder Container,33.75295,-118.22093,0.0,False,False,2026-08-28 23:32:19.414337+00:00,2026-08-28,8,4,35,2026,Feeder Container,Yang Ming,Jakarta,2250.0,0.9,2.0,0,95.0,1,0,0,4,2,105.9,High
366977270,VICTORY             ,Feeder Container,33.70914,-118.25073,8.7,True,False,2026-08-28 23:32:19.414337+00:00,2026-08-28,8,4,35,2026,Feeder Container,TraPac,Ningbo,2250.0,0.9,2.0,0,95.0,1,0,0,3,4,106.0,High
367704150,KRISTINA            ,Feeder Container,33.76227,-118.19548,0.0,False,False,2026-08-28 23:32:19.414337+00:00,2026-08-28,8,4,35,2026,Feeder Container,Everport,Tokyo,2250.0,0.9,2.0,0,95.0,1,0,0,2,9,106.2,High
368266520,HERO                ,Feeder Container,33.76996,-118.21426,0.0,False,False,2026-08-28 23:32:19.414337+00:00,2026-08-28,8,4,35,2026,Feeder Container,Yang Ming,Tokyo,2250.0,0.9,2.0,0,95.0,1,0,0,4,9,106.2,High
367004260,CABRILLO            ,Feeder Container,33.76757,-118.21697,0.0,False,False,2026-08-28 23:32:19.414337+00:00,2026-08-28,8,4,35,2026,Feeder Container,Yang Ming,Jakarta,2250.0,0.9,2.0,0,95.0,1,0,0,4,2,105.9,High
367330510,PATRICIA ANN,Feeder Container,33.72895,-118.27546,0.0,False,False,2026-08-28 23:32:19.414337+00:00,2026-08-28,8,4,35,2026,Feeder Container,TraPac,Busan,2250.0,0.9,2.0,0,95.0,1,0,0,3,0,105.4,High
441701000,SM LONG BEACH       ,Feeder Container,33.76778,-118.23627,0.0,False,False,2026-08-28 23:32:19.414337+00:00,2026-08-28,8,4,35,2026,Feeder Container,Yang Ming,Ningbo,2250.0,0.9,2.0,0,95.0,1,0,0,4,4,106.0,High
367019310,QUIN DELTA          ,Feeder Container,33.75501,-118.22417,0.0,False,False,2026-08-28 23:32:19.414337+00:00,2026-08-28,8,4,35,2026,Feeder Container,Yang Ming,Ningbo,2250.0,0.9,2.0,0,95.0,1,0,0,4,4,106.0,High
368165820,V.A.POINT FERMIN    ,Feeder Container,33.72349,-118.28054,0.0,False,False,2026-08-28 23:32:19.414337+00:00,2026-08-28,8,4,35,2026,Feeder Container,APM Terminals,Shenzhen,2250.0,0.9,2.0,0,95.0,1,0,0,0,6,105.9,High
366994250,MASCO ENDEAVOR      ,Feeder Container,33.73186,-118.26416,0.0,False,False,2026-08-28 23:32:19.414337+00:00,2026-08-28,8,4,35,2026,Feeder Container,TraPac,Shanghai,2250.0,0.9,2.0,0,95.0,1,0,0,3,5,105.9,High
538070708,CIELO MARE          ,Feeder Container,33.72414,-118.27973,0.0,False,False,2026-08-28 23:32:19.414337+00:00,2026-08-28,8,4,35,2026,Feeder Container,TraPac,Manila,2250.0,0.9,2.0,0,95.0,1,0,0,3,3,105.9,High
538009136,BLUE GRASS MARINER  ,Feeder Container,33.68327,-118.12181,0.0,False,False,2026-08-28 23:32:19.414337+00:00,2026-08-28,8,4,35,2026,Feeder Container,China Shipping,Shenzhen,2250.0,0.9,2.0,0,95.0,1,0,0,1,6,105.9,High
368084540,DELTA TERESA        ,Feeder Container,33.75892,-118.27688,0.0,False,False,2026-08-28 23:32:19.414337+00:00,2026-08-28,8,4,35,2026,Feeder Container,TraPac,Taipei,2250.0,0.9,2.0,0,95.0,1,0,0,3,8,106.2,High
368133450,DARRELL HIATT       ,Feeder Container,33.7308,-118.26216,0.0,False,False,2026-08-28 23:32:19.414337+00:00,2026-08-28,8,4,35,2026,Feeder Container,TraPac,Singapore,2250.0,0.9,2.0,0,95.0,1,0,0,3,7,105.9,High
367396670,Z-THREE             ,Feeder Container,33.76371,-118.25701,0.0,False,False,2026-08-28 23:32:19.414337+00:00,2026-08-28,8,4,35,2026,Feeder Container,TraPac,Tokyo,2250.0,0.9,2.0,0,95.0,1,0,0,3,9,106.2,High
566207000,GREAT 61            ,Feeder Container,33.75722,-118.26286,0.0,False,False,2026-08-28 23:32:19.414337+00:00,2026-08-28,8,4,35,2026,Feeder Container,TraPac,Busan,2250.0,0.9,2.0,0,95.0,1,0,0,3,0,105.4,High
636024201,ZIM FALCON          ,Feeder Container,33.76656,-118.2737,0.0,False,False,2026-08-28 23:32:19.414337+00:00,2026-08-28,8,4,35,2026,Feeder Container,TraPac,Shenzhen,2250.0,0.9,2.0,0,95.0,1,0,0,3,6,105.9,High
368171260,MADELINE B HAMILTON ,Feeder Container,33.73087,-118.26195,0.0,False,False,2026-08-28 23:32:19.414337+00:00,2026-08-28,8,4,35,2026,Feeder Container,TraPac,Manila,2250.0,0.9,2.0,0,95.0,1,0,0,3,3,105.9,High
232018901,HYUNDAI PLUTO       ,Feeder Container,33.75937,-118.2738,0.0,False,False,2026-08-28 23:32:19.414337+00:00,2026-08-28,8,4,35,2026,Feeder Container,TraPac,Jakarta,2250.0,0.9,2.0,0,95.0,1,0,0,3,2,105.9,High
367401030,DELTA BILLIE        ,Feeder Container,33.73983,-118.27814,0.0,False,False,2026-08-28 23:32:19.414337+00:00,2026-08-28,8,4,35,2026,Feeder Container,TraPac,Singapore,2250.0,0.9,2.0,0,95.0,1,0,0,3,7,105.9,High
367569830,BARBARA J MULHOLLAND,Feeder Container,33.743,-118.27598,7.9,False,False,2026-08-28 23:32:19.414337+00:00,2026-08-28,8,4,35,2026,Feeder Container,TraPac,Jakarta,2250.0,0.9,2.0,0,95.0,1,0,0,3,2,105.9,High
367308610,SARAH C.            ,Feeder Container,33.75321,-118.22375,0.0,False,False,2026-08-28 23:32:19.414337+00:00,2026-08-28,8,4,35,2026,Feeder Container,Yang Ming,Ningbo,2250.0,0.9,2.0,0,95.0,1,0,0,4,4,106.0,High
368171390,BROOKS M HAMILTON   ,Feeder Container,33.76028,-118.2745,6.5,False,False,2026-08-28 23:32:19.414337+00:00,2026-08-28,8,4,35,2026,Feeder Container,TraPac,Jakarta,2250.0,0.9,2.0,0,95.0,1,0,0,3,2,105.9,High
369355000,GEORGE III,Feeder Container,33.7695,-118.22844,0.0,False,False,2026-08-28 23:32:19.414337+00:00,2026-08-28,8,4,35,2026,Feeder Container,Yang Ming,Shenzhen,2250.0,0.9,2.0,0,95.0,1,0,0,4,6,105.9,High
367533290,MARIE CHERAMIE,Feeder Container,33.73448,-118.27075,0.0,False,False,2026-08-28 23:32:19.414337+00:00,2026-08-28,8,4,35,2026,Feeder Container,TraPac,Shanghai,2250.0,0.9,2.0,0,95.0,1,0,0,3,5,105.9,High
366926740,TIM QUIGG,Feeder Container,33.76373,-118.25675,0.0,False,False,2026-08-29 17:40:12.065958+00:00,2026-08-29,8,5,35,2026,Feeder Container,TraPac,Tokyo,2250.0,0.9,2.0,0,95.0,1,1,0,3,9,106.2,High
636026549,NAVE POLARIS,Ultra Large Container,33.77248,-118.22087,0.0,False,False,2026-08-29 17:40:12.065958+00:00,2026-08-29,8,5,35,2026,Ultra Large Container,Yang Ming,Shanghai,16200.0,0.9,2.0,0,95.0,1,1,4,4,5,105.9,High
366998840,MILLENIUM MAVERICK  ,Feeder Container,33.76393,-118.25682,0.0,False,False,2026-08-29 17:40:12.065958+00:00,2026-08-29,8,5,35,2026,Feeder Container,TraPac,Busan,2250.0,0.9,2.0,0,95.0,1,1,0,3,0,105.4,High
338118674,BAYWATCH19          ,Feeder Container,33.71329,-118.28302,0.2,False,False,2026-08-29 17:40:12.065958+00:00,2026-08-29,8,5,35,2026,Feeder Container,APM Terminals,Hong Kong,2250.0,0.9,2.0,0,95.0,1,1,0,0,1,105.9,High
566482000,APL YANG SHAN,Feeder Container,33.76512,-118.27773,0.0,False,False,2026-08-29 17:40:12.065958+00:00,2026-08-29,8,5,35,2026,Feeder Container,TraPac,Singapore,2250.0,0.9,2.0,0,95.0,1,1,0,3,7,105.9,High
367533290,MARIE CHERAMIE,Feeder Container,33.73449,-118.27074,0.0,False,False,2026-08-29 17:40:12.065958+00:00,2026-08-29,8,5,35,2026,Feeder Container,TraPac,Manila,2250.0,0.9,2.0,0,95.0,1,1,0,3,3,105.9,High
368165820,V.A.POINT FERMIN,Feeder Container,33.72351,-118.28053,0.0,False,False,2026-08-29 17:40:12.065958+00:00,2026-08-29,8,5,35,2026,Feeder Container,APM Terminals,Jakarta,2250.0,0.9,2.0,0,95.0,1,1,0,0,2,105.9,High
338881000,PRESIDENT LB JOHNSON,Feeder Container,33.73416,-118.24966,0.0,False,False,2026-08-29 17:40:12.065958+00:00,2026-08-29,8,5,35,2026,Feeder Container,TraPac,Singapore,2250.0,0.9,2.0,0,95.0,1,1,0,3,7,105.9,High
367014480,DURANGO             ,Feeder Container,33.7409,-118.19517,0.1,False,False,2026-08-29 17:40:12.065958+00:00,2026-08-29,8,5,35,2026,Feeder Container,Everport,Busan,2250.0,0.9,2.0,0,95.0,1,1,0,2,0,105.4,High
636022450,MSC AUDREY          ,Feeder Container,33.69378,-118.12899,0.0,False,False,2026-08-29 17:40:12.065958+00:00,2026-08-29,8,5,35,2026,Feeder Container,China Shipping,Singapore,2250.0,0.9,2.0,0,95.0,1,1,0,1,7,105.9,High
366768030,STARSHIP EXPRESS    ,Feeder Container,33.76311,-118.19928,0.1,False,False,2026-08-29 17:40:12.065958+00:00,2026-08-29,8,5,35,2026,Feeder Container,Everport,Shenzhen,2250.0,0.9,2.0,0,95.0,1,1,0,2,6,105.9,High
366994250,MASCO ENDEAVOR      ,Feeder Container,33.73185,-118.26413,0.0,False,False,2026-08-29 17:40:12.065958+00:00,2026-08-29,8,5,35,2026,Feeder Container,TraPac,Ningbo,2250.0,0.9,2.0,0,95.0,1,1,0,3,4,106.0,High
368418560,WENDY JO            ,Feeder Container,33.77098,-118.21392,0.0,False,False,2026-08-29 17:40:12.065958+00:00,2026-08-29,8,5,35,2026,Feeder Container,Yang Ming,Tokyo,2250.0,0.9,2.0,0,95.0,1,1,0,4,9,106.2,High
367471080,ISABEL L            ,Feeder Container,33.73507,-118.27103,0.0,False,False,2026-08-29 17:40:12.065958+00:00,2026-08-29,8,5,35,2026,Feeder Container,TraPac,Hong Kong,2250.0,0.9,2.0,0,95.0,1,1,0,3,1,105.9,High
367189890,LOREN C             ,Feeder Container,33.75393,-118.22424,0.0,False,False,2026-08-29 17:40:12.065958+00:00,2026-08-29,8,5,35,2026,Feeder Container,Yang Ming,Ningbo,2250.0,0.9,2.0,0,95.0,1,1,0,4,4,106.0,High
367625810,DELTA AUDREY,Feeder Container,33.77308,-118.21748,0.0,False,False,2026-08-29 17:40:12.065958+00:00,2026-08-29,8,5,35,2026,Feeder Container,Yang Ming,Shanghai,2250.0,0.9,2.0,0,95.0,1,1,0,4,5,105.9,High
477025400,OOCL BAUHINIA       ,Feeder Container,33.75774,-118.21405,0.0,False,False,2026-08-29 17:40:12.065958+00:00,2026-08-29,8,5,35,2026,Feeder Container,Yang Ming,Shanghai,2250.0,0.9,2.0,0,95.0,1,1,0,4,5,105.9,High
367719640,CATALINA PROVIDER   ,Feeder Container,33.7493,-118.27369,0.0,False,False,2026-08-29 17:40:12.065958+00:00,2026-08-29,8,5,35,2026,Feeder Container,TraPac,Hong Kong,2250.0,0.9,2.0,0,95.0,1,1,0,3,1,105.9,High
374527000,CARNIVAL PANORAMA,Feeder Container,33.7501,-118.18682,0.0,False,False,2026-08-29 17:40:12.065958+00:00,2026-08-29,8,5,35,2026,Feeder Container,Everport,Hong Kong,2250.0,0.9,2.0,0,95.0,1,1,0,2,1,105.9,High
368159190,LB PILOT POLARIS 3  ,Feeder Container,33.7364,-118.20594,20.2,False,False,2026-08-29 17:40:12.065958+00:00,2026-08-29,8,5,35,2026,Feeder Container,Yang Ming,Tokyo,2250.0,0.9,2.0,0,95.0,1,1,0,4,9,106.2,High
367192970,CAT EXPRESS         ,Feeder Container,33.74835,-118.27405,0.0,False,False,2026-08-29 17:40:12.065958+00:00,2026-08-29,8,5,35,2026,Feeder Container,TraPac,Shenzhen,2250.0,0.9,2.0,0,95.0,1,1,0,3,6,105.9,High
367580930,TRIUMPHANT          ,Feeder Container,33.69688,-118.31429,0.8,False,False,2026-08-29 17:40:12.065958+00:00,2026-08-29,8,5,35,2026,Feeder Container,APM Terminals,Singapore,2250.0,0.9,2.0,0,95.0,1,1,0,0,7,105.9,High
368088820,MORTY               ,Feeder Container,33.74793,-118.23223,0.0,False,False,2026-08-29 17:40:12.065958+00:00,2026-08-29,8,5,35,2026,Feeder Container,Yang Ming,Manila,2250.0,0.9,2.0,0,95.0,1,1,0,4,3,105.9,High
366999709,CG@SOCKEYE,Feeder Container,33.72622,-118.2697,0.0,False,False,2026-08-29 17:40:12.065958+00:00,2026-08-29,8,5,35,2026,Feeder Container,TraPac,Shanghai,2250.0,0.9,2.0,0,95.0,1,1,0,3,5,105.9,High
368012340,APACHE              ,Feeder Container,33.75167,-118.24029,0.0,False,False,2026-08-30 18:02:35.425211+00:00,2026-08-30,8,6,35,2026,Feeder Container,TraPac,Manila,2250.0,0.9,2.0,0,95.0,1,1,0,3,3,105.9,High
636023071,NEW MAXIMUM         ,Feeder Container,33.71035,-118.21831,0.0,True,True,2026-08-30 18:02:35.425211+00:00,2026-08-30,8,6,35,2026,Feeder Container,Yang Ming,Singapore,2250.0,0.9,2.0,0,95.0,1,1,0,4,7,105.9,High
368418560,WENDY JO            ,Feeder Container,33.77096,-118.21395,0.0,False,False,2026-08-30 18:02:35.425211+00:00,2026-08-30,8,6,35,2026,Feeder Container,Yang Ming,Hong Kong,2250.0,0.9,2.0,0,95.0,1,1,0,4,1,105.9,High
366998840,MILLENIUM MAVERICK  ,Feeder Container,33.76393,-118.25682,0.0,False,False,2026-08-30 18:02:35.425211+00:00,2026-08-30,8,6,35,2026,Feeder Container,TraPac,Singapore,2250.0,0.9,2.0,0,95.0,1,1,0,3,7,105.9,High
367569830,BARBARA J MULHOLLAND,Feeder Container,33.7635,-118.25708,0.0,False,False,2026-08-30 18:02:35.425211+00:00,2026-08-30,8,6,35,2026,Feeder Container,TraPac,Manila,2250.0,0.9,2.0,0,95.0,1,1,0,3,3,105.9,High
368171260,MADELINE B HAMILTON ,Feeder Container,33.72998,-118.26355,0.2,False,False,2026-08-30 18:02:35.425211+00:00,2026-08-30,8,6,35,2026,Feeder Container,TraPac,Jakarta,2250.0,0.9,2.0,0,95.0,1,1,0,3,2,105.9,High
636025329,MSC CALAIS          ,Feeder Container,33.75482,-118.23068,0.0,False,False,2026-08-30 18:02:35.425211+00:00,2026-08-30,8,6,35,2026,Feeder Container,Yang Ming,Shanghai,2250.0,0.9,2.0,0,95.0,1,1,0,4,5,105.9,High
366760650,LEADER              ,Feeder Container,33.75233,-118.26957,6.3,False,False,2026-08-30 18:02:35.425211+00:00,2026-08-30,8,6,35,2026,Feeder Container,TraPac,Shanghai,2250.0,0.9,2.0,0,95.0,1,1,0,3,5,105.9,High
367760290,FIREBOAT 15         ,Feeder Container,33.74792,-118.21565,0.1,False,False,2026-08-30 18:02:35.425211+00:00,2026-08-30,8,6,35,2026,Feeder Container,Yang Ming,Jakarta,2250.0,0.9,2.0,0,95.0,1,1,0,4,2,105.9,High
367625810,DELTA AUDREY        ,Feeder Container,33.73981,-118.27793,0.0,False,False,2026-08-30 18:02:35.425211+00:00,2026-08-30,8,6,35,2026,Feeder Container,TraPac,Manila,2250.0,0.9,2.0,0,95.0,1,1,0,3,3,105.9,High
338256000,BLAIR C   ,Feeder Container,33.77111,-118.21382,0.0,False,False,2026-08-30 18:02:35.425211+00:00,2026-08-30,8,6,35,2026,Feeder Container,Yang Ming,Shenzhen,2250.0,0.9,2.0,0,95.0,1,1,0,4,6,105.9,High
367765860,SEACRET             ,Feeder Container,33.7588,-118.18909,0.0,False,False,2026-08-30 18:02:35.425211+00:00,2026-08-30,8,6,35,2026,Feeder Container,Everport,Jakarta,2250.0,0.9,2.0,0,95.0,1,1,0,2,2,105.9,High
366943960,CATALINA EXPRESS    ,Feeder Container,33.72883,-118.27292,6.5,False,False,2026-08-30 18:02:35.425211+00:00,2026-08-30,8,6,35,2026,Feeder Container,TraPac,Shenzhen,2250.0,0.9,2.0,0,95.0,1,1,0,3,6,105.9,High
367330510,PATRICIA ANN,Feeder Container,33.72893,-118.27546,0.1,False,False,2026-08-30 18:02:35.425211+00:00,2026-08-30,8,6,35,2026,Feeder Container,TraPac,Manila,2250.0,0.9,2.0,0,95.0,1,1,0,3,3,105.9,High
636024201,ZIM FALCON          ,Feeder Container,33.76658,-118.27368,0.0,False,False,2026-08-30 18:02:35.425211+00:00,2026-08-30,8,6,35,2026,Feeder Container,TraPac,Jakarta,2250.0,0.9,2.0,0,95.0,1,1,0,3,2,105.9,High
636093280,FOS EXPRESS,Feeder Container,33.73195,-118.25715,0.0,False,False,2026-08-30 18:02:35.425211+00:00,2026-08-30,8,6,35,2026,Feeder Container,TraPac,Jakarta,2250.0,0.9,2.0,0,95.0,1,1,0,3,2,105.9,High
563201600,WAN HAI A05         ,Feeder Container,33.75856,-118.25932,0.0,False,False,2026-08-30 18:02:35.425211+00:00,2026-08-30,8,6,35,2026,Feeder Container,TraPac,Ningbo,2250.0,0.9,2.0,0,95.0,1,1,0,3,4,106.0,High
366892000,JAMIE ANN           ,Feeder Container,33.77081,-118.21219,0.1,False,False,2026-08-30 18:02:35.425211+00:00,2026-08-30,8,6,35,2026,Feeder Container,Yang Ming,Shanghai,2250.0,0.9,2.0,0,95.0,1,1,0,4,5,105.9,High
366081959,FIREBOAT 3          ,Feeder Container,33.70592,-118.27699,102.3,False,False,2026-08-30 18:02:35.425211+00:00,2026-08-30,8,6,35,2026,Feeder Container,TraPac,Jakarta,2250.0,0.9,2.0,0,95.0,1,1,0,3,2,105.9,High
367004260,CABRILLO            ,Feeder Container,33.7676,-118.2169,0.0,False,False,2026-08-30 18:02:35.425211+00:00,2026-08-30,8,6,35,2026,Feeder Container,Yang Ming,Busan,2250.0,0.9,2.0,0,95.0,1,1,0,4,0,105.4,High
368165030,V.A. SAN PEDRO      ,Feeder Container,33.72342,-118.28049,0.0,False,False,2026-08-30 18:02:35.425211+00:00,2026-08-30,8,6,35,2026,Feeder Container,APM Terminals,Taipei,2250.0,0.9,2.0,0,95.0,1,1,0,0,8,106.3,High
338899000,COMMITMENT          ,Feeder Container,33.73344,-118.27312,0.0,False,False,2026-08-30 18:02:35.425211+00:00,2026-08-30,8,6,35,2026,Feeder Container,TraPac,Hong Kong,2250.0,0.9,2.0,0,95.0,1,1,0,3,1,105.9,High
338366226,V.A.POINT VICENTE   ,Feeder Container,33.72337,-118.28069,0.0,False,False,2026-08-30 18:02:35.425211+00:00,2026-08-30,8,6,35,2026,Feeder Container,APM Terminals,Singapore,2250.0,0.9,2.0,0,95.0,1,1,0,0,7,105.9,High
303200000, COLLETTE C,Feeder Container,33.7531,-118.2238,0.1,False,False,2026-08-30 18:02:35.425211+00:00,2026-08-30,8,6,35,2026,Feeder Container,Yang Ming,Jakarta,2250.0,0.9,2.0,0,95.0,1,1,0,4,2,105.9,High
367672140,MAURETANIA          ,Feeder Container,33.72352,-118.28044,0.0,False,False,2026-08-30 18:02:35.425211+00:00,2026-08-30,8,6,35,2026,Feeder Container,APM Terminals,Jakarta,2250.0,0.9,2.0,0,95.0,1,1,0,0,2,105.9,High
215558000,APL QINGDAO,Feeder Container,33.73293,-118.25325,0.0,False,False,2026-08-30 18:02:35.425211+00:00,2026-08-30,8,6,35,2026,Feeder Container,TraPac,Shenzhen,2250.0,0.9,2.0,0,95.0,1,1,0,3,6,105.9,High
367550000,SHANNON             ,Feeder Container,33.74542,-118.22483,0.0,False,False,2026-08-30 18:02:35.425211+00:00,2026-08-30,8,6,35,2026,Feeder Container,Yang Ming,Singapore,2250.0,0.9,2.0,0,95.0,1,1,0,4,7,105.9,High
368133450,DARRELL HIATT       ,Feeder Container,33.73066,-118.26061,0.1,False,False,2026-08-30 18:02:35.425211+00:00,2026-08-30,8,6,35,2026,Feeder Container,TraPac,Taipei,2250.0,0.9,2.0,0,95.0,1,1,0,3,8,106.3,High
368010330,LILLIAN FOSS        ,Feeder Container,33.77095,-118.21134,0.0,False,False,2026-08-30 18:02:35.425211+00:00,2026-08-30,8,6,35,2026,Feeder Container,Yang Ming,Tokyo,2250.0,0.9,2.0,0,95.0,1,1,0,4,9,106.3,High
368000890,ELIZABETH C         ,Feeder Container,33.74441,-118.22449,0.1,False,False,2026-08-30 18:02:35.425211+00:00,2026-08-30,8,6,35,2026,Feeder Container,Yang Ming,Shanghai,2250.0,0.9,2.0,0,95.0,1,1,0,4,5,105.9,High
338525147,DEFIANT             ,Feeder Container,33.72353,-118.28071,0.0,False,False,2026-08-30 18:02:35.425211+00:00,2026-08-30,8,6,35,2026,Feeder Container,APM Terminals,Tokyo,2250.0,0.9,2.0,0,95.0,1,1,0,0,9,106.3,High
368136950,HERCULES            ,Feeder Container,33.74023,-118.27813,0.0,False,False,2026-08-30 18:02:35.425211+00:00,2026-08-30,8,6,35,2026,Feeder Container,TraPac,Tokyo,2250.0,0.9,2.0,0,95.0,1,1,0,3,9,106.3,High
367175860,INDEPENDENCE,Feeder Container,33.72523,-118.19055,0.8,False,False,2026-08-31 19:57:15.312601+00:00,2026-08-31,8,0,36,2026,Feeder Container,Everport,Busan,2250.0,0.9,2.0,0,95.0,1,0,0,2,0,105.6,High
338118674,BAYWATCH19,Feeder Container,33.72625,-118.26904,0.1,False,False,2026-08-31 19:57:15.312601+00:00,2026-08-31,8,0,36,2026,Feeder Container,TraPac,Shenzhen,2250.0,0.9,2.0,0,95.0,1,0,0,3,6,106.1,High
366760650,LEADER              ,Feeder Container,33.74024,-118.2781,0.0,False,False,2026-08-31 19:57:15.312601+00:00,2026-08-31,8,0,36,2026,Feeder Container,TraPac,Hong Kong,2250.0,0.9,2.0,0,95.0,1,0,0,3,1,106.0,High
338366226,V.A.POINT VICENTE   ,Feeder Container,33.7234,-118.28065,0.1,False,False,2026-08-31 19:57:15.312601+00:00,2026-08-31,8,0,36,2026,Feeder Container,APM Terminals,Jakarta,2250.0,0.9,2.0,0,95.0,1,0,0,0,2,106.0,High
368136950,HERCULES            ,Feeder Container,33.7504,-118.27147,2.7,False,False,2026-08-31 19:57:15.312601+00:00,2026-08-31,8,0,36,2026,Feeder Container,TraPac,Singapore,2250.0,0.9,2.0,0,95.0,1,0,0,3,7,106.0,High
538070708,CIELO MARE          ,Feeder Container,33.72416,-118.27973,0.0,False,False,2026-08-31 19:57:15.312601+00:00,2026-08-31,8,0,36,2026,Feeder Container,TraPac,Busan,2250.0,0.9,2.0,0,95.0,1,0,0,3,0,105.6,High
563201600,WAN HAI A05         ,Feeder Container,33.75857,-118.2593,0.0,False,False,2026-08-31 19:57:15.312601+00:00,2026-08-31,8,0,36,2026,Feeder Container,TraPac,Tokyo,2250.0,0.9,2.0,0,95.0,1,0,0,3,9,106.4,High
367133910,FIREBOAT 4          ,Feeder Container,33.76516,-118.25574,0.0,False,False,2026-08-31 19:57:15.312601+00:00,2026-08-31,8,0,36,2026,Feeder Container,TraPac,Shanghai,2250.0,0.9,2.0,0,95.0,1,0,0,3,5,106.1,High
366926740,TIM QUIGG,Feeder Container,33.7274,-118.19515,7.8,False,False,2026-08-31 19:57:15.312601+00:00,2026-08-31,8,0,36,2026,Feeder Container,Everport,Manila,2250.0,0.9,2.0,0,95.0,1,0,0,2,3,106.0,High
367760290,FIREBOAT 15         ,Feeder Container,33.722,-118.24223,0.1,False,False,2026-08-31 19:57:15.312601+00:00,2026-08-31,8,0,36,2026,Feeder Container,TraPac,Hong Kong,2250.0,0.9,2.0,0,95.0,1,0,0,3,1,106.0,High
368010330,LILLIAN FOSS        ,Feeder Container,33.77097,-118.21136,0.0,False,False,2026-08-31 19:57:15.312601+00:00,2026-08-31,8,0,36,2026,Feeder Container,Yang Ming,Ningbo,2250.0,0.9,2.0,0,95.0,1,0,0,4,4,106.2,High
367189890,LOREN C             ,Feeder Container,33.69042,-118.31935,0.4,False,False,2026-08-31 19:57:15.312601+00:00,2026-08-31,8,0,36,2026,Feeder Container,APM Terminals,Shenzhen,2250.0,0.9,2.0,0,95.0,1,0,0,0,6,106.1,High
367616090,SEA FORCE           ,Feeder Container,33.76999,-118.21252,0.0,False,False,2026-08-31 19:57:15.312601+00:00,2026-08-31,8,0,36,2026,Feeder Container,Yang Ming,Manila,2250.0,0.9,2.0,0,95.0,1,0,0,4,3,106.0,High
368088820,MORTY               ,Feeder Container,33.74723,-118.23319,0.0,False,False,2026-08-31 19:57:15.312601+00:00,2026-08-31,8,0,36,2026,Feeder Container,Yang Ming,Hong Kong,2250.0,0.9,2.0,0,95.0,1,0,0,4,1,106.0,High
367019310,QUIN DELTA          ,Feeder Container,33.72509,-118.23185,0.0,False,False,2026-08-31 19:57:15.312601+00:00,2026-08-31,8,0,36,2026,Feeder Container,Yang Ming,Jakarta,2250.0,0.9,2.0,0,95.0,1,0,0,4,2,106.0,High
367004260,CABRILLO            ,Feeder Container,33.7676,-118.21691,0.0,False,False,2026-08-31 19:57:15.312601+00:00,2026-08-31,8,0,36,2026,Feeder Container,Yang Ming,Ningbo,2250.0,0.9,2.0,0,95.0,1,0,0,4,4,106.2,High
368159190,LB PILOT POLARIS 3  ,Feeder Container,33.74733,-118.21565,0.1,False,False,2026-08-31 19:57:15.312601+00:00,2026-08-31,8,0,36,2026,Feeder Container,Yang Ming,Shanghai,2250.0,0.9,2.0,0,95.0,1,0,0,4,5,106.1,High
563052600,MAERSK CAP JACKSON  ,Feeder Container,33.75263,-118.2141,0.0,False,False,2026-08-31 19:57:15.312601+00:00,2026-08-31,8,0,36,2026,Feeder Container,Yang Ming,Ningbo,2250.0,0.9,2.0,0,95.0,1,0,0,4,4,106.2,High
366652000,HERMOSA             ,Feeder Container,33.73968,-118.18634,0.0,False,False,2026-08-31 19:57:15.312601+00:00,2026-08-31,8,0,36,2026,Feeder Container,Everport,Manila,2250.0,0.9,2.0,0,95.0,1,0,0,2,3,106.0,High
368084540,DELTA TERESA        ,Feeder Container,33.74915,-118.27204,3.7,False,False,2026-08-31 19:57:15.312601+00:00,2026-08-31,8,0,36,2026,Feeder Container,TraPac,Manila,2250.0,0.9,2.0,0,95.0,1,0,0,3,3,106.0,High
563046800,FANFARE             ,Feeder Container,33.72236,-118.22669,0.0,False,False,2026-08-31 19:57:15.312601+00:00,2026-08-31,8,0,36,2026,Feeder Container,Yang Ming,Taipei,2250.0,0.9,2.0,0,95.0,1,0,0,4,8,106.4,High
367401030,DELTA BILLIE        ,Feeder Container,33.7399,-118.27817,0.0,False,False,2026-08-31 19:57:15.312601+00:00,2026-08-31,8,0,36,2026,Feeder Container,TraPac,Manila,2250.0,0.9,2.0,0,95.0,1,0,0,3,3,106.0,High
367308610,SARAH C.            ,Feeder Container,33.75322,-118.22375,0.0,False,False,2026-08-31 19:57:15.312601+00:00,2026-08-31,8,0,36,2026,Feeder Container,Yang Ming,Shenzhen,2250.0,0.9,2.0,0,95.0,1,0,0,4,6,106.1,High
367421990,H R MORRIS          ,Feeder Container,33.75299,-118.2207,0.0,False,False,2026-08-31 19:57:15.312601+00:00,2026-08-31,8,0,36,2026,Feeder Container,Yang Ming,Manila,2250.0,0.9,2.0,0,95.0,1,0,0,4,3,106.0,High
636013382,MARIELENA           ,Feeder Container,33.70547,-118.13599,0.1,False,False,2026-08-31 19:57:15.312601+00:00,2026-08-31,8,0,36,2026,Feeder Container,China Shipping,Shanghai,2250.0,0.9,2.0,0,95.0,1,0,0,1,5,106.1,High
338525147,DEFIANT             ,Feeder Container,33.72361,-118.28069,0.0,False,False,2026-08-31 19:57:15.312601+00:00,2026-08-31,8,0,36,2026,Feeder Container,APM Terminals,Shenzhen,2250.0,0.9,2.0,0,95.0,1,0,0,0,6,106.1,High
367044560,PILOT BOAT BANNING  ,Feeder Container,33.76278,-118.26562,0.0,False,False,2026-08-31 19:57:15.312601+00:00,2026-08-31,8,0,36,2026,Feeder Container,TraPac,Shanghai,2250.0,0.9,2.0,0,95.0,1,0,0,3,5,106.1,High
477928700,GUSTAV MAERSK,Feeder Container,33.73067,-118.25301,0.0,False,False,2026-08-31 19:57:15.312601+00:00,2026-08-31,8,0,36,2026,Feeder Container,TraPac,Singapore,2250.0,0.9,2.0,0,95.0,1,0,0,3,7,106.0,High
367309330,SHIRLEY C           ,Feeder Container,33.75338,-118.22396,0.0,False,False,2026-08-31 19:57:15.312601+00:00,2026-08-31,8,0,36,2026,Feeder Container,Yang Ming,Singapore,2250.0,0.9,2.0,0,95.0,1,0,0,4,7,106.0,High
367565520,LANA                ,Feeder Container,33.73138,-118.25778,0.1,False,False,2026-08-31 19:57:15.312601+00:00,2026-08-31,8,0,36,2026,Feeder Container,TraPac,Shenzhen,2250.0,0.9,2.0,0,95.0,1,0,0,3,6,106.1,High
368351350,MARMAC 304          ,Feeder Container,33.74578,-118.22419,0.4,False,False,2026-08-31 19:57:15.312601+00:00,2026-08-31,8,0,36,2026,Feeder Container,Yang Ming,Manila,2250.0,0.9,2.0,0,95.0,1,0,0,4,3,106.0,High
338921000,CG GEORGE COBB,Feeder Container,33.69428,-118.25873,8.1,True,False,2026-08-31 19:57:15.312601+00:00,2026-08-31,8,0,36,2026,Feeder Container,TraPac,Taipei,2250.0,0.9,2.0,0,95.0,1,0,0,3,8,106.4,High
563296700,ONE FORTUNE         ,Feeder Container,33.74363,-118.19439,0.0,False,False,2026-08-31 19:57:15.312601+00:00,2026-08-31,8,0,36,2026,Feeder Container,Everport,Hong Kong,2250.0,0.9,2.0,0,95.0,1,0,0,2,1,106.0,High
368418560,WENDY JO            ,Feeder Container,33.7125,-118.18127,5.7,True,False,2026-08-31 19:57:15.312601+00:00,2026-08-31,8,0,36,2026,Feeder Container,Everport,Jakarta,2250.0,0.9,2.0,0,95.0,1,0,0,2,2,106.0,High
369008000,ELIZABETH ANNE      ,Feeder Container,33.74267,-118.21815,7.9,False,False,2026-08-31 19:57:15.312601+00:00,2026-08-31,8,0,36,2026,Feeder Container,Yang Ming,Singapore,2250.0,0.9,2.0,0,95.0,1,0,0,4,7,106.0,High
367034960,PONO                ,Feeder Container,33.76744,-118.21698,0.0,False,False,2026-08-31 19:57:15.312601+00:00,2026-08-31,8,0,36,2026,Feeder Container,Yang Ming,Ningbo,2250.0,0.9,2.0,0,95.0,1,0,0,4,4,106.2,High
368133450,DARRELL HIATT       ,Feeder Container,33.73079,-118.26217,0.0,False,False,2026-08-31 19:57:15.312601+00:00,2026-08-31,8,0,36,2026,Feeder Container,TraPac,Manila,2250.0,0.9,2.0,0,95.0,1,0,0,3,3,106.0,High
367625810,DELTA AUDREY        ,Feeder Container,33.7398,-118.27805,0.0,False,False,2026-08-31 19:57:15.312601+00:00,2026-08-31,8,0,36,2026,Feeder Container,TraPac,Shenzhen,2250.0,0.9,2.0,0,95.0,1,0,0,3,6,106.1,High
367533290,MARIE CHERAMIE,Feeder Container,33.73448,-118.27075,0.0,False,False,2026-08-31 19:57:15.312601+00:00,2026-08-31,8,0,36,2026,Feeder Container,TraPac,Singapore,2250.0,0.9,2.0,0,95.0,1,0,0,3,7,106.0,High
563245300,EVER MOST           ,Feeder Container,33.74578,-118.272,0.0,False,False,2026-09-01 17:47:56.082743+00:00,2026-09-01,9,1,36,2026,Feeder Container,TraPac,Singapore,2250.0,0.9,2.0,0,95.0,1,0,0,3,7,105.9,High
368084540,DELTA TERESA        ,Feeder Container,33.73986,-118.27804,0.0,False,False,2026-09-01 17:47:56.082743+00:00,2026-09-01,9,1,36,2026,Feeder Container,TraPac,Manila,2250.0,0.9,2.0,0,95.0,1,0,0,3,3,105.9,High
367044560,PILOT BOAT BANNING  ,Feeder Container,33.76276,-118.26561,0.0,False,False,2026-09-01 17:47:56.082743+00:00,2026-09-01,9,1,36,2026,Feeder Container,TraPac,Manila,2250.0,0.9,2.0,0,95.0,1,0,0,3,3,105.9,High
367513170,LASSEN              ,Feeder Container,33.74705,-118.23328,0.0,False,False,2026-09-01 17:47:56.082743+00:00,2026-09-01,9,1,36,2026,Feeder Container,Yang Ming,Ningbo,2250.0,0.9,2.0,0,95.0,1,0,0,4,4,106.0,High
367019310,QUIN DELTA          ,Feeder Container,33.72555,-118.23326,0.0,False,False,2026-09-01 17:47:56.082743+00:00,2026-09-01,9,1,36,2026,Feeder Container,Yang Ming,Shanghai,2250.0,0.9,2.0,0,95.0,1,0,0,4,5,105.9,High
367133910,FIREBOAT 4          ,Feeder Container,33.76551,-118.25564,0.0,False,False,2026-09-01 17:47:56.082743+00:00,2026-09-01,9,1,36,2026,Feeder Container,TraPac,Hong Kong,2250.0,0.9,2.0,0,95.0,1,0,0,3,1,105.9,High
366870730,PUP                 ,Feeder Container,33.7442,-118.2402,1.5,False,False,2026-09-01 17:47:56.082743+00:00,2026-09-01,9,1,36,2026,Feeder Container,TraPac,Shenzhen,2250.0,0.9,2.0,0,95.0,1,0,0,3,6,105.9,High
338118674,BAYWATCH19          ,Feeder Container,33.72625,-118.26903,0.1,False,False,2026-09-01 17:47:56.082743+00:00,2026-09-01,9,1,36,2026,Feeder Container,TraPac,Singapore,2250.0,0.9,2.0,0,95.0,1,0,0,3,7,105.9,High
367330510,PATRICIA ANN,Feeder Container,33.73508,-118.26895,0.0,False,False,2026-09-01 17:47:56.082743+00:00,2026-09-01,9,1,36,2026,Feeder Container,TraPac,Shanghai,2250.0,0.9,2.0,0,95.0,1,0,0,3,5,105.9,High
538070708,CIELO MARE          ,Feeder Container,33.72412,-118.27974,0.0,False,False,2026-09-01 17:47:56.082743+00:00,2026-09-01,9,1,36,2026,Feeder Container,TraPac,Busan,2250.0,0.9,2.0,0,95.0,1,0,0,3,0,105.4,High
215558000,APL QINGDAO,Feeder Container,33.73326,-118.25301,0.0,False,False,2026-09-01 17:47:56.082743+00:00,2026-09-01,9,1,36,2026,Feeder Container,TraPac,Ningbo,2250.0,0.9,2.0,0,95.0,1,0,0,3,4,106.0,High
368159190,LB PILOT POLARIS 3  ,Feeder Container,33.74731,-118.21565,0.1,False,False,2026-09-01 17:47:56.082743+00:00,2026-09-01,9,1,36,2026,Feeder Container,Yang Ming,Singapore,2250.0,0.9,2.0,0,95.0,1,0,0,4,7,105.9,High
414693000,REN JIAN 16         ,Feeder Container,33.75262,-118.21405,0.0,False,False,2026-09-01 17:47:56.082743+00:00,2026-09-01,9,1,36,2026,Feeder Container,Yang Ming,Busan,2250.0,0.9,2.0,0,95.0,1,0,0,4,0,105.4,High
413173000,XIN DA YANG ZHOU    ,Feeder Container,33.7408,-118.19736,0.0,False,False,2026-09-01 17:47:56.082743+00:00,2026-09-01,9,1,36,2026,Feeder Container,Everport,Shenzhen,2250.0,0.9,2.0,0,95.0,1,0,0,2,6,105.9,High
367550000,SHANNON             ,Feeder Container,33.74542,-118.22484,0.0,False,False,2026-09-01 17:47:56.082743+00:00,2026-09-01,9,1,36,2026,Feeder Container,Yang Ming,Busan,2250.0,0.9,2.0,0,95.0,1,0,0,4,0,105.4,High
367199310,CATALINA JET        ,Feeder Container,33.76304,-118.19944,0.0,False,False,2026-09-01 17:47:56.082743+00:00,2026-09-01,9,1,36,2026,Feeder Container,Everport,Shenzhen,2250.0,0.9,2.0,0,95.0,1,0,0,2,6,105.9,High
368088820,MORTY               ,Feeder Container,33.74725,-118.2332,0.0,False,False,2026-09-01 17:47:56.082743+00:00,2026-09-01,9,1,36,2026,Feeder Container,Yang Ming,Singapore,2250.0,0.9,2.0,0,95.0,1,0,0,4,7,105.9,High
368165820,V.A.POINT FERMIN    ,Feeder Container,33.72349,-118.28054,0.0,False,False,2026-09-01 17:47:56.082743+00:00,2026-09-01,9,1,36,2026,Feeder Container,APM Terminals,Ningbo,2250.0,0.9,2.0,0,95.0,1,0,0,0,4,106.0,High
369008000,ELIZABETH ANNE      ,Feeder Container,33.75147,-118.24028,0.0,False,False,2026-09-01 17:47:56.082743+00:00,2026-09-01,9,1,36,2026,Feeder Container,TraPac,Busan,2250.0,0.9,2.0,0,95.0,1,0,0,3,0,105.4,High
366943970,ISLANDER EXPRESSS,Feeder Container,33.74706,-118.27425,7.7,False,False,2026-09-01 17:47:56.082743+00:00,2026-09-01,9,1,36,2026,Feeder Container,TraPac,Jakarta,2250.0,0.9,2.0,0,95.0,1,0,0,3,2,105.9,High
368024740,LB PILOT BOAT  ORION,Feeder Container,33.72636,-118.26226,7.7,False,False,2026-09-01 17:47:56.082743+00:00,2026-09-01,9,1,36,2026,Feeder Container,TraPac,Tokyo,2250.0,0.9,2.0,0,95.0,1,0,0,3,9,106.2,High
241437000,MARAN ARETE         ,Feeder Container,33.75629,-118.21808,0.0,False,False,2026-09-01 17:47:56.082743+00:00,2026-09-01,9,1,36,2026,Feeder Container,Yang Ming,Busan,2250.0,0.9,2.0,0,95.0,1,0,0,4,0,105.4,High
367104040,KNOX T              ,Feeder Container,33.698,-118.23254,15.0,True,False,2026-09-01 17:47:56.082743+00:00,2026-09-01,9,1,36,2026,Feeder Container,Yang Ming,Shanghai,2250.0,0.9,2.0,0,95.0,1,0,0,4,5,105.9,High
367396670,Z-THREE             ,Feeder Container,33.76365,-118.25701,0.0,False,False,2026-09-01 17:47:56.082743+00:00,2026-09-01,9,1,36,2026,Feeder Container,TraPac,Hong Kong,2250.0,0.9,2.0,0,95.0,1,0,0,3,1,105.9,High
367507960,DB SALTA VERDE      ,Feeder Container,33.75381,-118.22388,0.0,False,False,2026-09-01 17:47:56.082743+00:00,2026-09-01,9,1,36,2026,Feeder Container,Yang Ming,Shanghai,2250.0,0.9,2.0,0,95.0,1,0,0,4,5,105.9,High
357240000,MSC MELATILDE       ,Feeder Container,33.75342,-118.23558,0.0,False,False,2026-09-01 17:47:56.082743+00:00,2026-09-01,9,1,36,2026,Feeder Container,Yang Ming,Ningbo,2250.0,0.9,2.0,0,95.0,1,0,0,4,4,106.0,High
368171260,MADELINE B HAMILTON ,Feeder Container,33.74705,-118.21225,0.0,False,False,2026-09-01 17:47:56.082743+00:00,2026-09-01,9,1,36,2026,Feeder Container,Yang Ming,Ningbo,2250.0,0.9,2.0,0,95.0,1,0,0,4,4,106.0,High
367309330,SHIRLEY C           ,Feeder Container,33.75337,-118.22396,0.0,False,False,2026-09-01 17:47:56.082743+00:00,2026-09-01,9,1,36,2026,Feeder Container,Yang Ming,Shanghai,2250.0,0.9,2.0,0,95.0,1,0,0,4,5,105.9,High
367771000,INNOVATION          ,Feeder Container,33.73844,-118.22505,0.1,False,False,2026-09-01 17:47:56.082743+00:00,2026-09-01,9,1,36,2026,Feeder Container,Yang Ming,Tokyo,2250.0,0.9,2.0,0,95.0,1,0,0,4,9,106.2,High
219031114,CANADIAN BULKER     ,Feeder Container,33.73042,-118.14775,0.0,False,False,2026-09-02 17:51:18.537650+00:00,2026-09-02,9,2,36,2026,Feeder Container,China Shipping,Shanghai,2250.0,0.9,2.0,0,95.0,1,0,0,1,5,105.9,High
356110000,NEW BOUNDARY        ,Feeder Container,33.70753,-118.23062,0.0,True,True,2026-09-02 17:51:18.537650+00:00,2026-09-02,9,2,36,2026,Feeder Container,Yang Ming,Ningbo,2250.0,0.9,2.0,0,95.0,1,0,0,4,4,106.0,High
338366226,V.A.POINT VICENTE   ,Feeder Container,33.72338,-118.28067,0.0,False,False,2026-09-02 17:51:18.537650+00:00,2026-09-02,9,2,36,2026,Feeder Container,APM Terminals,Hong Kong,2250.0,0.9,2.0,0,95.0,1,0,0,0,1,105.9,High
563291800,ZIM DIAMOND         ,Feeder Container,33.74363,-118.20136,0.0,False,False,2026-09-02 17:51:18.537650+00:00,2026-09-02,9,2,36,2026,Feeder Container,Yang Ming,Ningbo,2250.0,0.9,2.0,0,95.0,1,0,0,4,4,106.0,High
368136950,HERCULES            ,Feeder Container,33.74025,-118.27798,0.0,False,False,2026-09-02 17:51:18.537650+00:00,2026-09-02,9,2,36,2026,Feeder Container,TraPac,Taipei,2250.0,0.9,2.0,0,95.0,1,0,0,3,8,106.2,High
367693690,KELLY C             ,Feeder Container,33.75346,-118.22391,0.0,False,False,2026-09-02 17:51:18.537650+00:00,2026-09-02,9,2,36,2026,Feeder Container,Yang Ming,Ningbo,2250.0,0.9,2.0,0,95.0,1,0,0,4,4,106.0,High
367625810,DELTA AUDREY        ,Feeder Container,33.73981,-118.278,0.0,False,False,2026-09-02 17:51:18.537650+00:00,2026-09-02,9,2,36,2026,Feeder Container,TraPac,Shanghai,2250.0,0.9,2.0,0,95.0,1,0,0,3,5,105.9,High
338921000,CG GEORGE COBB,Feeder Container,33.72806,-118.2703,0.1,False,False,2026-09-02 17:51:18.537650+00:00,2026-09-02,9,2,36,2026,Feeder Container,TraPac,Busan,2250.0,0.9,2.0,0,95.0,1,0,0,3,0,105.4,High
368159190,LB PILOT POLARIS 3  ,Feeder Container,33.74732,-118.21566,0.0,False,False,2026-09-02 17:51:18.537650+00:00,2026-09-02,9,2,36,2026,Feeder Container,Yang Ming,Jakarta,2250.0,0.9,2.0,0,95.0,1,0,0,4,2,105.9,High
367034960,PONO                ,Feeder Container,33.76742,-118.21694,0.0,False,False,2026-09-02 17:51:18.537650+00:00,2026-09-02,9,2,36,2026,Feeder Container,Yang Ming,Tokyo,2250.0,0.9,2.0,0,95.0,1,0,0,4,9,106.2,High
338926057,CG32157,Feeder Container,33.72898,-118.17458,31.5,False,False,2026-09-02 17:51:18.537650+00:00,2026-09-02,9,2,36,2026,Feeder Container,Everport,Shenzhen,2250.0,0.9,2.0,0,95.0,1,0,0,2,6,105.9,High
367698890,LBFD FB20           ,Feeder Container,33.77044,-118.20993,0.1,False,False,2026-09-02 17:51:18.537650+00:00,2026-09-02,9,2,36,2026,Feeder Container,Yang Ming,Singapore,2250.0,0.9,2.0,0,95.0,1,0,0,4,7,105.9,High
229726000,APL DANUBE,Feeder Container,33.73168,-118.25798,0.0,False,False,2026-09-02 17:51:18.537650+00:00,2026-09-02,9,2,36,2026,Feeder Container,TraPac,Shanghai,2250.0,0.9,2.0,0,95.0,1,0,0,3,5,105.9,High
368164540,ANGELS NAVIGATOR    ,Feeder Container,33.7214,-118.27127,0.1,False,False,2026-09-02 17:51:18.537650+00:00,2026-09-02,9,2,36,2026,Feeder Container,TraPac,Singapore,2250.0,0.9,2.0,0,95.0,1,0,0,3,7,105.9,High
366870730,PUP                 ,Feeder Container,33.75261,-118.22093,3.3,False,False,2026-09-02 17:51:18.537650+00:00,2026-09-02,9,2,36,2026,Feeder Container,Yang Ming,Jakarta,2250.0,0.9,2.0,0,95.0,1,0,0,4,2,105.9,High
366951720,ELMER M             ,Feeder Container,33.73378,-118.27414,0.0,False,False,2026-09-02 17:51:18.537650+00:00,2026-09-02,9,2,36,2026,Feeder Container,TraPac,Shenzhen,2250.0,0.9,2.0,0,95.0,1,0,0,3,6,105.9,High
367004260,CABRILLO            ,Feeder Container,33.76757,-118.21691,0.0,False,False,2026-09-02 17:51:18.537650+00:00,2026-09-02,9,2,36,2026,Feeder Container,Yang Ming,Ningbo,2250.0,0.9,2.0,0,95.0,1,0,0,4,4,106.0,High
368164530,ANGELS PILOT        ,Feeder Container,33.76262,-118.26572,0.0,False,False,2026-09-02 17:51:18.537650+00:00,2026-09-02,9,2,36,2026,Feeder Container,TraPac,Busan,2250.0,0.9,2.0,0,95.0,1,0,0,3,0,105.4,High
367580930,TRIUMPHANT          ,Feeder Container,33.74852,-118.17916,0.7,False,False,2026-09-02 17:51:18.537650+00:00,2026-09-02,9,2,36,2026,Feeder Container,Everport,Shenzhen,2250.0,0.9,2.0,0,95.0,1,0,0,2,6,105.9,High
367044560,PILOT BOAT BANNING  ,Feeder Container,33.76277,-118.26563,0.0,False,False,2026-09-02 17:51:18.537650+00:00,2026-09-02,9,2,36,2026,Feeder Container,TraPac,Ningbo,2250.0,0.9,2.0,0,95.0,1,0,0,3,4,106.0,High
357240000,MSC MELATILDE       ,Feeder Container,33.75345,-118.23546,0.0,False,False,2026-09-02 17:51:18.537650+00:00,2026-09-02,9,2,36,2026,Feeder Container,Yang Ming,Jakarta,2250.0,0.9,2.0,0,95.0,1,0,0,4,2,105.9,High
563285500,SEASPAN GANGES      ,Feeder Container,33.73238,-118.24737,0.0,False,False,2026-09-02 17:51:18.537650+00:00,2026-09-02,9,2,36,2026,Feeder Container,TraPac,Ningbo,2250.0,0.9,2.0,0,95.0,1,0,0,3,4,106.0,High
366892000,JAMIE ANN           ,Feeder Container,33.7708,-118.21221,0.0,False,False,2026-09-02 17:51:18.537650+00:00,2026-09-02,9,2,36,2026,Feeder Container,Yang Ming,Taipei,2250.0,0.9,2.0,0,95.0,1,0,0,4,8,106.2,High
636024673,HMM TURQUOISE       ,Feeder Container,33.73355,-118.24375,0.0,False,False,2026-09-02 17:51:18.537650+00:00,2026-09-02,9,2,36,2026,Feeder Container,TraPac,Tokyo,2250.0,0.9,2.0,0,95.0,1,0,0,3,9,106.2,High
367133910,FIREBOAT 4          ,Feeder Container,33.76558,-118.25574,0.0,False,False,2026-09-02 17:51:18.537650+00:00,2026-09-02,9,2,36,2026,Feeder Container,TraPac,Taipei,2250.0,0.9,2.0,0,95.0,1,0,0,3,8,106.2,High
367006770,ROBYN J             ,Feeder Container,33.71985,-118.26925,5.2,False,False,2026-09-02 17:51:18.537650+00:00,2026-09-02,9,2,36,2026,Feeder Container,TraPac,Taipei,2250.0,0.9,2.0,0,95.0,1,0,0,3,8,106.2,High
367424810,CUB                 ,Feeder Container,33.75292,-118.22039,0.0,False,False,2026-09-02 17:51:18.537650+00:00,2026-09-02,9,2,36,2026,Feeder Container,Yang Ming,Shanghai,2250.0,0.9,2.0,0,95.0,1,0,0,4,5,105.9,High
368171390,BROOKS M HAMILTON   ,Feeder Container,33.72801,-118.27398,0.0,False,False,2026-09-02 17:51:18.537650+00:00,2026-09-02,9,2,36,2026,Feeder Container,TraPac,Hong Kong,2250.0,0.9,2.0,0,95.0,1,0,0,3,1,105.9,High
368133450,DARRELL HIATT       ,Feeder Container,33.7299,-118.26372,0.1,False,False,2026-09-03 17:48:01.589564+00:00,2026-09-03,9,3,36,2026,Feeder Container,TraPac,Ningbo,2250.0,0.9,2.0,0,95.0,1,0,0,3,4,106.0,High
368165030,V.A. SAN PEDRO      ,Feeder Container,33.72342,-118.28053,0.0,False,False,2026-09-03 17:48:01.589564+00:00,2026-09-03,9,3,36,2026,Feeder Container,APM Terminals,Taipei,2250.0,0.9,2.0,0,95.0,1,0,0,0,8,106.2,High
368171260,MADELINE B HAMILTON,Feeder Container,33.73348,-118.27445,8.0,False,False,2026-09-03 17:48:01.589564+00:00,2026-09-03,9,3,36,2026,Feeder Container,TraPac,Shanghai,2250.0,0.9,2.0,0,95.0,1,0,0,3,5,105.9,High
367513170,LASSEN              ,Feeder Container,33.74925,-118.21963,5.0,False,False,2026-09-03 17:48:01.589564+00:00,2026-09-03,9,3,36,2026,Feeder Container,Yang Ming,Singapore,2250.0,0.9,2.0,0,95.0,1,0,0,4,7,105.9,High
366998840,MILLENIUM MAVERICK  ,Feeder Container,33.76393,-118.25682,0.0,False,False,2026-09-03 17:48:01.589564+00:00,2026-09-03,9,3,36,2026,Feeder Container,TraPac,Shenzhen,2250.0,0.9,2.0,0,95.0,1,0,0,3,6,105.9,High
368010330,LILLIAN FOSS        ,Feeder Container,33.77098,-118.21135,0.1,False,False,2026-09-03 17:48:01.589564+00:00,2026-09-03,9,3,36,2026,Feeder Container,Yang Ming,Shanghai,2250.0,0.9,2.0,0,95.0,1,0,0,4,5,105.9,High
367004260,CABRILLO            ,Feeder Container,33.76758,-118.2169,0.0,False,False,2026-09-03 17:48:01.589564+00:00,2026-09-03,9,3,36,2026,Feeder Container,Yang Ming,Jakarta,2250.0,0.9,2.0,0,95.0,1,0,0,4,2,105.9,High
366951720,ELMER M             ,Feeder Container,33.75293,-118.21958,0.0,False,False,2026-09-03 17:48:01.589564+00:00,2026-09-03,9,3,36,2026,Feeder Container,Yang Ming,Manila,2250.0,0.9,2.0,0,95.0,1,0,0,4,3,105.9,High
367353080,EMPIRE STATE        ,Feeder Container,33.77448,-118.21545,0.0,False,False,2026-09-03 17:48:01.589564+00:00,2026-09-03,9,3,36,2026,Feeder Container,Yang Ming,Tokyo,2250.0,0.9,2.0,0,95.0,1,0,0,4,9,106.2,High
367550000,SHANNON             ,Feeder Container,33.72474,-118.18558,9.8,False,False,2026-09-03 17:48:01.589564+00:00,2026-09-03,9,3,36,2026,Feeder Container,Everport,Tokyo,2250.0,0.9,2.0,0,95.0,1,0,0,2,9,106.2,High
369008000,ELIZABETH ANNE      ,Feeder Container,33.73826,-118.22488,5.5,False,False,2026-09-03 17:48:01.589564+00:00,2026-09-03,9,3,36,2026,Feeder Container,Yang Ming,Shenzhen,2250.0,0.9,2.0,0,95.0,1,0,0,4,6,105.9,High
367309330,SHIRLEY C           ,Feeder Container,33.75337,-118.22397,0.0,False,False,2026-09-03 17:48:01.589564+00:00,2026-09-03,9,3,36,2026,Feeder Container,Yang Ming,Singapore,2250.0,0.9,2.0,0,95.0,1,0,0,4,7,105.9,High
368088820,MORTY               ,Feeder Container,33.74335,-118.19621,0.0,False,False,2026-09-03 17:48:01.589564+00:00,2026-09-03,9,3,36,2026,Feeder Container,Everport,Busan,2250.0,0.9,2.0,0,95.0,1,0,0,2,0,105.4,High
368165820,V.A.POINT FERMIN    ,Feeder Container,33.72351,-118.28055,0.1,False,False,2026-09-03 17:48:01.589564+00:00,2026-09-03,9,3,36,2026,Feeder Container,APM Terminals,Ningbo,2250.0,0.9,2.0,0,95.0,1,0,0,0,4,106.0,High
636092984,PONA,Large Container,33.76138,-118.27585,0.0,False,False,2026-09-03 17:48:01.589564+00:00,2026-09-03,9,3,36,2026,Large Container,TraPac,Hong Kong,10800.0,0.9,2.0,0,95.0,1,0,1,3,1,106.1,High
356110000,NEW BOUNDARY        ,Feeder Container,33.70694,-118.22933,0.0,True,True,2026-09-03 17:48:01.589564+00:00,2026-09-03,9,3,36,2026,Feeder Container,Yang Ming,Taipei,2250.0,0.9,2.0,0,95.0,1,0,0,4,8,106.2,High
366768030,STARSHIP EXPRESS    ,Feeder Container,33.76245,-118.19914,0.1,False,False,2026-09-03 17:48:01.589564+00:00,2026-09-03,9,3,36,2026,Feeder Container,Everport,Manila,2250.0,0.9,2.0,0,95.0,1,0,0,2,3,105.9,High
368084540,DELTA TERESA,Feeder Container,33.7729,-118.21802,0.0,False,False,2026-09-03 17:48:01.589564+00:00,2026-09-03,9,3,36,2026,Feeder Container,Yang Ming,Taipei,2250.0,0.9,2.0,0,95.0,1,0,0,4,8,106.2,High
366760710,REDONDO             ,Feeder Container,33.74199,-118.20408,3.3,False,False,2026-09-03 17:48:01.589564+00:00,2026-09-03,9,3,36,2026,Feeder Container,Yang Ming,Manila,2250.0,0.9,2.0,0,95.0,1,0,0,4,3,105.9,High
369725000,IRVING JOHNSON,Feeder Container,33.73605,-118.27785,0.0,False,False,2026-09-03 17:48:01.589564+00:00,2026-09-03,9,3,36,2026,Feeder Container,TraPac,Taipei,2250.0,0.9,2.0,0,95.0,1,0,0,3,8,106.2,High
241437000,MARAN ARETE         ,Feeder Container,33.73156,-118.2096,0.1,False,False,2026-09-03 17:48:01.589564+00:00,2026-09-03,9,3,36,2026,Feeder Container,Yang Ming,Jakarta,2250.0,0.9,2.0,0,95.0,1,0,0,4,2,105.9,High
367693690,KELLY C             ,Feeder Container,33.73348,-118.23193,9.5,False,False,2026-09-03 17:48:01.589564+00:00,2026-09-03,9,3,36,2026,Feeder Container,Yang Ming,Manila,2250.0,0.9,2.0,0,95.0,1,0,0,4,3,105.9,High
367424810,CUB,Feeder Container,33.75304,-118.22033,0.0,False,False,2026-09-03 17:48:01.589564+00:00,2026-09-03,9,3,36,2026,Feeder Container,Yang Ming,Hong Kong,2250.0,0.9,2.0,0,95.0,1,0,0,4,1,105.9,High
367533290,MARIE CHERAMIE,Feeder Container,33.73448,-118.27075,0.0,False,False,2026-09-03 17:48:01.589564+00:00,2026-09-03,9,3,36,2026,Feeder Container,TraPac,Shenzhen,2250.0,0.9,2.0,0,95.0,1,0,0,3,6,105.9,High
215189000,CMA CGM FLORIDA,Feeder Container,33.7343,-118.24953,0.0,False,False,2026-09-03 17:48:01.589564+00:00,2026-09-03,9,3,36,2026,Feeder Container,TraPac,Jakarta,2250.0,0.9,2.0,0,95.0,1,0,0,3,2,105.9,High
563201600,WAN HAI A05         ,Feeder Container,33.75859,-118.2593,0.0,False,False,2026-09-03 17:48:01.589564+00:00,2026-09-03,9,3,36,2026,Feeder Container,TraPac,Jakarta,2250.0,0.9,2.0,0,95.0,1,0,0,3,2,105.9,High
366870730,PUP                 ,Feeder Container,33.75297,-118.2203,0.1,False,False,2026-09-03 17:48:01.589564+00:00,2026-09-03,9,3,36,2026,Feeder Container,Yang Ming,Shenzhen,2250.0,0.9,2.0,0,95.0,1,0,0,4,6,105.9,High
219031114,CANADIAN BULKER     ,Feeder Container,33.7303,-118.14704,0.0,False,False,2026-09-03 17:48:01.589564+00:00,2026-09-03,9,3,36,2026,Feeder Container,China Shipping,Ningbo,2250.0,0.9,2.0,0,95.0,1,0,0,1,4,106.0,High
477637600,CSCL SOUTH CHINA SEA,Feeder Container,33.74102,-118.19712,0.0,False,False,2026-09-03 17:48:01.589564+00:00,2026-09-03,9,3,36,2026,Feeder Container,Everport,Shenzhen,2250.0,0.9,2.0,0,95.0,1,0,0,2,6,105.9,High
368024740,LB PILOT BOAT  ORION,Feeder Container,33.74722,-118.21567,0.0,False,False,2026-09-03 17:48:01.589564+00:00,2026-09-03,9,3,36,2026,Feeder Container,Yang Ming,Shenzhen,2250.0,0.9,2.0,0,95.0,1,0,0,4,6,105.9,High
368136950,HERCULES            ,Feeder Container,33.74022,-118.27813,0.0,False,False,2026-09-03 17:48:01.589564+00:00,2026-09-03,9,3,36,2026,Feeder Container,TraPac,Shenzhen,2250.0,0.9,2.0,0,95.0,1,0,0,3,6,105.9,High
368068820,DB IRONBOUND        ,Feeder Container,33.75409,-118.22408,0.0,False,False,2026-09-03 17:48:01.589564+00:00,2026-09-03,9,3,36,2026,Feeder Container,Yang Ming,Shanghai,2250.0,0.9,2.0,0,95.0,1,0,0,4,5,105.9,High
368171390,BROOKS M HAMILTON   ,Feeder Container,33.72671,-118.2602,0.1,False,False,2026-09-03 17:48:01.589564+00:00,2026-09-03,9,3,36,2026,Feeder Container,TraPac,Manila,2250.0,0.9,2.0,0,95.0,1,0,0,3,3,105.9,High
538012660,ARGENT HIBISCUS     ,Feeder Container,33.72012,-118.23071,3.9,False,False,2026-09-03 17:48:01.589564+00:00,2026-09-03,9,3,36,2026,Feeder Container,Yang Ming,Busan,2250.0,0.9,2.0,0,95.0,1,0,0,4,0,105.4,High
367422010,VALKYRIE ,Feeder Container,33.73417,-118.27357,0.0,False,False,2026-09-03 17:48:01.589564+00:00,2026-09-03,9,3,36,2026,Feeder Container,TraPac,Taipei,2250.0,0.9,2.0,0,95.0,1,0,0,3,8,106.2,High
367401030,DELTA BILLIE        ,Feeder Container,33.72033,-118.23017,4.3,False,False,2026-09-03 17:48:01.589564+00:00,2026-09-03,9,3,36,2026,Feeder Container,Yang Ming,Ningbo,2250.0,0.9,2.0,0,95.0,1,0,0,4,4,106.0,High
367672140,MAURETANIA          ,Feeder Container,33.72353,-118.28044,0.0,False,False,2026-09-03 17:48:01.589564+00:00,2026-09-03,9,3,36,2026,Feeder Container,APM Terminals,Shanghai,2250.0,0.9,2.0,0,95.0,1,0,0,0,5,105.9,High
367396670,Z-THREE             ,Feeder Container,33.76365,-118.25702,0.0,False,False,2026-09-03 17:48:01.589564+00:00,2026-09-03,9,3,36,2026,Feeder Container,TraPac,Taipei,2250.0,0.9,2.0,0,95.0,1,0,0,3,8,106.2,High
367133910,FIREBOAT 4          ,Feeder Container,33.76557,-118.25567,0.0,False,False,2026-09-03 17:48:01.589564+00:00,2026-09-03,9,3,36,2026,Feeder Container,TraPac,Busan,2250.0,0.9,2.0,0,95.0,1,0,0,3,0,105.4,High
367625810,DELTA AUDREY        ,Feeder Container,33.73987,-118.27819,0.0,False,False,2026-09-03 17:48:01.589564+00:00,2026-09-03,9,3,36,2026,Feeder Container,TraPac,Taipei,2250.0,0.9,2.0,0,95.0,1,0,0,3,8,106.2,High
338118674,BAYWATCH19          ,Feeder Container,33.72625,-118.26904,0.3,False,False,2026-09-03 17:48:01.589564+00:00,2026-09-03,9,3,36,2026,Feeder Container,TraPac,Busan,2250.0,0.9,2.0,0,95.0,1,0,0,3,0,105.4,High
548783000,VIVIAN TRADER       ,Feeder Container,33.74497,-118.20993,0.0,False,False,2026-09-03 17:48:01.589564+00:00,2026-09-03,9,3,36,2026,Feeder Container,Yang Ming,Ningbo,2250.0,0.9,2.0,0,95.0,1,0,0,4,4,106.0,High
367014480,DURANGO             ,Feeder Container,33.74324,-118.19722,0.1,False,False,2026-09-03 17:48:01.589564+00:00,2026-09-03,9,3,36,2026,Feeder Container,Everport,Ningbo,2250.0,0.9,2.0,0,95.0,1,0,0,2,4,106.0,High
367192940,AVALON EXPRESS      ,Feeder Container,33.74871,-118.2739,0.0,False,False,2026-09-03 17:48:01.589564+00:00,2026-09-03,9,3,36,2026,Feeder Container,TraPac,Busan,2250.0,0.9,2.0,0,95.0,1,0,0,3,0,105.4,High
636025763,MSC FIRENZE         ,Feeder Container,33.7545,-118.23185,0.0,False,False,2026-09-03 17:48:01.589564+00:00,2026-09-03,9,3,36,2026,Feeder Container,Yang Ming,Busan,2250.0,0.9,2.0,0,95.0,1,0,0,4,0,105.4,High
338366226,V.A.POINT VICENTE   ,Feeder Container,33.72339,-118.28066,0.0,False,False,2026-09-03 17:48:01.589564+00:00,2026-09-03,9,3,36,2026,Feeder Container,APM Terminals,Singapore,2250.0,0.9,2.0,0,95.0,1,0,0,0,7,105.9,High
368418560,WENDY JO            ,Feeder Container,33.77115,-118.21304,0.0,False,False,2026-09-03 17:48:01.589564+00:00,2026-09-03,9,3,36,2026,Feeder Container,Yang Ming,Tokyo,2250.0,0.9,2.0,0,95.0,1,0,0,4,9,106.2,High
366760650,LEADER              ,Feeder Container,33.71963,-118.23174,4.1,True,False,2026-09-03 17:48:01.589564+00:00,2026-09-03,9,3,36,2026,Feeder Container,Yang Ming,Shenzhen,2250.0,0.9,2.0,0,95.0,1,0,0,4,6,105.9,High
366652000,HERMOSA             ,Feeder Container,33.73968,-118.18634,0.0,False,False,2026-09-03 17:48:01.589564+00:00,2026-09-03,9,3,36,2026,Feeder Container,Everport,Manila,2250.0,0.9,2.0,0,95.0,1,0,0,2,3,105.9,High
367044560,PILOT BOAT BANNING  ,Feeder Container,33.76278,-118.26562,0.0,False,False,2026-09-03 17:48:01.589564+00:00,2026-09-03,9,3,36,2026,Feeder Container,TraPac,Busan,2250.0,0.9,2.0,0,95.0,1,0,0,3,0,105.4,High
414693000,REN JIAN 16         ,Feeder Container,33.75264,-118.21401,0.0,False,False,2026-09-03 17:48:01.589564+00:00,2026-09-03,9,3,36,2026,Feeder Container,Yang Ming,Tokyo,2250.0,0.9,2.0,0,95.0,1,0,0,4,9,106.2,High
367765860,SEACRET             ,Feeder Container,33.75881,-118.18911,0.0,False,False,2026-09-03 17:48:01.589564+00:00,2026-09-03,9,3,36,2026,Feeder Container,Everport,Hong Kong,2250.0,0.9,2.0,0,95.0,1,0,0,2,1,105.9,High
368266520,HERO                ,Feeder Container,33.76967,-118.21225,0.0,False,False,2026-09-03 17:48:01.589564+00:00,2026-09-03,9,3,36,2026,Feeder Container,Yang Ming,Taipei,2250.0,0.9,2.0,0,95.0,1,0,0,4,8,106.2,High
366753000,JAMIE LEE           ,Feeder Container,33.73405,-118.24926,0.1,False,False,2026-09-03 17:48:01.589564+00:00,2026-09-03,9,3,36,2026,Feeder Container,TraPac,Singapore,2250.0,0.9,2.0,0,95.0,1,0,0,3,7,105.9,High
367748970,BECKY T             ,Feeder Container,33.74346,-118.19536,2.5,False,False,2026-09-03 17:48:01.589564+00:00,2026-09-03,9,3,36,2026,Feeder Container,Everport,Shanghai,2250.0,0.9,2.0,0,95.0,1,0,0,2,5,105.9,High
367113620,SPIRIT ,Feeder Container,33.76048,-118.19211,0.0,False,False,2026-09-03 17:48:01.589564+00:00,2026-09-03,9,3,36,2026,Feeder Container,Everport,Hong Kong,2250.0,0.9,2.0,0,95.0,1,0,0,2,1,105.9,High
367034960,PONO                ,Feeder Container,33.76745,-118.21697,0.0,False,False,2026-09-03 17:48:01.589564+00:00,2026-09-03,9,3,36,2026,Feeder Container,Yang Ming,Taipei,2250.0,0.9,2.0,0,95.0,1,0,0,4,8,106.2,High
366926740,TIM QUIGG,Feeder Container,33.76373,-118.25675,0.0,False,False,2026-09-03 17:48:01.589564+00:00,2026-09-03,9,3,36,2026,Feeder Container,TraPac,Shanghai,2250.0,0.9,2.0,0,95.0,1,0,0,3,5,105.9,High
367189890,LOREN C             ,Feeder Container,33.75123,-118.17877,0.0,False,False,2026-09-03 17:48:01.589564+00:00,2026-09-03,9,3,36,2026,Feeder Container,Everport,Tokyo,2250.0,0.9,2.0,0,95.0,1,0,0,2,9,106.2,High
367019310,QUIN DELTA          ,Feeder Container,33.72418,-118.23518,0.0,False,False,2026-09-03 17:48:01.589564+00:00,2026-09-03,9,3,36,2026,Feeder Container,Yang Ming,Shenzhen,2250.0,0.9,2.0,0,95.0,1,0,0,4,6,105.9,High
241529000,PERSEPOLIS          ,Feeder Container,33.77049,-118.22471,0.0,False,False,2026-09-03 17:48:01.589564+00:00,2026-09-03,9,3,36,2026,Feeder Container,Yang Ming,Taipei,2250.0,0.9,2.0,0,95.0,1,0,0,4,8,106.2,High
338227000,OHIO                ,Feeder Container,33.77544,-118.21344,0.0,False,False,2026-09-03 17:48:01.589564+00:00,2026-09-03,9,3,36,2026,Feeder Container,Yang Ming,Singapore,2250.0,0.9,2.0,0,95.0,1,0,0,4,7,105.9,High
367308610,SARAH C.            ,Feeder Container,33.75319,-118.22378,0.0,False,False,2026-09-03 17:48:01.589564+00:00,2026-09-03,9,3,36,2026,Feeder Container,Yang Ming,Shenzhen,2250.0,0.9,2.0,0,95.0,1,0,0,4,6,105.9,High
338256000,BLAIR C   ,Feeder Container,33.77112,-118.21382,0.0,False,False,2026-09-03 17:48:01.589564+00:00,2026-09-03,9,3,36,2026,Feeder Container,Yang Ming,Tokyo,2250.0,0.9,2.0,0,95.0,1,0,0,4,9,106.2,High
370302000,TAC ODESSA          ,Feeder Container,33.73429,-118.16088,0.1,False,False,2026-09-03 17:48:01.589564+00:00,2026-09-03,9,3,36,2026,Feeder Container,Everport,Tokyo,2250.0,0.9,2.0,0,95.0,1,0,0,2,9,106.2,High
368164540,ANGELS NAVIGATOR    ,Feeder Container,33.76261,-118.26572,0.2,False,False,2026-09-03 17:48:01.589564+00:00,2026-09-03,9,3,36,2026,Feeder Container,TraPac,Singapore,2250.0,0.9,2.0,0,95.0,1,0,0,3,7,105.9,High
338525147,DEFIANT             ,Feeder Container,33.72353,-118.28071,0.0,False,False,2026-09-03 17:48:01.589564+00:00,2026-09-03,9,3,36,2026,Feeder Container,APM Terminals,Singapore,2250.0,0.9,2.0,0,95.0,1,0,0,0,7,105.9,High
305559000,BBC SHANGHAI        ,Feeder Container,33.74442,-118.20915,0.0,False,False,2026-09-03 17:48:01.589564+00:00,2026-09-03,9,3,36,2026,Feeder Container,Yang Ming,Hong Kong,2250.0,0.9,2.0,0,95.0,1,0,0,4,1,105.9,High
357240000,MSC MELATILDE       ,Feeder Container,33.75342,-118.23559,0.0,False,False,2026-09-03 17:48:01.589564+00:00,2026-09-03,9,3,36,2026,Feeder Container,Yang Ming,Shenzhen,2250.0,0.9,2.0,0,95.0,1,0,0,4,6,105.9,High
563285500,SEASPAN GANGES      ,Feeder Container,33.7324,-118.24738,0.0,False,False,2026-09-03 17:48:01.589564+00:00,2026-09-03,9,3,36,2026,Feeder Container,TraPac,Shenzhen,2250.0,0.9,2.0,0,95.0,1,0,0,3,6,105.9,High
368165820,V.A.POINT FERMIN,Feeder Container,33.72347,-118.28051,0.0,False,False,2026-09-04 17:33:54.361584+00:00,2026-09-04,9,4,36,2026,Feeder Container,APM Terminals,Singapore,2250.0,0.9,2.0,0,95.0,1,0,0,0,7,105.9,High
368088820,MORTY               ,Feeder Container,33.74281,-118.19576,0.0,False,False,2026-09-04 17:33:54.361584+00:00,2026-09-04,9,4,36,2026,Feeder Container,Everport,Tokyo,2250.0,0.9,2.0,0,95.0,1,0,0,2,9,106.2,High
367693690,KELLY C             ,Feeder Container,33.75328,-118.22384,0.0,False,False,2026-09-04 17:33:54.361584+00:00,2026-09-04,9,4,36,2026,Feeder Container,Yang Ming,Taipei,2250.0,0.9,2.0,0,95.0,1,0,0,4,8,106.2,High
368084540,DELTA TERESA        ,Feeder Container,33.76206,-118.25354,2.0,False,False,2026-09-04 17:33:54.361584+00:00,2026-09-04,9,4,36,2026,Feeder Container,TraPac,Shenzhen,2250.0,0.9,2.0,0,95.0,1,0,0,3,6,105.9,High
367044560,PILOT BOAT BANNING  ,Feeder Container,33.76277,-118.26563,0.0,False,False,2026-09-04 17:33:54.361584+00:00,2026-09-04,9,4,36,2026,Feeder Container,TraPac,Tokyo,2250.0,0.9,2.0,0,95.0,1,0,0,3,9,106.2,High
367748970,BECKY T,Feeder Container,33.74273,-118.19851,5.1,False,False,2026-09-04 17:33:54.361584+00:00,2026-09-04,9,4,36,2026,Feeder Container,Everport,Hong Kong,2250.0,0.9,2.0,0,95.0,1,0,0,2,1,105.9,High
366870730,PUP                 ,Feeder Container,33.75294,-118.22039,0.5,False,False,2026-09-04 17:33:54.361584+00:00,2026-09-04,9,4,36,2026,Feeder Container,Yang Ming,Jakarta,2250.0,0.9,2.0,0,95.0,1,0,0,4,2,105.9,High
366652000,HERMOSA             ,Feeder Container,33.74027,-118.18428,11.8,False,False,2026-09-04 17:33:54.361584+00:00,2026-09-04,9,4,36,2026,Feeder Container,Everport,Tokyo,2250.0,0.9,2.0,0,95.0,1,0,0,2,9,106.2,High
366943970,ISLANDER EXPRESSS,Feeder Container,33.7487,-118.27397,0.0,False,False,2026-09-04 17:33:54.361584+00:00,2026-09-04,9,4,36,2026,Feeder Container,TraPac,Hong Kong,2250.0,0.9,2.0,0,95.0,1,0,0,3,1,105.9,High
303200000, COLLETTE C,Feeder Container,33.75312,-118.22377,0.0,False,False,2026-09-04 17:33:54.361584+00:00,2026-09-04,9,4,36,2026,Feeder Container,Yang Ming,Ningbo,2250.0,0.9,2.0,0,95.0,1,0,0,4,4,106.0,High
338366226,V.A.POINT VICENTE   ,Feeder Container,33.73168,-118.25688,0.4,False,False,2026-09-04 17:33:54.361584+00:00,2026-09-04,9,4,36,2026,Feeder Container,TraPac,Jakarta,2250.0,0.9,2.0,0,95.0,1,0,0,3,2,105.9,High
368012340,APACHE              ,Feeder Container,33.73534,-118.17159,0.0,False,False,2026-09-04 17:33:54.361584+00:00,2026-09-04,9,4,36,2026,Feeder Container,Everport,Shanghai,2250.0,0.9,2.0,0,95.0,1,0,0,2,5,105.9,High
311001617,SAGA FRONTIER,Large Container,33.73016,-118.15779,0.0,False,False,2026-09-04 17:33:54.361584+00:00,2026-09-04,9,4,36,2026,Large Container,China Shipping,Busan,10800.0,0.9,2.0,0,95.0,1,0,1,1,0,105.6,High
367019310,QUIN DELTA          ,Feeder Container,33.73316,-118.23833,0.0,False,False,2026-09-04 17:33:54.361584+00:00,2026-09-04,9,4,36,2026,Feeder Container,Yang Ming,Jakarta,2250.0,0.9,2.0,0,95.0,1,0,0,4,2,105.9,High
311000267,QUANTUM OF THE SEAS,Feeder Container,33.74611,-118.27508,0.0,False,False,2026-09-04 17:33:54.361584+00:00,2026-09-04,9,4,36,2026,Feeder Container,TraPac,Busan,2250.0,0.9,2.0,0,95.0,1,0,0,3,0,105.4,High
368171260,MADELINE B HAMILTON ,Feeder Container,33.71614,-118.24045,7.0,True,False,2026-09-04 17:33:54.361584+00:00,2026-09-04,9,4,36,2026,Feeder Container,TraPac,Shenzhen,2250.0,0.9,2.0,0,95.0,1,0,0,3,6,105.9,High
367014480,DURANGO             ,Feeder Container,33.74093,-118.19516,0.1,False,False,2026-09-04 17:33:54.361584+00:00,2026-09-04,9,4,36,2026,Feeder Container,Everport,Shanghai,2250.0,0.9,2.0,0,95.0,1,0,0,2,5,105.9,High
366753000,JAMIE LEE           ,Feeder Container,33.74177,-118.21382,17.0,False,False,2026-09-04 17:33:54.361584+00:00,2026-09-04,9,4,36,2026,Feeder Container,Yang Ming,Tokyo,2250.0,0.9,2.0,0,95.0,1,0,0,4,9,106.2,High
366760710,REDONDO             ,Feeder Container,33.74239,-118.20409,5.0,False,False,2026-09-04 17:33:54.361584+00:00,2026-09-04,9,4,36,2026,Feeder Container,Yang Ming,Hong Kong,2250.0,0.9,2.0,0,95.0,1,0,0,4,1,105.9,High
366760650,LEADER              ,Feeder Container,33.74026,-118.2781,0.0,False,False,2026-09-04 17:33:54.361584+00:00,2026-09-04,9,4,36,2026,Feeder Container,TraPac,Busan,2250.0,0.9,2.0,0,95.0,1,0,0,3,0,105.4,High
367034960,PONO                ,Feeder Container,33.76743,-118.21697,0.0,False,False,2026-09-04 17:33:54.361584+00:00,2026-09-04,9,4,36,2026,Feeder Container,Yang Ming,Ningbo,2250.0,0.9,2.0,0,95.0,1,0,0,4,4,106.0,High
367189890,LOREN C             ,Feeder Container,33.75142,-118.17883,0.0,False,False,2026-09-04 17:33:54.361584+00:00,2026-09-04,9,4,36,2026,Feeder Container,Everport,Jakarta,2250.0,0.9,2.0,0,95.0,1,0,0,2,2,105.9,High
366768030,STARSHIP EXPRESS    ,Feeder Container,33.76306,-118.19925,0.1,False,False,2026-09-04 17:33:54.361584+00:00,2026-09-04,9,4,36,2026,Feeder Container,Everport,Manila,2250.0,0.9,2.0,0,95.0,1,0,0,2,3,105.9,High
368165030,V.A. SAN PEDRO      ,Feeder Container,33.72342,-118.28049,0.0,False,False,2026-09-04 17:33:54.361584+00:00,2026-09-04,9,4,36,2026,Feeder Container,APM Terminals,Manila,2250.0,0.9,2.0,0,95.0,1,0,0,0,3,105.9,High
367641850,MISS EMMA           ,Feeder Container,33.73449,-118.26348,0.0,False,False,2026-09-04 17:33:54.361584+00:00,2026-09-04,9,4,36,2026,Feeder Container,TraPac,Taipei,2250.0,0.9,2.0,0,95.0,1,0,0,3,8,106.2,High
338118674,BAYWATCH19          ,Feeder Container,33.72625,-118.26904,0.2,False,False,2026-09-04 17:33:54.361584+00:00,2026-09-04,9,4,36,2026,Feeder Container,TraPac,Hong Kong,2250.0,0.9,2.0,0,95.0,1,0,0,3,1,105.9,High
367421990,H R MORRIS,Feeder Container,33.75299,-118.22072,0.0,False,False,2026-09-04 17:33:54.361584+00:00,2026-09-04,9,4,36,2026,Feeder Container,Yang Ming,Hong Kong,2250.0,0.9,2.0,0,95.0,1,0,0,4,1,105.9,High
367004260,CABRILLO,Feeder Container,33.76757,-118.21687,0.0,False,False,2026-09-04 17:33:54.361584+00:00,2026-09-04,9,4,36,2026,Feeder Container,Yang Ming,Shanghai,2250.0,0.9,2.0,0,95.0,1,0,0,4,5,105.9,High
368225560,MARLEY C            ,Feeder Container,33.75363,-118.22432,0.1,False,False,2026-09-04 17:33:54.361584+00:00,2026-09-04,9,4,36,2026,Feeder Container,Yang Ming,Taipei,2250.0,0.9,2.0,0,95.0,1,0,0,4,8,106.2,High
368136950,HERCULES            ,Feeder Container,33.72775,-118.25897,0.0,False,False,2026-09-04 17:33:54.361584+00:00,2026-09-04,9,4,36,2026,Feeder Container,TraPac,Ningbo,2250.0,0.9,2.0,0,95.0,1,0,0,3,4,106.0,High
369008000,ELIZABETH ANNE      ,Feeder Container,33.77638,-118.21072,0.0,False,False,2026-09-04 17:33:54.361584+00:00,2026-09-04,9,4,36,2026,Feeder Container,Yang Ming,Busan,2250.0,0.9,2.0,0,95.0,1,0,0,4,0,105.4,High
366998840,MILLENIUM MAVERICK  ,Feeder Container,33.76393,-118.25682,0.0,False,False,2026-09-04 17:33:54.361584+00:00,2026-09-04,9,4,36,2026,Feeder Container,TraPac,Busan,2250.0,0.9,2.0,0,95.0,1,0,0,3,0,105.4,High
566482000,APL YANG SHAN,Feeder Container,33.76511,-118.27774,0.0,False,False,2026-09-04 17:33:54.361584+00:00,2026-09-04,9,4,36,2026,Feeder Container,TraPac,Busan,2250.0,0.9,2.0,0,95.0,1,0,0,3,0,105.4,High
338525147,DEFIANT             ,Feeder Container,33.72355,-118.28073,0.0,False,False,2026-09-04 17:33:54.361584+00:00,2026-09-04,9,4,36,2026,Feeder Container,APM Terminals,Busan,2250.0,0.9,2.0,0,95.0,1,0,0,0,0,105.4,High
366926740,TIM QUIGG,Feeder Container,33.76373,-118.25673,0.0,False,False,2026-09-04 17:33:54.361584+00:00,2026-09-04,9,4,36,2026,Feeder Container,TraPac,Tokyo,2250.0,0.9,2.0,0,95.0,1,0,0,3,9,106.2,High
367625810,DELTA AUDREY        ,Feeder Container,33.73987,-118.2782,0.0,False,False,2026-09-04 17:33:54.361584+00:00,2026-09-04,9,4,36,2026,Feeder Container,TraPac,Shenzhen,2250.0,0.9,2.0,0,95.0,1,0,0,3,6,105.9,High
367396670,Z-THREE             ,Feeder Container,33.76366,-118.25698,0.0,False,False,2026-09-04 17:33:54.361584+00:00,2026-09-04,9,4,36,2026,Feeder Container,TraPac,Shenzhen,2250.0,0.9,2.0,0,95.0,1,0,0,3,6,105.9,High
441398000,HMM JAKARTA         ,Feeder Container,33.76408,-118.27195,0.0,False,False,2026-09-04 17:33:54.361584+00:00,2026-09-04,9,4,36,2026,Feeder Container,TraPac,Manila,2250.0,0.9,2.0,0,95.0,1,0,0,3,3,105.9,High
367616090,SEA FORCE           ,Feeder Container,33.74057,-118.20556,5.9,False,False,2026-09-04 17:33:54.361584+00:00,2026-09-04,9,4,36,2026,Feeder Container,Yang Ming,Hong Kong,2250.0,0.9,2.0,0,95.0,1,0,0,4,1,105.9,High
367309330,SHIRLEY C           ,Feeder Container,33.75336,-118.22396,0.0,False,False,2026-09-04 17:33:54.361584+00:00,2026-09-04,9,4,36,2026,Feeder Container,Yang Ming,Manila,2250.0,0.9,2.0,0,95.0,1,0,0,4,3,105.9,High
357240000,MSC MELATILDE       ,Feeder Container,33.75345,-118.2355,0.0,False,False,2026-09-04 17:33:54.361584+00:00,2026-09-04,9,4,36,2026,Feeder Container,Yang Ming,Ningbo,2250.0,0.9,2.0,0,95.0,1,0,0,4,4,106.0,High
563285500,SEASPAN GANGES      ,Feeder Container,33.73235,-118.2472,0.0,False,False,2026-09-04 17:33:54.361584+00:00,2026-09-04,9,4,36,2026,Feeder Container,TraPac,Shanghai,2250.0,0.9,2.0,0,95.0,1,0,0,3,5,105.9,High
338921000,CG GEORGE COBB,Feeder Container,33.72805,-118.2703,0.1,False,False,2026-09-04 17:33:54.361584+00:00,2026-09-04,9,4,36,2026,Feeder Container,TraPac,Tokyo,2250.0,0.9,2.0,0,95.0,1,0,0,3,9,106.2,High
368133450,DARRELL HIATT       ,Feeder Container,33.73182,-118.21477,0.1,False,False,2026-09-04 17:33:54.361584+00:00,2026-09-04,9,4,36,2026,Feeder Container,Yang Ming,Jakarta,2250.0,0.9,2.0,0,95.0,1,0,0,4,2,105.9,High
367724740,LA ESPADA ,Feeder Container,33.71362,-118.24259,15.6,True,False,2026-09-04 17:33:54.361584+00:00,2026-09-04,9,4,36,2026,Feeder Container,TraPac,Jakarta,2250.0,0.9,2.0,0,95.0,1,0,0,3,2,105.9,High
367550000,SHANNON             ,Feeder Container,33.74543,-118.22482,0.2,False,False,2026-09-04 17:33:54.361584+00:00,2026-09-04,9,4,36,2026,Feeder Container,Yang Ming,Shanghai,2250.0,0.9,2.0,0,95.0,1,0,0,4,5,105.9,High
367672140,MAURETANIA          ,Feeder Container,33.72352,-118.28045,0.0,False,False,2026-09-04 17:33:54.361584+00:00,2026-09-04,9,4,36,2026,Feeder Container,APM Terminals,Shanghai,2250.0,0.9,2.0,0,95.0,1,0,0,0,5,105.9,High
369142000,TEXAS VOYAGER       ,Feeder Container,33.76333,-118.26005,0.0,False,False,2026-09-04 17:33:54.361584+00:00,2026-09-04,9,4,36,2026,Feeder Container,TraPac,Shenzhen,2250.0,0.9,2.0,0,95.0,1,0,0,3,6,105.9,High
378001272,PASEANA             ,Feeder Container,33.72733,-118.122,11.3,False,False,2026-09-04 17:33:54.361584+00:00,2026-09-04,9,4,36,2026,Feeder Container,China Shipping,Taipei,2250.0,0.9,2.0,0,95.0,1,0,0,1,8,106.2,High
368418560,WENDY JO            ,Feeder Container,33.77114,-118.21303,0.0,False,False,2026-09-04 17:33:54.361584+00:00,2026-09-04,9,4,36,2026,Feeder Container,Yang Ming,Singapore,2250.0,0.9,2.0,0,95.0,1,0,0,4,7,105.9,High
367770980,BILL GOBEL          ,Feeder Container,33.7373,-118.21449,6.2,False,False,2026-09-04 17:33:54.361584+00:00,2026-09-04,9,4,36,2026,Feeder Container,Yang Ming,Manila,2250.0,0.9,2.0,0,95.0,1,0,0,4,3,105.9,High
477854200,SILVER MUNA         ,Feeder Container,33.75602,-118.26824,0.0,False,False,2026-09-04 17:33:54.361584+00:00,2026-09-04,9,4,36,2026,Feeder Container,TraPac,Jakarta,2250.0,0.9,2.0,0,95.0,1,0,0,3,2,105.9,High
368159190,LB PILOT POLARIS 3  ,Feeder Container,33.74731,-118.21565,0.0,False,False,2026-09-04 17:33:54.361584+00:00,2026-09-04,9,4,36,2026,Feeder Container,Yang Ming,Busan,2250.0,0.9,2.0,0,95.0,1,0,0,4,0,105.4,High
636023175,ZIM EAGLE           ,Feeder Container,33.76653,-118.2737,0.0,False,False,2026-09-04 17:33:54.361584+00:00,2026-09-04,9,4,36,2026,Feeder Container,TraPac,Hong Kong,2250.0,0.9,2.0,0,95.0,1,0,0,3,1,105.9,High
636022450,MSC AUDREY          ,Feeder Container,33.75149,-118.242,0.0,False,False,2026-09-04 17:33:54.361584+00:00,2026-09-04,9,4,36,2026,Feeder Container,TraPac,Singapore,2250.0,0.9,2.0,0,95.0,1,0,0,3,7,105.9,High
477920300,OOCL ATLANTA        ,Feeder Container,33.76,-118.214,0.0,False,False,2026-09-04 17:33:54.361584+00:00,2026-09-04,9,4,36,2026,Feeder Container,Yang Ming,Busan,2250.0,0.9,2.0,0,95.0,1,0,0,4,0,105.4,High
367133910,FIREBOAT 4          ,Feeder Container,33.76552,-118.25554,0.0,False,False,2026-09-04 17:33:54.361584+00:00,2026-09-04,9,4,36,2026,Feeder Container,TraPac,Taipei,2250.0,0.9,2.0,0,95.0,1,0,0,3,8,106.2,High
368000890,ELIZABETH C         ,Feeder Container,33.74442,-118.22449,0.1,False,False,2026-09-04 17:33:54.361584+00:00,2026-09-04,9,4,36,2026,Feeder Container,Yang Ming,Tokyo,2250.0,0.9,2.0,0,95.0,1,0,0,4,9,106.2,High
367513170,LASSEN              ,Feeder Container,33.7435,-118.19975,0.1,False,False,2026-09-04 17:33:54.361584+00:00,2026-09-04,9,4,36,2026,Feeder Container,Everport,Tokyo,2250.0,0.9,2.0,0,95.0,1,0,0,2,9,106.2,High
366418000,POTOMAC EXPRESS     ,Feeder Container,33.72993,-118.25529,0.0,False,False,2026-09-04 17:33:54.361584+00:00,2026-09-04,9,4,36,2026,Feeder Container,TraPac,Busan,2250.0,0.9,2.0,0,95.0,1,0,0,3,0,105.4,High
368171390,BROOKS M HAMILTON   ,Feeder Container,33.73081,-118.26218,0.0,False,False,2026-09-04 17:33:54.361584+00:00,2026-09-04,9,4,36,2026,Feeder Container,TraPac,Busan,2250.0,0.9,2.0,0,95.0,1,0,0,3,0,105.4,High
636026557,NAVE ORBIT          ,Feeder Container,33.72989,-118.17494,0.0,False,False,2026-09-04 17:33:54.361584+00:00,2026-09-04,9,4,36,2026,Feeder Container,Everport,Ningbo,2250.0,0.9,2.0,0,95.0,1,0,0,2,4,106.0,High
366998840,MILLENIUM MAVERICK  ,Feeder Container,33.76393,-118.25682,0.2,False,False,2026-09-05 16:45:01.882907+00:00,2026-09-05,9,5,36,2026,Feeder Container,TraPac,Singapore,2250.0,0.9,2.0,0,95.0,1,1,0,3,7,105.9,High
566853000,EVER LEGACY         ,Feeder Container,33.72638,-118.25963,0.0,False,False,2026-09-05 16:45:01.882907+00:00,2026-09-05,9,5,36,2026,Feeder Container,TraPac,Manila,2250.0,0.9,2.0,0,95.0,1,1,0,3,3,105.9,High
367004260,CABRILLO            ,Feeder Container,33.76755,-118.21685,0.1,False,False,2026-09-05 16:45:01.882907+00:00,2026-09-05,9,5,36,2026,Feeder Container,Yang Ming,Manila,2250.0,0.9,2.0,0,95.0,1,1,0,4,3,105.9,High
367175860,INDEPENDENCE,Feeder Container,33.72876,-118.27514,0.2,False,False,2026-09-05 16:45:01.882907+00:00,2026-09-05,9,5,36,2026,Feeder Container,TraPac,Shanghai,2250.0,0.9,2.0,0,95.0,1,1,0,3,5,105.9,High
636026557,NAVE ORBIT          ,Feeder Container,33.77031,-118.22466,0.0,False,False,2026-09-05 16:45:01.882907+00:00,2026-09-05,9,5,36,2026,Feeder Container,Yang Ming,Busan,2250.0,0.9,2.0,0,95.0,1,1,0,4,0,105.4,High
367309720,GRETCHEN C          ,Feeder Container,33.75359,-118.22402,0.0,False,False,2026-09-05 16:45:01.882907+00:00,2026-09-05,9,5,36,2026,Feeder Container,Yang Ming,Hong Kong,2250.0,0.9,2.0,0,95.0,1,1,0,4,1,105.9,High
366652000,HERMOSA             ,Feeder Container,33.73969,-118.18635,0.0,False,False,2026-09-05 16:45:01.882907+00:00,2026-09-05,9,5,36,2026,Feeder Container,Everport,Ningbo,2250.0,0.9,2.0,0,95.0,1,1,0,2,4,106.0,High
367569830,BARBARA J MULHOLLAND,Feeder Container,33.76353,-118.25692,0.0,False,False,2026-09-05 16:45:01.882907+00:00,2026-09-05,9,5,36,2026,Feeder Container,TraPac,Tokyo,2250.0,0.9,2.0,0,95.0,1,1,0,3,9,106.2,High
367760290,FIREBOAT 15         ,Feeder Container,33.74791,-118.2155,0.0,False,False,2026-09-05 16:45:01.882907+00:00,2026-09-05,9,5,36,2026,Feeder Container,Yang Ming,Singapore,2250.0,0.9,2.0,0,95.0,1,1,0,4,7,105.9,High
368418560,WENDY JO            ,Feeder Container,33.77114,-118.21303,0.0,False,False,2026-09-05 16:45:01.882907+00:00,2026-09-05,9,5,36,2026,Feeder Container,Yang Ming,Tokyo,2250.0,0.9,2.0,0,95.0,1,1,0,4,9,106.2,High
356110000,NEW BOUNDARY        ,Feeder Container,33.70739,-118.23026,0.3,True,True,2026-09-05 16:45:01.882907+00:00,2026-09-05,9,5,36,2026,Feeder Container,Yang Ming,Busan,2250.0,0.9,2.0,0,95.0,1,1,0,4,0,105.4,High
368159190,LB PILOT POLARIS 3  ,Feeder Container,33.7473,-118.21565,0.2,False,False,2026-09-05 16:45:01.882907+00:00,2026-09-05,9,5,36,2026,Feeder Container,Yang Ming,Jakarta,2250.0,0.9,2.0,0,95.0,1,1,0,4,2,105.9,High
338256000,BLAIR C   ,Feeder Container,33.77112,-118.21379,0.1,False,False,2026-09-05 16:45:01.882907+00:00,2026-09-05,9,5,36,2026,Feeder Container,Yang Ming,Shenzhen,2250.0,0.9,2.0,0,95.0,1,1,0,4,6,105.9,High
636025440,RUBY TOWER          ,Feeder Container,33.76117,-118.27309,0.0,False,False,2026-09-05 16:45:01.882907+00:00,2026-09-05,9,5,36,2026,Feeder Container,TraPac,Tokyo,2250.0,0.9,2.0,0,95.0,1,1,0,3,9,106.2,High
367689990,HARBOR KING         ,Feeder Container,33.72699,-118.27116,6.0,False,False,2026-09-05 16:45:01.882907+00:00,2026-09-05,9,5,36,2026,Feeder Container,TraPac,Shanghai,2250.0,0.9,2.0,0,95.0,1,1,0,3,5,105.9,High
367580930,TRIUMPHANT          ,Feeder Container,33.70697,-118.25019,19.0,True,False,2026-09-05 16:45:01.882907+00:00,2026-09-05,9,5,36,2026,Feeder Container,TraPac,Jakarta,2250.0,0.9,2.0,0,95.0,1,1,0,3,2,105.9,High
368165820,V.A.POINT FERMIN    ,Feeder Container,33.72348,-118.28054,0.1,False,False,2026-09-05 16:45:01.882907+00:00,2026-09-05,9,5,36,2026,Feeder Container,APM Terminals,Busan,2250.0,0.9,2.0,0,95.0,1,1,0,0,0,105.4,High
366926740,TIM QUIGG,Feeder Container,33.76372,-118.25675,0.0,False,False,2026-09-05 16:45:01.882907+00:00,2026-09-05,9,5,36,2026,Feeder Container,TraPac,Ningbo,2250.0,0.9,2.0,0,95.0,1,1,0,3,4,106.0,High
368088820,MORTY               ,Feeder Container,33.74267,-118.19646,0.0,False,False,2026-09-05 16:45:01.882907+00:00,2026-09-05,9,5,36,2026,Feeder Container,Everport,Busan,2250.0,0.9,2.0,0,95.0,1,1,0,2,0,105.4,High
311001630,SAGA WIND           ,Feeder Container,33.7278,-118.23017,0.0,False,False,2026-09-05 16:45:01.882907+00:00,2026-09-05,9,5,36,2026,Feeder Container,Yang Ming,Jakarta,2250.0,0.9,2.0,0,95.0,1,1,0,4,2,105.9,High
367422010,VALKYRIE ,Feeder Container,33.7342,-118.27355,0.0,False,False,2026-09-05 16:45:01.882907+00:00,2026-09-05,9,5,36,2026,Feeder Container,TraPac,Taipei,2250.0,0.9,2.0,0,95.0,1,1,0,3,8,106.2,High
367533290,MARIE CHERAMIE,Feeder Container,33.73448,-118.27074,0.0,False,False,2026-09-05 16:45:01.882907+00:00,2026-09-05,9,5,36,2026,Feeder Container,TraPac,Shenzhen,2250.0,0.9,2.0,0,95.0,1,1,0,3,6,105.9,High
367704150,KRISTINA            ,Feeder Container,33.76223,-118.19548,0.0,False,False,2026-09-05 16:45:01.882907+00:00,2026-09-05,9,5,36,2026,Feeder Container,Everport,Busan,2250.0,0.9,2.0,0,95.0,1,1,0,2,0,105.4,High
367044560,PILOT BOAT BANNING  ,Feeder Container,33.76282,-118.26558,0.1,False,False,2026-09-05 16:45:01.882907+00:00,2026-09-05,9,5,36,2026,Feeder Container,TraPac,Hong Kong,2250.0,0.9,2.0,0,95.0,1,1,0,3,1,105.9,High
368000890,ELIZABETH C,Feeder Container,33.73502,-118.26855,0.0,False,False,2026-09-05 16:45:01.882907+00:00,2026-09-05,9,5,36,2026,Feeder Container,TraPac,Jakarta,2250.0,0.9,2.0,0,95.0,1,1,0,3,2,105.9,High
368024740,LB PILOT BOAT  ORION,Feeder Container,33.74722,-118.21566,0.1,False,False,2026-09-05 16:45:01.882907+00:00,2026-09-05,9,5,36,2026,Feeder Container,Yang Ming,Ningbo,2250.0,0.9,2.0,0,95.0,1,1,0,4,4,106.0,High
367550000,SHANNON             ,Feeder Container,33.74544,-118.22485,0.1,False,False,2026-09-05 16:45:01.882907+00:00,2026-09-05,9,5,36,2026,Feeder Container,Yang Ming,Shenzhen,2250.0,0.9,2.0,0,95.0,1,1,0,4,6,105.9,High
366760650,LEADER              ,Feeder Container,33.74021,-118.27797,0.0,False,False,2026-09-05 16:45:01.882907+00:00,2026-09-05,9,5,36,2026,Feeder Container,TraPac,Shanghai,2250.0,0.9,2.0,0,95.0,1,1,0,3,5,105.9,High
366886630,EXY JOHNSON,Feeder Container,33.73652,-118.2779,0.1,False,False,2026-09-05 16:45:01.882907+00:00,2026-09-05,9,5,36,2026,Feeder Container,TraPac,Shanghai,2250.0,0.9,2.0,0,95.0,1,1,0,3,5,105.9,High
368136950,HERCULES            ,Feeder Container,33.74023,-118.27813,0.2,False,False,2026-09-05 16:45:01.882907+00:00,2026-09-05,9,5,36,2026,Feeder Container,TraPac,Hong Kong,2250.0,0.9,2.0,0,95.0,1,1,0,3,1,105.9,High
366892000,JAMIE ANN           ,Feeder Container,33.75496,-118.22899,0.2,False,False,2026-09-05 16:45:01.882907+00:00,2026-09-05,9,5,36,2026,Feeder Container,Yang Ming,Singapore,2250.0,0.9,2.0,0,95.0,1,1,0,4,7,105.9,High
563142800,WAN HAI 723,Large Container,33.74368,-118.20249,0.0,False,False,2026-09-05 16:45:01.882907+00:00,2026-09-05,9,5,36,2026,Large Container,Yang Ming,Taipei,10800.0,0.9,2.0,0,95.0,1,1,1,4,8,106.4,High
367199310,CATALINA JET        ,Feeder Container,33.76305,-118.19947,0.0,False,False,2026-09-05 16:45:01.882907+00:00,2026-09-05,9,5,36,2026,Feeder Container,Everport,Shanghai,2250.0,0.9,2.0,0,95.0,1,1,0,2,5,105.9,High
367693690,KELLY C             ,Feeder Container,33.75328,-118.22383,0.0,False,False,2026-09-05 16:45:01.882907+00:00,2026-09-05,9,5,36,2026,Feeder Container,Yang Ming,Singapore,2250.0,0.9,2.0,0,95.0,1,1,0,4,7,105.9,High
367034960,PONO                ,Feeder Container,33.76744,-118.217,0.0,False,False,2026-09-05 16:45:01.882907+00:00,2026-09-05,9,5,36,2026,Feeder Container,Yang Ming,Ningbo,2250.0,0.9,2.0,0,95.0,1,1,0,4,4,106.0,High
367396670,Z-THREE             ,Feeder Container,33.76364,-118.257,0.0,False,False,2026-09-05 16:45:01.882907+00:00,2026-09-05,9,5,36,2026,Feeder Container,TraPac,Hong Kong,2250.0,0.9,2.0,0,95.0,1,1,0,3,1,105.9,High
367513170,LASSEN              ,Feeder Container,33.74345,-118.1997,0.1,False,False,2026-09-05 16:45:01.882907+00:00,2026-09-05,9,5,36,2026,Feeder Container,Everport,Busan,2250.0,0.9,2.0,0,95.0,1,1,0,2,0,105.4,High
311001617,SAGA FRONTIER       ,Feeder Container,33.72857,-118.15858,0.0,False,False,2026-09-05 16:45:01.882907+00:00,2026-09-05,9,5,36,2026,Feeder Container,China Shipping,Shanghai,2250.0,0.9,2.0,0,95.0,1,1,0,1,5,105.9,High
367471080,ISABEL L            ,Feeder Container,33.73505,-118.27103,0.0,False,False,2026-09-05 16:45:01.882907+00:00,2026-09-05,9,5,36,2026,Feeder Container,TraPac,Shanghai,2250.0,0.9,2.0,0,95.0,1,1,0,3,5,105.9,High
368010330,LILLIAN FOSS        ,Feeder Container,33.75364,-118.23272,0.8,False,False,2026-09-05 16:45:01.882907+00:00,2026-09-05,9,5,36,2026,Feeder Container,Yang Ming,Jakarta,2250.0,0.9,2.0,0,95.0,1,1,0,4,2,105.9,High
368171260,MADELINE B HAMILTON ,Feeder Container,33.73085,-118.26194,0.0,False,False,2026-09-05 16:45:01.882907+00:00,2026-09-05,9,5,36,2026,Feeder Container,TraPac,Tokyo,2250.0,0.9,2.0,0,95.0,1,1,0,3,9,106.2,High
538011533,WAVE                ,Feeder Container,33.69853,-118.22198,0.0,True,True,2026-09-05 16:45:01.882907+00:00,2026-09-05,9,5,36,2026,Feeder Container,Yang Ming,Tokyo,2250.0,0.9,2.0,0,95.0,1,1,0,4,9,106.2,High
366943940,SUPER EXPRESS       ,Feeder Container,33.72266,-118.27084,6.3,False,False,2026-09-05 16:45:01.882907+00:00,2026-09-05,9,5,36,2026,Feeder Container,TraPac,Manila,2250.0,0.9,2.0,0,95.0,1,1,0,3,3,105.9,High
367719640,CATALINA PROVIDER   ,Feeder Container,33.70825,-118.24726,8.0,True,False,2026-09-05 16:45:01.882907+00:00,2026-09-05,9,5,36,2026,Feeder Container,TraPac,Tokyo,2250.0,0.9,2.0,0,95.0,1,1,0,3,9,106.2,High
367421990,H R MORRIS          ,Feeder Container,33.75299,-118.22072,0.0,False,False,2026-09-05 16:45:01.882907+00:00,2026-09-05,9,5,36,2026,Feeder Container,Yang Ming,Hong Kong,2250.0,0.9,2.0,0,95.0,1,1,0,4,1,105.9,High
367189890,LOREN C             ,Feeder Container,33.75109,-118.1785,0.0,False,False,2026-09-05 16:45:01.882907+00:00,2026-09-05,9,5,36,2026,Feeder Container,Everport,Jakarta,2250.0,0.9,2.0,0,95.0,1,1,0,2,2,105.9,High
566482000,APL YANG SHAN,Feeder Container,33.7651,-118.27774,0.0,False,False,2026-09-05 16:45:01.882907+00:00,2026-09-05,9,5,36,2026,Feeder Container,TraPac,Jakarta,2250.0,0.9,2.0,0,95.0,1,1,0,3,2,105.9,High
338227000,OHIO                ,Feeder Container,33.77546,-118.21343,0.0,False,False,2026-09-05 16:45:01.882907+00:00,2026-09-05,9,5,36,2026,Feeder Container,Yang Ming,Tokyo,2250.0,0.9,2.0,0,95.0,1,1,0,4,9,106.2,High
368133450,DARRELL HIATT       ,Feeder Container,33.7308,-118.26217,0.0,False,False,2026-09-05 16:45:01.882907+00:00,2026-09-05,9,5,36,2026,Feeder Container,TraPac,Jakarta,2250.0,0.9,2.0,0,95.0,1,1,0,3,2,105.9,High
367507960,DB SALTA VERDE      ,Feeder Container,33.75378,-118.22389,0.0,False,False,2026-09-05 16:45:01.882907+00:00,2026-09-05,9,5,36,2026,Feeder Container,Yang Ming,Manila,2250.0,0.9,2.0,0,95.0,1,1,0,4,3,105.9,High
368453350,DIVE BOAT II,Feeder Container,33.73634,-118.26948,0.0,False,False,2026-09-05 16:45:01.882907+00:00,2026-09-05,9,5,36,2026,Feeder Container,TraPac,Singapore,2250.0,0.9,2.0,0,95.0,1,1,0,3,7,105.9,High
368133450,DARRELL HIATT       ,Feeder Container,33.71946,-118.26108,5.6,False,False,2026-09-06 16:52:37.883862+00:00,2026-09-06,9,6,36,2026,Feeder Container,TraPac,Shanghai,2250.0,0.9,2.0,0,95.0,1,1,0,3,5,105.9,High
368159190,LB PILOT POLARIS 3  ,Feeder Container,33.74732,-118.21564,0.1,False,False,2026-09-06 16:52:37.883862+00:00,2026-09-06,9,6,36,2026,Feeder Container,Yang Ming,Tokyo,2250.0,0.9,2.0,0,95.0,1,1,0,4,9,106.3,High
338921000,CG GEORGE COBB,Feeder Container,33.72805,-118.27029,0.2,False,False,2026-09-06 16:52:37.883862+00:00,2026-09-06,9,6,36,2026,Feeder Container,TraPac,Shanghai,2250.0,0.9,2.0,0,95.0,1,1,0,3,5,105.9,High
367421990,H R MORRIS          ,Feeder Container,33.75298,-118.22072,0.0,False,False,2026-09-06 16:52:37.883862+00:00,2026-09-06,9,6,36,2026,Feeder Container,Yang Ming,Tokyo,2250.0,0.9,2.0,0,95.0,1,1,0,4,9,106.3,High
357240000,MSC MELATILDE       ,Feeder Container,33.75354,-118.23548,0.0,False,False,2026-09-06 16:52:37.883862+00:00,2026-09-06,9,6,36,2026,Feeder Container,Yang Ming,Ningbo,2250.0,0.9,2.0,0,95.0,1,1,0,4,4,106.0,High
368136950,HERCULES            ,Feeder Container,33.71535,-118.24198,7.2,True,False,2026-09-06 16:52:37.883862+00:00,2026-09-06,9,6,36,2026,Feeder Container,TraPac,Shanghai,2250.0,0.9,2.0,0,95.0,1,1,0,3,5,105.9,High
368165820,V.A.POINT FERMIN    ,Feeder Container,33.72346,-118.28052,0.0,False,False,2026-09-06 16:52:37.883862+00:00,2026-09-06,9,6,36,2026,Feeder Container,APM Terminals,Shanghai,2250.0,0.9,2.0,0,95.0,1,1,0,0,5,105.9,High
366978690,EAGLE               ,Feeder Container,33.7267,-118.19959,7.0,False,False,2026-09-06 16:52:37.883862+00:00,2026-09-06,9,6,36,2026,Feeder Container,Everport,Busan,2250.0,0.9,2.0,0,95.0,1,1,0,2,0,105.4,High
366892000,JAMIE ANN           ,Feeder Container,33.77081,-118.2122,0.1,False,False,2026-09-06 16:52:37.883862+00:00,2026-09-06,9,6,36,2026,Feeder Container,Yang Ming,Shenzhen,2250.0,0.9,2.0,0,95.0,1,1,0,4,6,105.9,High
367533290,MARIE CHERAMIE,Feeder Container,33.73447,-118.27074,0.0,False,False,2026-09-06 16:52:37.883862+00:00,2026-09-06,9,6,36,2026,Feeder Container,TraPac,Jakarta,2250.0,0.9,2.0,0,95.0,1,1,0,3,2,105.9,High
563285500,SEASPAN GANGES      ,Feeder Container,33.73239,-118.24739,0.0,False,False,2026-09-06 16:52:37.883862+00:00,2026-09-06,9,6,36,2026,Feeder Container,TraPac,Shanghai,2250.0,0.9,2.0,0,95.0,1,1,0,3,5,105.9,High
636021672,GREEN PARANAGUA     ,Feeder Container,33.68248,-118.12109,0.4,False,False,2026-09-06 16:52:37.883862+00:00,2026-09-06,9,6,36,2026,Feeder Container,China Shipping,Hong Kong,2250.0,0.9,2.0,0,95.0,1,1,0,1,1,105.9,High
367133910,FIREBOAT 4          ,Feeder Container,33.76546,-118.25554,0.0,False,False,2026-09-06 16:52:37.883862+00:00,2026-09-06,9,6,36,2026,Feeder Container,TraPac,Tokyo,2250.0,0.9,2.0,0,95.0,1,1,0,3,9,106.3,High
367104040,KNOX T              ,Feeder Container,33.74724,-118.15894,12.9,False,False,2026-09-06 16:52:37.883862+00:00,2026-09-06,9,6,36,2026,Feeder Container,China Shipping,Hong Kong,2250.0,0.9,2.0,0,95.0,1,1,0,1,1,105.9,High
367192970,CAT EXPRESS         ,Feeder Container,33.71534,-118.2619,9.6,False,False,2026-09-06 16:52:37.883862+00:00,2026-09-06,9,6,36,2026,Feeder Container,TraPac,Busan,2250.0,0.9,2.0,0,95.0,1,1,0,3,0,105.4,High
356110000,NEW BOUNDARY        ,Feeder Container,33.70289,-118.20616,0.5,True,True,2026-09-06 16:52:37.883862+00:00,2026-09-06,9,6,36,2026,Feeder Container,Yang Ming,Tokyo,2250.0,0.9,2.0,0,95.0,1,1,0,4,9,106.3,High
352044000,WISDOM ACE          ,Feeder Container,33.76673,-118.25407,0.0,False,False,2026-09-06 16:52:37.883862+00:00,2026-09-06,9,6,36,2026,Feeder Container,TraPac,Shanghai,2250.0,0.9,2.0,0,95.0,1,1,0,3,5,105.9,High
369142000,TEXAS VOYAGER       ,Feeder Container,33.76089,-118.26705,0.0,False,False,2026-09-06 16:52:37.883862+00:00,2026-09-06,9,6,36,2026,Feeder Container,TraPac,Shanghai,2250.0,0.9,2.0,0,95.0,1,1,0,3,5,105.9,High
367396670,Z-THREE             ,Feeder Container,33.76368,-118.25699,0.0,False,False,2026-09-06 16:52:37.883862+00:00,2026-09-06,9,6,36,2026,Feeder Container,TraPac,Taipei,2250.0,0.9,2.0,0,95.0,1,1,0,3,8,106.3,High
477637600,CSCL SOUTH CHINA SEA,Feeder Container,33.74091,-118.19737,0.0,False,False,2026-09-06 16:52:37.883862+00:00,2026-09-06,9,6,36,2026,Feeder Container,Everport,Hong Kong,2250.0,0.9,2.0,0,95.0,1,1,0,2,1,105.9,High
366760650,LEADER              ,Feeder Container,33.73716,-118.2182,3.5,False,False,2026-09-06 16:52:37.883862+00:00,2026-09-06,9,6,36,2026,Feeder Container,Yang Ming,Manila,2250.0,0.9,2.0,0,95.0,1,1,0,4,3,105.9,High
367396710,Z FOUR,Feeder Container,33.76366,-118.25685,0.0,False,False,2026-09-06 16:52:37.883862+00:00,2026-09-06,9,6,36,2026,Feeder Container,TraPac,Singapore,2250.0,0.9,2.0,0,95.0,1,1,0,3,7,105.9,High
368088820,MORTY               ,Feeder Container,33.74289,-118.19525,0.3,False,False,2026-09-06 16:52:37.883862+00:00,2026-09-06,9,6,36,2026,Feeder Container,Everport,Singapore,2250.0,0.9,2.0,0,95.0,1,1,0,2,7,105.9,High
477203100,OOCL BERLIN         ,Feeder Container,33.75782,-118.21421,0.0,False,False,2026-09-06 16:52:37.883862+00:00,2026-09-06,9,6,36,2026,Feeder Container,Yang Ming,Jakarta,2250.0,0.9,2.0,0,95.0,1,1,0,4,2,105.9,High
477920300,OOCL ATLANTA        ,Feeder Container,33.75983,-118.214,0.0,False,False,2026-09-06 16:52:37.883862+00:00,2026-09-06,9,6,36,2026,Feeder Container,Yang Ming,Busan,2250.0,0.9,2.0,0,95.0,1,1,0,4,0,105.4,High
367353080,EMPIRE STATE,Ultra Large Container,33.73713,-118.21749,1.4,False,False,2026-09-06 16:52:37.883862+00:00,2026-09-06,9,6,36,2026,Ultra Large Container,Yang Ming,Ningbo,16200.0,0.9,2.0,0,95.0,1,1,4,4,4,106.1,High
368171260,MADELINE B HAMILTON ,Feeder Container,33.73083,-118.26215,0.0,False,False,2026-09-06 16:52:37.883862+00:00,2026-09-06,9,6,36,2026,Feeder Container,TraPac,Shanghai,2250.0,0.9,2.0,0,95.0,1,1,0,3,5,105.9,High
368000890,ELIZABETH C         ,Feeder Container,33.75344,-118.22397,0.1,False,False,2026-09-06 16:52:37.883862+00:00,2026-09-06,9,6,36,2026,Feeder Container,Yang Ming,Busan,2250.0,0.9,2.0,0,95.0,1,1,0,4,0,105.4,High
303200000, COLLETTE C,Feeder Container,33.75353,-118.22392,0.0,False,False,2026-09-06 16:52:37.883862+00:00,2026-09-06,9,6,36,2026,Feeder Container,Yang Ming,Busan,2250.0,0.9,2.0,0,95.0,1,1,0,4,0,105.4,High
431718000,RIGEL LEADER        ,Feeder Container,33.70165,-118.15309,0.4,False,False,2026-09-06 16:52:37.883862+00:00,2026-09-06,9,6,36,2026,Feeder Container,China Shipping,Tokyo,2250.0,0.9,2.0,0,95.0,1,1,0,1,9,106.3,High
367569830,BARBARA J MULHOLLAND,Feeder Container,33.72479,-118.20302,7.9,False,False,2026-09-06 16:52:37.883862+00:00,2026-09-06,9,6,36,2026,Feeder Container,Yang Ming,Busan,2250.0,0.9,2.0,0,95.0,1,1,0,4,0,105.4,High
366943940,SUPER EXPRESS       ,Feeder Container,33.71022,-118.25048,23.7,True,False,2026-09-06 16:52:37.883862+00:00,2026-09-06,9,6,36,2026,Feeder Container,TraPac,Manila,2250.0,0.9,2.0,0,95.0,1,1,0,3,3,105.9,High
367550000,SHANNON             ,Feeder Container,33.74546,-118.22485,0.1,False,False,2026-09-06 16:52:37.883862+00:00,2026-09-06,9,6,36,2026,Feeder Container,Yang Ming,Singapore,2250.0,0.9,2.0,0,95.0,1,1,0,4,7,105.9,High
338525791,AERAS-1,Feeder Container,33.77198,-118.20908,0.0,False,False,2026-09-06 16:52:37.883862+00:00,2026-09-06,9,6,36,2026,Feeder Container,Yang Ming,Ningbo,2250.0,0.9,2.0,0,95.0,1,1,0,4,4,106.0,High
367006790,VICKI ANN,Feeder Container,33.71568,-118.23708,4.3,True,False,2026-09-06 16:52:37.883862+00:00,2026-09-06,9,6,36,2026,Feeder Container,Yang Ming,Hong Kong,2250.0,0.9,2.0,0,95.0,1,1,0,4,1,105.9,High
431123000,PIRIKA MOSIRI MARU  ,Feeder Container,33.74913,-118.20671,0.0,False,False,2026-09-06 16:52:37.883862+00:00,2026-09-06,9,6,36,2026,Feeder Container,Yang Ming,Singapore,2250.0,0.9,2.0,0,95.0,1,1,0,4,7,105.9,High
368418560,WENDY JO            ,Feeder Container,33.77114,-118.21301,0.1,False,False,2026-09-06 16:52:37.883862+00:00,2026-09-06,9,6,36,2026,Feeder Container,Yang Ming,Ningbo,2250.0,0.9,2.0,0,95.0,1,1,0,4,4,106.0,High
367625810,DELTA AUDREY        ,Feeder Container,33.73978,-118.27806,0.0,False,False,2026-09-06 16:52:37.883862+00:00,2026-09-06,9,6,36,2026,Feeder Container,TraPac,Tokyo,2250.0,0.9,2.0,0,95.0,1,1,0,3,9,106.3,High
366870730,PUP                 ,Feeder Container,33.75301,-118.2203,0.1,False,False,2026-09-06 16:52:37.883862+00:00,2026-09-06,9,6,36,2026,Feeder Container,Yang Ming,Shenzhen,2250.0,0.9,2.0,0,95.0,1,1,0,4,6,105.9,High
366926740,TIM QUIGG,Feeder Container,33.72967,-118.19845,0.6,False,False,2026-09-06 16:52:37.883862+00:00,2026-09-06,9,6,36,2026,Feeder Container,Everport,Manila,2250.0,0.9,2.0,0,95.0,1,1,0,2,3,105.9,High
241437000,MARAN ARETE         ,Feeder Container,33.69553,-118.12482,0.1,False,False,2026-09-06 16:52:37.883862+00:00,2026-09-06,9,6,36,2026,Feeder Container,China Shipping,Singapore,2250.0,0.9,2.0,0,95.0,1,1,0,1,7,105.9,High
563171800,WAN HAI 355,Large Container,33.73678,-118.19327,0.0,False,False,2026-09-06 16:52:37.883862+00:00,2026-09-06,9,6,36,2026,Large Container,Everport,Jakarta,10800.0,0.9,2.0,0,95.0,1,1,1,2,2,106.1,High
367617970,KIMBERLY D          ,Feeder Container,33.73495,-118.27096,0.0,False,False,2026-09-06 16:52:37.883862+00:00,2026-09-06,9,6,36,2026,Feeder Container,TraPac,Shenzhen,2250.0,0.9,2.0,0,95.0,1,1,0,3,6,105.9,High
563262000,BOHEME              ,Feeder Container,33.74354,-118.20763,0.0,False,False,2026-09-06 16:52:37.883862+00:00,2026-09-06,9,6,36,2026,Feeder Container,Yang Ming,Tokyo,2250.0,0.9,2.0,0,95.0,1,1,0,4,9,106.3,High
538004071,CABO DESEADO        ,Feeder Container,33.7291,-118.20279,0.3,False,False,2026-09-06 16:52:37.883862+00:00,2026-09-06,9,6,36,2026,Feeder Container,Yang Ming,Tokyo,2250.0,0.9,2.0,0,95.0,1,1,0,4,9,106.3,High
636020916,PACIFIC RUBY        ,Feeder Container,33.73042,-118.22131,0.1,False,False,2026-09-06 16:52:37.883862+00:00,2026-09-06,9,6,36,2026,Feeder Container,Yang Ming,Shenzhen,2250.0,0.9,2.0,0,95.0,1,1,0,4,6,105.9,High
338366226,V.A.POINT VICENTE   ,Feeder Container,33.72337,-118.28069,0.0,False,False,2026-09-06 16:52:37.883862+00:00,2026-09-06,9,6,36,2026,Feeder Container,APM Terminals,Singapore,2250.0,0.9,2.0,0,95.0,1,1,0,0,7,105.9,High
367748970,BECKY T             ,Feeder Container,33.74273,-118.1954,0.5,False,False,2026-09-06 16:52:37.883862+00:00,2026-09-06,9,6,36,2026,Feeder Container,Everport,Shanghai,2250.0,0.9,2.0,0,95.0,1,1,0,2,5,105.9,High
366998840,MILLENIUM MAVERICK  ,Feeder Container,33.76395,-118.25682,0.0,False,False,2026-09-06 16:52:37.883862+00:00,2026-09-06,9,6,36,2026,Feeder Container,TraPac,Shanghai,2250.0,0.9,2.0,0,95.0,1,1,0,3,5,105.9,High
367760290,FIREBOAT 15         ,Feeder Container,33.74801,-118.21554,0.3,False,False,2026-09-06 16:52:37.883862+00:00,2026-09-06,9,6,36,2026,Feeder Container,Yang Ming,Shenzhen,2250.0,0.9,2.0,0,95.0,1,1,0,4,6,105.9,High
367199310,CATALINA JET        ,Feeder Container,33.76305,-118.19946,0.3,False,False,2026-09-06 16:52:37.883862+00:00,2026-09-06,9,6,36,2026,Feeder Container,Everport,Manila,2250.0,0.9,2.0,0,95.0,1,1,0,2,3,105.9,High
367004260,CABRILLO            ,Feeder Container,33.76744,-118.21689,0.0,False,False,2026-09-06 16:52:37.883862+00:00,2026-09-06,9,6,36,2026,Feeder Container,Yang Ming,Shenzhen,2250.0,0.9,2.0,0,95.0,1,1,0,4,6,105.9,High
367330510,PATRICIA ANN,Feeder Container,33.72893,-118.27545,0.1,False,False,2026-09-06 16:52:37.883862+00:00,2026-09-06,9,6,36,2026,Feeder Container,TraPac,Shenzhen,2250.0,0.9,2.0,0,95.0,1,1,0,3,6,105.9,High
367513170,LASSEN              ,Feeder Container,33.74348,-118.19997,0.1,False,False,2026-09-06 16:52:37.883862+00:00,2026-09-06,9,6,36,2026,Feeder Container,Everport,Singapore,2250.0,0.9,2.0,0,95.0,1,1,0,2,7,105.9,High
367724740,LA ESPADA ,Feeder Container,33.70737,-118.19395,0.5,True,True,2026-09-06 16:52:37.883862+00:00,2026-09-06,9,6,36,2026,Feeder Container,Everport,Singapore,2250.0,0.9,2.0,0,95.0,1,1,0,2,7,105.9,High
367401030,DELTA BILLIE        ,Feeder Container,33.7398,-118.27822,0.0,False,False,2026-09-06 16:52:37.883862+00:00,2026-09-06,9,6,36,2026,Feeder Container,TraPac,Shanghai,2250.0,0.9,2.0,0,95.0,1,1,0,3,5,105.9,High
338429333,LAFD FB23           ,Feeder Container,33.73021,-118.26794,0.0,False,False,2026-09-07 18:42:48.847255+00:00,2026-09-07,9,0,37,2026,Feeder Container,TraPac,Tokyo,2250.0,0.9,2.0,0,95.0,1,0,0,3,9,102.4,High
367192970,CAT EXPRESS         ,Feeder Container,33.69177,-118.23949,22.7,True,False,2026-09-07 18:42:48.847255+00:00,2026-09-07,9,0,37,2026,Feeder Container,Yang Ming,Jakarta,2250.0,0.9,2.0,0,95.0,1,0,0,4,2,102.5,High
563194900,WAN HAI A03         ,Feeder Container,33.75859,-118.2593,0.0,False,False,2026-09-07 18:42:48.847255+00:00,2026-09-07,9,0,37,2026,Feeder Container,TraPac,Shanghai,2250.0,0.9,2.0,0,95.0,1,0,0,3,5,102.5,High
338366226,V.A.POINT VICENTE   ,Feeder Container,33.72338,-118.28068,0.0,False,False,2026-09-07 18:42:48.847255+00:00,2026-09-07,9,0,37,2026,Feeder Container,APM Terminals,Ningbo,2250.0,0.9,2.0,0,95.0,1,0,0,0,4,102.6,High
368133450,DARRELL HIATT,Feeder Container,33.73074,-118.26235,0.0,False,False,2026-09-07 18:42:48.847255+00:00,2026-09-07,9,0,37,2026,Feeder Container,TraPac,Busan,2250.0,0.9,2.0,0,95.0,1,0,0,3,0,102.1,High
368068820,DB IRONBOUND        ,Feeder Container,33.75412,-118.22407,0.0,False,False,2026-09-07 18:42:48.847255+00:00,2026-09-07,9,0,37,2026,Feeder Container,Yang Ming,Ningbo,2250.0,0.9,2.0,0,95.0,1,0,0,4,4,102.6,High
368084540,DELTA TERESA        ,Feeder Container,33.74833,-118.21073,0.0,False,False,2026-09-07 18:42:48.847255+00:00,2026-09-07,9,0,37,2026,Feeder Container,Yang Ming,Singapore,2250.0,0.9,2.0,0,95.0,1,0,0,4,7,102.5,High
303200000, COLLETTE C,Feeder Container,33.75355,-118.22392,0.0,False,False,2026-09-07 18:42:48.847255+00:00,2026-09-07,9,0,37,2026,Feeder Container,Yang Ming,Jakarta,2250.0,0.9,2.0,0,95.0,1,0,0,4,2,102.5,High
368010330,LILLIAN FOSS        ,Feeder Container,33.77099,-118.21133,0.1,False,False,2026-09-07 18:42:48.847255+00:00,2026-09-07,9,0,37,2026,Feeder Container,Yang Ming,Jakarta,2250.0,0.9,2.0,0,95.0,1,0,0,4,2,102.5,High
367401030,DELTA BILLIE        ,Feeder Container,33.73983,-118.2782,0.0,False,False,2026-09-07 18:42:48.847255+00:00,2026-09-07,9,0,37,2026,Feeder Container,TraPac,Singapore,2250.0,0.9,2.0,0,95.0,1,0,0,3,7,102.5,High
368457180,EL ESCUDO           ,Feeder Container,33.72393,-118.26941,7.6,False,False,2026-09-07 18:42:48.847255+00:00,2026-09-07,9,0,37,2026,Feeder Container,TraPac,Shanghai,2250.0,0.9,2.0,0,95.0,1,0,0,3,5,102.5,High
367422010,VALKYRIE ,Feeder Container,33.73419,-118.27359,0.0,False,False,2026-09-07 18:42:48.847255+00:00,2026-09-07,9,0,37,2026,Feeder Container,TraPac,Manila,2250.0,0.9,2.0,0,95.0,1,0,0,3,3,102.5,High
367704150,KRISTINA            ,Feeder Container,33.76225,-118.19548,0.0,False,False,2026-09-07 18:42:48.847255+00:00,2026-09-07,9,0,37,2026,Feeder Container,Everport,Singapore,2250.0,0.9,2.0,0,95.0,1,0,0,2,7,102.5,High
367104040,KNOX T              ,Feeder Container,33.70657,-118.248,14.1,True,False,2026-09-07 18:42:48.847255+00:00,2026-09-07,9,0,37,2026,Feeder Container,TraPac,Tokyo,2250.0,0.9,2.0,0,95.0,1,0,0,3,9,102.4,High
366998840,MILLENIUM MAVERICK  ,Feeder Container,33.76395,-118.25682,0.0,False,False,2026-09-07 18:42:48.847255+00:00,2026-09-07,9,0,37,2026,Feeder Container,TraPac,Jakarta,2250.0,0.9,2.0,0,95.0,1,0,0,3,2,102.5,High
366760650,LEADER              ,Feeder Container,33.71412,-118.25472,8.6,True,False,2026-09-07 18:42:48.847255+00:00,2026-09-07,9,0,37,2026,Feeder Container,TraPac,Ningbo,2250.0,0.9,2.0,0,95.0,1,0,0,3,4,102.6,High
367580930,TRIUMPHANT          ,Feeder Container,33.76244,-118.1954,0.0,False,False,2026-09-07 18:42:48.847255+00:00,2026-09-07,9,0,37,2026,Feeder Container,Everport,Busan,2250.0,0.9,2.0,0,95.0,1,0,0,2,0,102.1,High
368266520,HERO                ,Feeder Container,33.75003,-118.21861,8.1,False,False,2026-09-07 18:42:48.847255+00:00,2026-09-07,9,0,37,2026,Feeder Container,Yang Ming,Busan,2250.0,0.9,2.0,0,95.0,1,0,0,4,0,102.1,High
367625810,DELTA AUDREY        ,Feeder Container,33.73987,-118.27804,0.0,False,False,2026-09-07 18:42:48.847255+00:00,2026-09-07,9,0,37,2026,Feeder Container,TraPac,Shanghai,2250.0,0.9,2.0,0,95.0,1,0,0,3,5,102.5,High
367748970,BECKY T             ,Feeder Container,33.74229,-118.1964,0.0,False,False,2026-09-07 18:42:48.847255+00:00,2026-09-07,9,0,37,2026,Feeder Container,Everport,Singapore,2250.0,0.9,2.0,0,95.0,1,0,0,2,7,102.5,High
367698890,LBFD FB20           ,Feeder Container,33.77055,-118.20972,0.0,False,False,2026-09-07 18:42:48.847255+00:00,2026-09-07,9,0,37,2026,Feeder Container,Yang Ming,Taipei,2250.0,0.9,2.0,0,95.0,1,0,0,4,8,102.4,High
368000890,ELIZABETH C         ,Feeder Container,33.74463,-118.22526,0.0,False,False,2026-09-07 18:42:48.847255+00:00,2026-09-07,9,0,37,2026,Feeder Container,Yang Ming,Shanghai,2250.0,0.9,2.0,0,95.0,1,0,0,4,5,102.5,High
367550000,SHANNON             ,Feeder Container,33.74548,-118.22484,0.0,False,False,2026-09-07 18:42:48.847255+00:00,2026-09-07,9,0,37,2026,Feeder Container,Yang Ming,Jakarta,2250.0,0.9,2.0,0,95.0,1,0,0,4,2,102.5,High
368136950,HERCULES            ,Feeder Container,33.74892,-118.20967,0.0,False,False,2026-09-07 18:42:48.847255+00:00,2026-09-07,9,0,37,2026,Feeder Container,Yang Ming,Taipei,2250.0,0.9,2.0,0,95.0,1,0,0,4,8,102.4,High
367169120,TORONADO            ,Feeder Container,33.73302,-118.18172,9.2,False,False,2026-09-07 18:42:48.847255+00:00,2026-09-07,9,0,37,2026,Feeder Container,Everport,Jakarta,2250.0,0.9,2.0,0,95.0,1,0,0,2,2,102.5,High
338256000,BLAIR C   ,Feeder Container,33.77112,-118.21381,0.1,False,False,2026-09-07 18:42:48.847255+00:00,2026-09-07,9,0,37,2026,Feeder Container,Yang Ming,Shenzhen,2250.0,0.9,2.0,0,95.0,1,0,0,4,6,102.5,High
368088820,MORTY               ,Feeder Container,33.74251,-118.19675,0.0,False,False,2026-09-07 18:42:48.847255+00:00,2026-09-07,9,0,37,2026,Feeder Container,Everport,Shanghai,2250.0,0.9,2.0,0,95.0,1,0,0,2,5,102.5,High
366979370,EDITH FOSS          ,Feeder Container,33.77053,-118.21258,0.1,False,False,2026-09-07 18:42:48.847255+00:00,2026-09-07,9,0,37,2026,Feeder Container,Yang Ming,Taipei,2250.0,0.9,2.0,0,95.0,1,0,0,4,8,102.4,High
368159190,LB PILOT POLARIS 3  ,Feeder Container,33.74736,-118.21564,0.2,False,False,2026-09-07 18:42:48.847255+00:00,2026-09-07,9,0,37,2026,Feeder Container,Yang Ming,Shenzhen,2250.0,0.9,2.0,0,95.0,1,0,0,4,6,102.5,High
366926740,TIM QUIGG,Feeder Container,33.76372,-118.25675,0.0,False,False,2026-09-07 18:42:48.847255+00:00,2026-09-07,9,0,37,2026,Feeder Container,TraPac,Ningbo,2250.0,0.9,2.0,0,95.0,1,0,0,3,4,102.6,High
367672140,MAURETANIA          ,Feeder Container,33.72355,-118.28043,0.0,False,False,2026-09-07 18:42:48.847255+00:00,2026-09-07,9,0,37,2026,Feeder Container,APM Terminals,Hong Kong,2250.0,0.9,2.0,0,95.0,1,0,0,0,1,102.5,High
367396670,Z-THREE             ,Feeder Container,33.76367,-118.25702,0.0,False,False,2026-09-07 18:42:48.847255+00:00,2026-09-07,9,0,37,2026,Feeder Container,TraPac,Hong Kong,2250.0,0.9,2.0,0,95.0,1,0,0,3,1,102.5,High
368453350,DIVE BOAT II,Feeder Container,33.73634,-118.26947,0.1,False,False,2026-09-07 18:42:48.847255+00:00,2026-09-07,9,0,37,2026,Feeder Container,TraPac,Ningbo,2250.0,0.9,2.0,0,95.0,1,0,0,3,4,102.6,High
367189890,LOREN C             ,Feeder Container,33.75083,-118.17864,0.3,False,False,2026-09-07 18:42:48.847255+00:00,2026-09-07,9,0,37,2026,Feeder Container,Everport,Taipei,2250.0,0.9,2.0,0,95.0,1,0,0,2,8,102.4,High
564900000,CSK LONGEVITY       ,Feeder Container,33.70543,-118.13568,0.3,False,False,2026-09-07 18:42:48.847255+00:00,2026-09-07,9,0,37,2026,Feeder Container,China Shipping,Shenzhen,2250.0,0.9,2.0,0,95.0,1,0,0,1,6,102.5,High
367724740,LA ESPADA ,Feeder Container,33.76241,-118.19495,0.0,False,False,2026-09-07 18:42:48.847255+00:00,2026-09-07,9,0,37,2026,Feeder Container,Everport,Manila,2250.0,0.9,2.0,0,95.0,1,0,0,2,3,102.5,High
367533290,MARIE CHERAMIE,Feeder Container,33.73448,-118.27075,0.0,False,False,2026-09-07 18:42:48.847255+00:00,2026-09-07,9,0,37,2026,Feeder Container,TraPac,Ningbo,2250.0,0.9,2.0,0,95.0,1,0,0,3,4,102.6,High
636023379,MSC LORENZA         ,Feeder Container,33.75172,-118.24138,0.0,False,False,2026-09-07 18:42:48.847255+00:00,2026-09-07,9,0,37,2026,Feeder Container,TraPac,Shenzhen,2250.0,0.9,2.0,0,95.0,1,0,0,3,6,102.5,High
368171390,BROOKS M HAMILTON   ,Feeder Container,33.74271,-118.20604,6.6,False,False,2026-09-07 18:42:48.847255+00:00,2026-09-07,9,0,37,2026,Feeder Container,Yang Ming,Taipei,2250.0,0.9,2.0,0,95.0,1,0,0,4,8,102.4,High
368121190,ASSIST SEAL BEACH   ,Feeder Container,33.7157,-118.18582,5.5,True,False,2026-09-07 18:42:48.847255+00:00,2026-09-07,9,0,37,2026,Feeder Container,Everport,Hong Kong,2250.0,0.9,2.0,0,95.0,1,0,0,2,1,102.5,High
477854200,SILVER MUNA         ,Feeder Container,33.72128,-118.23009,0.1,False,False,2026-09-07 18:42:48.847255+00:00,2026-09-07,9,0,37,2026,Feeder Container,Yang Ming,Shanghai,2250.0,0.9,2.0,0,95.0,1,0,0,4,5,102.5,High
367770980,BILL GOBEL          ,Feeder Container,33.73498,-118.23093,0.0,False,False,2026-09-07 18:42:48.847255+00:00,2026-09-07,9,0,37,2026,Feeder Container,Yang Ming,Singapore,2250.0,0.9,2.0,0,95.0,1,0,0,4,7,102.5,High
338921000,CG GEORGE COBB,Feeder Container,33.72807,-118.2703,0.1,False,False,2026-09-07 18:42:48.847255+00:00,2026-09-07,9,0,37,2026,Feeder Container,TraPac,Manila,2250.0,0.9,2.0,0,95.0,1,0,0,3,3,102.5,High
367395280,CLEAN OCEAN         ,Feeder Container,33.73183,-118.26417,0.0,False,False,2026-09-07 18:42:48.847255+00:00,2026-09-07,9,0,37,2026,Feeder Container,TraPac,Tokyo,2250.0,0.9,2.0,0,95.0,1,0,0,3,9,102.4,High
368418560,WENDY JO            ,Feeder Container,33.77116,-118.21301,0.1,False,False,2026-09-07 18:42:48.847255+00:00,2026-09-07,9,0,37,2026,Feeder Container,Yang Ming,Shenzhen,2250.0,0.9,2.0,0,95.0,1,0,0,4,6,102.5,High
367513170,LASSEN              ,Feeder Container,33.75296,-118.22352,0.1,False,False,2026-09-07 18:42:48.847255+00:00,2026-09-07,9,0,37,2026,Feeder Container,Yang Ming,Shanghai,2250.0,0.9,2.0,0,95.0,1,0,0,4,5,102.5,High
219031114,CANADIAN BULKER     ,Feeder Container,33.72934,-118.14626,0.2,False,False,2026-09-07 18:42:48.847255+00:00,2026-09-07,9,0,37,2026,Feeder Container,China Shipping,Manila,2250.0,0.9,2.0,0,95.0,1,0,0,1,3,102.5,High
367017440,PIPER INNESS        ,Feeder Container,33.7709,-118.21167,0.0,False,False,2026-09-07 18:42:48.847255+00:00,2026-09-07,9,0,37,2026,Feeder Container,Yang Ming,Hong Kong,2250.0,0.9,2.0,0,95.0,1,0,0,4,1,102.5,High
368171260,MADELINE B HAMILTON ,Feeder Container,33.72877,-118.20355,0.3,False,False,2026-09-07 18:42:48.847255+00:00,2026-09-07,9,0,37,2026,Feeder Container,Yang Ming,Shanghai,2250.0,0.9,2.0,0,95.0,1,0,0,4,5,102.5,High
367044560,PILOT BOAT BANNING  ,Feeder Container,33.76281,-118.26561,0.0,False,False,2026-09-07 18:42:48.847255+00:00,2026-09-07,9,0,37,2026,Feeder Container,TraPac,Hong Kong,2250.0,0.9,2.0,0,95.0,1,0,0,3,1,102.5,High
367421990,H R MORRIS          ,Feeder Container,33.753,-118.22074,0.0,False,False,2026-09-07 18:42:48.847255+00:00,2026-09-07,9,0,37,2026,Feeder Container,Yang Ming,Shanghai,2250.0,0.9,2.0,0,95.0,1,0,0,4,5,102.5,High
366886630,EXY JOHNSON,Feeder Container,33.73653,-118.27791,0.0,False,False,2026-09-07 18:42:48.847255+00:00,2026-09-07,9,0,37,2026,Feeder Container,TraPac,Shanghai,2250.0,0.9,2.0,0,95.0,1,0,0,3,5,102.5,High
367569830,BARBARA J MULHOLLAND,Feeder Container,33.76351,-118.2568,0.0,False,False,2026-09-07 18:42:48.847255+00:00,2026-09-07,9,0,37,2026,Feeder Container,TraPac,Tokyo,2250.0,0.9,2.0,0,95.0,1,0,0,3,9,102.4,High
356110000,NEW BOUNDARY        ,Feeder Container,33.70274,-118.20622,0.2,True,True,2026-09-07 18:42:48.847255+00:00,2026-09-07,9,0,37,2026,Feeder Container,Yang Ming,Ningbo,2250.0,0.9,2.0,0,95.0,1,0,0,4,4,102.6,High
368024740,LB PILOT BOAT  ORION,Feeder Container,33.74725,-118.21565,0.0,False,False,2026-09-07 18:42:48.847255+00:00,2026-09-07,9,0,37,2026,Feeder Container,Yang Ming,Ningbo,2250.0,0.9,2.0,0,95.0,1,0,0,4,4,102.6,High
566318000,APL CHONGQING,Feeder Container,33.73326,-118.25301,0.0,False,False,2026-09-07 18:42:48.847255+00:00,2026-09-07,9,0,37,2026,Feeder Container,TraPac,Shanghai,2250.0,0.9,2.0,0,95.0,1,0,0,3,5,102.5,High
367409000,MERLIN              ,Feeder Container,33.72396,-118.28061,0.0,False,False,2026-09-07 18:42:48.847255+00:00,2026-09-07,9,0,37,2026,Feeder Container,APM Terminals,Shanghai,2250.0,0.9,2.0,0,95.0,1,0,0,0,5,102.5,High
563113400,HARRISBURG          ,Feeder Container,33.68157,-118.13807,0.5,False,False,2026-09-07 18:42:48.847255+00:00,2026-09-07,9,0,37,2026,Feeder Container,China Shipping,Taipei,2250.0,0.9,2.0,0,95.0,1,0,0,1,8,102.4,High
367422010,VALKYRIE ,Feeder Container,33.73416,-118.27357,0.0,False,False,2026-09-08 17:53:25.352756+00:00,2026-09-08,9,1,37,2026,Feeder Container,TraPac,Hong Kong,2250.0,0.9,2.0,0,95.0,1,0,0,3,1,102.4,High
367550000,SHANNON             ,Feeder Container,33.74545,-118.22483,0.0,False,False,2026-09-08 17:53:25.352756+00:00,2026-09-08,9,1,37,2026,Feeder Container,Yang Ming,Jakarta,2250.0,0.9,2.0,0,95.0,1,0,0,4,2,102.4,High
367330510,PATRICIA ANN,Feeder Container,33.72894,-118.27543,0.0,False,False,2026-09-08 17:53:25.352756+00:00,2026-09-08,9,1,37,2026,Feeder Container,TraPac,Shanghai,2250.0,0.9,2.0,0,95.0,1,0,0,3,5,102.4,High
368012340,APACHE              ,Feeder Container,33.746,-118.2242,0.0,False,False,2026-09-08 17:53:25.352756+00:00,2026-09-08,9,1,37,2026,Feeder Container,Yang Ming,Jakarta,2250.0,0.9,2.0,0,95.0,1,0,0,4,2,102.4,High
368136950,HERCULES            ,Feeder Container,33.74022,-118.27813,0.0,False,False,2026-09-08 17:53:25.352756+00:00,2026-09-08,9,1,37,2026,Feeder Container,TraPac,Tokyo,2250.0,0.9,2.0,0,95.0,1,0,0,3,9,102.3,High
241437000,MARAN ARETE         ,Feeder Container,33.69477,-118.12386,0.0,False,False,2026-09-08 17:53:25.352756+00:00,2026-09-08,9,1,37,2026,Feeder Container,China Shipping,Singapore,2250.0,0.9,2.0,0,95.0,1,0,0,1,7,102.3,High
477117900,CSCL AUTUMN,Large Container,33.73678,-118.19287,0.0,False,False,2026-09-08 17:53:25.352756+00:00,2026-09-08,9,1,37,2026,Large Container,Everport,Hong Kong,10800.0,0.9,2.0,0,95.0,1,0,1,2,1,102.6,High
636026557,NAVE ORBIT          ,Feeder Container,33.69423,-118.13797,0.0,False,False,2026-09-08 17:53:25.352756+00:00,2026-09-08,9,1,37,2026,Feeder Container,China Shipping,Jakarta,2250.0,0.9,2.0,0,95.0,1,0,0,1,2,102.4,High
366760650,LEADER              ,Feeder Container,33.74021,-118.27796,0.0,False,False,2026-09-08 17:53:25.352756+00:00,2026-09-08,9,1,37,2026,Feeder Container,TraPac,Tokyo,2250.0,0.9,2.0,0,95.0,1,0,0,3,9,102.3,High
367569830,BARBARA J MULHOLLAND,Feeder Container,33.76365,-118.25703,0.0,False,False,2026-09-08 17:53:25.352756+00:00,2026-09-08,9,1,37,2026,Feeder Container,TraPac,Singapore,2250.0,0.9,2.0,0,95.0,1,0,0,3,7,102.3,High
219031114,CANADIAN BULKER     ,Feeder Container,33.74964,-118.2088,0.0,False,False,2026-09-08 17:53:25.352756+00:00,2026-09-08,9,1,37,2026,Feeder Container,Yang Ming,Taipei,2250.0,0.9,2.0,0,95.0,1,0,0,4,8,102.3,High
338525147,DEFIANT             ,Feeder Container,33.72357,-118.28068,0.0,False,False,2026-09-08 17:53:25.352756+00:00,2026-09-08,9,1,37,2026,Feeder Container,APM Terminals,Hong Kong,2250.0,0.9,2.0,0,95.0,1,0,0,0,1,102.4,High
367760290,FIREBOAT 15,Feeder Container,33.74797,-118.21564,0.4,False,False,2026-09-08 17:53:25.352756+00:00,2026-09-08,9,1,37,2026,Feeder Container,Yang Ming,Tokyo,2250.0,0.9,2.0,0,95.0,1,0,0,4,9,102.3,High
366760710,REDONDO             ,Feeder Container,33.73253,-118.1977,7.0,False,False,2026-09-08 17:53:25.352756+00:00,2026-09-08,9,1,37,2026,Feeder Container,Everport,Tokyo,2250.0,0.9,2.0,0,95.0,1,0,0,2,9,102.3,High
477203100,OOCL BERLIN         ,Feeder Container,33.75761,-118.21401,0.0,False,False,2026-09-08 17:53:25.352756+00:00,2026-09-08,9,1,37,2026,Feeder Container,Yang Ming,Ningbo,2250.0,0.9,2.0,0,95.0,1,0,0,4,4,102.5,High
368084540,DELTA TERESA        ,Feeder Container,33.73984,-118.27805,0.0,False,False,2026-09-08 17:53:25.352756+00:00,2026-09-08,9,1,37,2026,Feeder Container,TraPac,Ningbo,2250.0,0.9,2.0,0,95.0,1,0,0,3,4,102.5,High
368165820,V.A.POINT FERMIN    ,Feeder Container,33.72346,-118.28052,0.0,False,False,2026-09-08 17:53:25.352756+00:00,2026-09-08,9,1,37,2026,Feeder Container,APM Terminals,Busan,2250.0,0.9,2.0,0,95.0,1,0,0,0,0,101.9,High
367014480,DURANGO             ,Feeder Container,33.74094,-118.19513,0.1,False,False,2026-09-08 17:53:25.352756+00:00,2026-09-08,9,1,37,2026,Feeder Container,Everport,Manila,2250.0,0.9,2.0,0,95.0,1,0,0,2,3,102.4,High
636092799,CISNES,Large Container,33.7323,-118.24766,0.0,False,False,2026-09-08 17:53:25.352756+00:00,2026-09-08,9,1,37,2026,Large Container,TraPac,Ningbo,10800.0,0.9,2.0,0,95.0,1,0,1,3,4,102.7,High
636020916,PACIFIC RUBY        ,Feeder Container,33.74856,-118.21098,0.0,False,False,2026-09-08 17:53:25.352756+00:00,2026-09-08,9,1,37,2026,Feeder Container,Yang Ming,Hong Kong,2250.0,0.9,2.0,0,95.0,1,0,0,4,1,102.4,High
636018106,MSC CARLOTTA        ,Feeder Container,33.75456,-118.23145,0.0,False,False,2026-09-08 17:53:25.352756+00:00,2026-09-08,9,1,37,2026,Feeder Container,Yang Ming,Tokyo,2250.0,0.9,2.0,0,95.0,1,0,0,4,9,102.3,High
368171390,BROOKS M HAMILTON   ,Feeder Container,33.73085,-118.26196,0.0,False,False,2026-09-08 17:53:25.352756+00:00,2026-09-08,9,1,37,2026,Feeder Container,TraPac,Hong Kong,2250.0,0.9,2.0,0,95.0,1,0,0,3,1,102.4,High
368088820,MORTY               ,Feeder Container,33.74249,-118.19608,0.0,False,False,2026-09-08 17:53:25.352756+00:00,2026-09-08,9,1,37,2026,Feeder Container,Everport,Manila,2250.0,0.9,2.0,0,95.0,1,0,0,2,3,102.4,High
366870730,PUP                 ,Feeder Container,33.75317,-118.22009,0.1,False,False,2026-09-08 17:53:25.352756+00:00,2026-09-08,9,1,37,2026,Feeder Container,Yang Ming,Ningbo,2250.0,0.9,2.0,0,95.0,1,0,0,4,4,102.5,High
367019310,QUIN DELTA          ,Feeder Container,33.73452,-118.23925,0.0,False,False,2026-09-08 17:53:25.352756+00:00,2026-09-08,9,1,37,2026,Feeder Container,Yang Ming,Shenzhen,2250.0,0.9,2.0,0,95.0,1,0,0,4,6,102.4,High
367492920,WYATT M             ,Feeder Container,33.73551,-118.27115,0.0,False,False,2026-09-08 17:53:25.352756+00:00,2026-09-08,9,1,37,2026,Feeder Container,TraPac,Manila,2250.0,0.9,2.0,0,95.0,1,0,0,3,3,102.4,High
305749000,BBC NAGASAKI        ,Feeder Container,33.72842,-118.22961,0.0,False,False,2026-09-08 17:53:25.352756+00:00,2026-09-08,9,1,37,2026,Feeder Container,Yang Ming,Ningbo,2250.0,0.9,2.0,0,95.0,1,0,0,4,4,102.5,High
366998840,MILLENIUM MAVERICK  ,Feeder Container,33.76392,-118.25682,0.0,False,False,2026-09-08 17:53:25.352756+00:00,2026-09-08,9,1,37,2026,Feeder Container,TraPac,Ningbo,2250.0,0.9,2.0,0,95.0,1,0,0,3,4,102.5,High
636024673,HMM TURQUOISE       ,Feeder Container,33.73343,-118.24376,0.0,False,False,2026-09-08 17:53:25.352756+00:00,2026-09-08,9,1,37,2026,Feeder Container,TraPac,Jakarta,2250.0,0.9,2.0,0,95.0,1,0,0,3,2,102.4,High
368010330,LILLIAN FOSS        ,Feeder Container,33.77098,-118.21133,0.0,False,False,2026-09-08 17:53:25.352756+00:00,2026-09-08,9,1,37,2026,Feeder Container,Yang Ming,Ningbo,2250.0,0.9,2.0,0,95.0,1,0,0,4,4,102.5,High
367625810,DELTA AUDREY        ,Feeder Container,33.73977,-118.27795,0.0,False,False,2026-09-08 17:53:25.352756+00:00,2026-09-08,9,1,37,2026,Feeder Container,TraPac,Taipei,2250.0,0.9,2.0,0,95.0,1,0,0,3,8,102.3,High
368165030,V.A. SAN PEDRO      ,Feeder Container,33.72341,-118.2805,0.0,False,False,2026-09-08 17:53:25.352756+00:00,2026-09-08,9,1,37,2026,Feeder Container,APM Terminals,Jakarta,2250.0,0.9,2.0,0,95.0,1,0,0,0,2,102.4,High
368133450,DARRELL HIATT       ,Feeder Container,33.73074,-118.26239,0.0,False,False,2026-09-08 17:53:25.352756+00:00,2026-09-08,9,1,37,2026,Feeder Container,TraPac,Shenzhen,2250.0,0.9,2.0,0,95.0,1,0,0,3,6,102.4,High
367396670,Z-THREE             ,Feeder Container,33.73391,-118.2032,9.7,False,False,2026-09-08 17:53:25.352756+00:00,2026-09-08,9,1,37,2026,Feeder Container,Yang Ming,Busan,2250.0,0.9,2.0,0,95.0,1,0,0,4,0,101.9,High
366943970,ISLANDER EXPRESSS,Feeder Container,33.74993,-118.27349,0.0,False,False,2026-09-08 17:53:25.352756+00:00,2026-09-08,9,1,37,2026,Feeder Container,TraPac,Taipei,2250.0,0.9,2.0,0,95.0,1,0,0,3,8,102.3,High
303200000, COLLETTE C,Feeder Container,33.74502,-118.22439,0.0,False,False,2026-09-08 17:53:25.352756+00:00,2026-09-08,9,1,37,2026,Feeder Container,Yang Ming,Singapore,2250.0,0.9,2.0,0,95.0,1,0,0,4,7,102.3,High
368000890,ELIZABETH C         ,Feeder Container,33.74444,-118.22417,0.0,False,False,2026-09-08 17:53:25.352756+00:00,2026-09-08,9,1,37,2026,Feeder Container,Yang Ming,Tokyo,2250.0,0.9,2.0,0,95.0,1,0,0,4,9,102.3,High
416464000,YM UNICORN          ,Feeder Container,33.75433,-118.2755,0.0,False,False,2026-09-08 17:53:25.352756+00:00,2026-09-08,9,1,37,2026,Feeder Container,TraPac,Taipei,2250.0,0.9,2.0,0,95.0,1,0,0,3,8,102.3,High
367424810,CUB                 ,Feeder Container,33.74495,-118.21576,7.6,False,False,2026-09-08 17:53:25.352756+00:00,2026-09-08,9,1,37,2026,Feeder Container,Yang Ming,Singapore,2250.0,0.9,2.0,0,95.0,1,0,0,4,7,102.3,High
368418560,WENDY JO            ,Feeder Container,33.77115,-118.21301,0.1,False,False,2026-09-08 17:53:25.352756+00:00,2026-09-08,9,1,37,2026,Feeder Container,Yang Ming,Taipei,2250.0,0.9,2.0,0,95.0,1,0,0,4,8,102.3,High
367034960,PONO                ,Feeder Container,33.76742,-118.21699,0.0,False,False,2026-09-08 17:53:25.352756+00:00,2026-09-08,9,1,37,2026,Feeder Container,Yang Ming,Jakarta,2250.0,0.9,2.0,0,95.0,1,0,0,4,2,102.4,High
338366226,V.A.POINT VICENTE   ,Feeder Container,33.72339,-118.28067,0.0,False,False,2026-09-08 17:53:25.352756+00:00,2026-09-08,9,1,37,2026,Feeder Container,APM Terminals,Singapore,2250.0,0.9,2.0,0,95.0,1,0,0,0,7,102.3,High
477922100,GUTHORM MAERSK      ,Feeder Container,33.7297,-118.25639,0.0,False,False,2026-09-08 17:53:25.352756+00:00,2026-09-08,9,1,37,2026,Feeder Container,TraPac,Tokyo,2250.0,0.9,2.0,0,95.0,1,0,0,3,9,102.3,High
367396710,Z FOUR,Feeder Container,33.72044,-118.26751,6.7,False,False,2026-09-08 17:53:25.352756+00:00,2026-09-08,9,1,37,2026,Feeder Container,TraPac,Hong Kong,2250.0,0.9,2.0,0,95.0,1,0,0,3,1,102.4,High
368171260,MADELINE B HAMILTON ,Feeder Container,33.73601,-118.2242,0.4,False,False,2026-09-08 17:53:25.352756+00:00,2026-09-08,9,1,37,2026,Feeder Container,Yang Ming,Shenzhen,2250.0,0.9,2.0,0,95.0,1,0,0,4,6,102.4,High
351780000,MARTORELL           ,Feeder Container,33.76688,-118.25393,0.0,False,False,2026-09-08 17:53:25.352756+00:00,2026-09-08,9,1,37,2026,Feeder Container,TraPac,Jakarta,2250.0,0.9,2.0,0,95.0,1,0,0,3,2,102.4,High
367309720,GRETCHEN C          ,Feeder Container,33.75361,-118.22402,0.0,False,False,2026-09-08 17:53:25.352756+00:00,2026-09-08,9,1,37,2026,Feeder Container,Yang Ming,Hong Kong,2250.0,0.9,2.0,0,95.0,1,0,0,4,1,102.4,High
367513170,LASSEN              ,Feeder Container,33.74343,-118.19962,0.0,False,False,2026-09-08 17:53:25.352756+00:00,2026-09-08,9,1,37,2026,Feeder Container,Everport,Taipei,2250.0,0.9,2.0,0,95.0,1,0,0,2,8,102.3,High
636021672,GREEN PARANAGUA     ,Feeder Container,33.75714,-118.26296,0.0,False,False,2026-09-08 17:53:25.352756+00:00,2026-09-08,9,1,37,2026,Feeder Container,TraPac,Jakarta,2250.0,0.9,2.0,0,95.0,1,0,0,3,2,102.4,High
311056900,CSL TECUMSEH        ,Feeder Container,33.76895,-118.2172,0.0,False,False,2026-09-08 17:53:25.352756+00:00,2026-09-08,9,1,37,2026,Feeder Container,Yang Ming,Manila,2250.0,0.9,2.0,0,95.0,1,0,0,4,3,102.4,High
368024740,LB PILOT BOAT  ORION,Feeder Container,33.74724,-118.21566,0.0,False,False,2026-09-08 17:53:25.352756+00:00,2026-09-08,9,1,37,2026,Feeder Container,Yang Ming,Shenzhen,2250.0,0.9,2.0,0,95.0,1,0,0,4,6,102.4,High
367704150,KRISTINA            ,Feeder Container,33.76223,-118.19548,0.0,False,False,2026-09-08 17:53:25.352756+00:00,2026-09-08,9,1,37,2026,Feeder Container,Everport,Jakarta,2250.0,0.9,2.0,0,95.0,1,0,0,2,2,102.4,High
367044560,PILOT BOAT BANNING  ,Feeder Container,33.76281,-118.2656,0.0,False,False,2026-09-08 17:53:25.352756+00:00,2026-09-08,9,1,37,2026,Feeder Container,TraPac,Shenzhen,2250.0,0.9,2.0,0,95.0,1,0,0,3,6,102.4,High
355263000,CARNIVAL RADIANCE,Feeder Container,33.75035,-118.18681,0.1,False,False,2026-09-08 17:53:25.352756+00:00,2026-09-08,9,1,37,2026,Feeder Container,Everport,Ningbo,2250.0,0.9,2.0,0,95.0,1,0,0,2,4,102.5,High
636091473,MATSON WAIKIKI,Feeder Container,33.76839,-118.2342,0.0,False,False,2026-09-08 17:53:25.352756+00:00,2026-09-08,9,1,37,2026,Feeder Container,Yang Ming,Shanghai,2250.0,0.9,2.0,0,95.0,1,0,0,4,5,102.4,High
477128700,OOCL VIOLET         ,Feeder Container,33.76129,-118.21405,0.0,False,False,2026-09-08 17:53:25.352756+00:00,2026-09-08,9,1,37,2026,Feeder Container,Yang Ming,Shanghai,2250.0,0.9,2.0,0,95.0,1,0,0,4,5,102.4,High
477427500,COSCO BELGIUM       ,Feeder Container,33.75374,-118.21418,0.0,False,False,2026-09-08 17:53:25.352756+00:00,2026-09-08,9,1,37,2026,Feeder Container,Yang Ming,Hong Kong,2250.0,0.9,2.0,0,95.0,1,0,0,4,1,102.4,High
538005679,SILVER MONIKA       ,Feeder Container,33.75601,-118.26824,0.0,False,False,2026-09-08 17:53:25.352756+00:00,2026-09-08,9,1,37,2026,Feeder Container,TraPac,Busan,2250.0,0.9,2.0,0,95.0,1,0,0,3,0,101.9,High
338118674,BAYWATCH19          ,Feeder Container,33.72625,-118.26902,0.1,False,False,2026-09-08 17:53:25.352756+00:00,2026-09-08,9,1,37,2026,Feeder Container,TraPac,Singapore,2250.0,0.9,2.0,0,95.0,1,0,0,3,7,102.3,High
368237190,GO BEYOND           ,Feeder Container,33.74601,-118.2247,0.1,False,False,2026-09-08 17:53:25.352756+00:00,2026-09-08,9,1,37,2026,Feeder Container,Yang Ming,Taipei,2250.0,0.9,2.0,0,95.0,1,0,0,4,8,102.3,High
563194900,WAN HAI A03         ,Feeder Container,33.75858,-118.25928,0.0,False,False,2026-09-08 17:53:25.352756+00:00,2026-09-08,9,1,37,2026,Feeder Container,TraPac,Hong Kong,2250.0,0.9,2.0,0,95.0,1,0,0,3,1,102.4,High
368351350,MARMAC 304          ,Feeder Container,33.74418,-118.22461,0.0,False,False,2026-09-08 17:53:25.352756+00:00,2026-09-08,9,1,37,2026,Feeder Container,Yang Ming,Taipei,2250.0,0.9,2.0,0,95.0,1,0,0,4,8,102.3,High
367401030,DELTA BILLIE        ,Feeder Container,33.73975,-118.27825,0.0,False,False,2026-09-08 17:53:25.352756+00:00,2026-09-08,9,1,37,2026,Feeder Container,TraPac,Tokyo,2250.0,0.9,2.0,0,95.0,1,0,0,3,9,102.3,High
367035570,AMERICAN ISLANDER   ,Feeder Container,33.72626,-118.19072,10.2,False,False,2026-09-08 17:53:25.352756+00:00,2026-09-08,9,1,37,2026,Feeder Container,Everport,Manila,2250.0,0.9,2.0,0,95.0,1,0,0,2,3,102.4,High
369008000,ELIZABETH ANNE      ,Feeder Container,33.7671,-118.25302,0.0,False,False,2026-09-08 17:53:25.352756+00:00,2026-09-08,9,1,37,2026,Feeder Container,TraPac,Tokyo,2250.0,0.9,2.0,0,95.0,1,0,0,3,9,102.3,High
366998840,MILLENIUM MAVERICK  ,Feeder Container,33.76393,-118.25683,0.0,False,False,2026-09-09 17:46:51.596852+00:00,2026-09-09,9,2,37,2026,Feeder Container,TraPac,Singapore,2250.0,0.9,2.0,0,95.0,1,0,0,3,7,102.3,High
367569830,BARBARA J MULHOLLAND,Feeder Container,33.75824,-118.21847,0.0,False,False,2026-09-09 17:46:51.596852+00:00,2026-09-09,9,2,37,2026,Feeder Container,Yang Ming,Shanghai,2250.0,0.9,2.0,0,95.0,1,0,0,4,5,102.4,High
367724740,LA ESPADA ,Feeder Container,33.76,-118.21872,7.3,False,False,2026-09-09 17:46:51.596852+00:00,2026-09-09,9,2,37,2026,Feeder Container,Yang Ming,Shanghai,2250.0,0.9,2.0,0,95.0,1,0,0,4,5,102.4,High
356110000,NEW BOUNDARY        ,Feeder Container,33.70215,-118.20871,0.4,True,True,2026-09-09 17:46:51.596852+00:00,2026-09-09,9,2,37,2026,Feeder Container,Yang Ming,Ningbo,2250.0,0.9,2.0,0,95.0,1,0,0,4,4,102.5,High
367034960,PONO,Feeder Container,33.73268,-118.20261,0.3,False,False,2026-09-09 17:46:51.596852+00:00,2026-09-09,9,2,37,2026,Feeder Container,Yang Ming,Hong Kong,2250.0,0.9,2.0,0,95.0,1,0,0,4,1,102.4,High
636026557,NAVE ORBIT          ,Feeder Container,33.68039,-118.15474,9.0,False,False,2026-09-09 17:46:51.596852+00:00,2026-09-09,9,2,37,2026,Feeder Container,China Shipping,Taipei,2250.0,0.9,2.0,0,95.0,1,0,0,1,8,102.3,High
367452280,LAGUNA              ,Feeder Container,33.7363,-118.15004,0.1,False,False,2026-09-09 17:46:51.596852+00:00,2026-09-09,9,2,37,2026,Feeder Container,China Shipping,Ningbo,2250.0,0.9,2.0,0,95.0,1,0,0,1,4,102.5,High
367672140,MAURETANIA          ,Feeder Container,33.72352,-118.28043,0.0,False,False,2026-09-09 17:46:51.596852+00:00,2026-09-09,9,2,37,2026,Feeder Container,APM Terminals,Busan,2250.0,0.9,2.0,0,95.0,1,0,0,0,0,101.9,High
367309720,GRETCHEN C          ,Feeder Container,33.73489,-118.23824,1.4,False,False,2026-09-09 17:46:51.596852+00:00,2026-09-09,9,2,37,2026,Feeder Container,Yang Ming,Singapore,2250.0,0.9,2.0,0,95.0,1,0,0,4,7,102.3,High
367421990,H R MORRIS,Feeder Container,33.75299,-118.22073,0.0,False,False,2026-09-09 17:46:51.596852+00:00,2026-09-09,9,2,37,2026,Feeder Container,Yang Ming,Singapore,2250.0,0.9,2.0,0,95.0,1,0,0,4,7,102.3,High
367422010,VALKYRIE ,Feeder Container,33.7342,-118.27357,0.0,False,False,2026-09-09 17:46:51.596852+00:00,2026-09-09,9,2,37,2026,Feeder Container,TraPac,Manila,2250.0,0.9,2.0,0,95.0,1,0,0,3,3,102.4,High
368024740,LB PILOT BOAT  ORION,Feeder Container,33.74723,-118.21566,0.0,False,False,2026-09-09 17:46:51.596852+00:00,2026-09-09,9,2,37,2026,Feeder Container,Yang Ming,Singapore,2250.0,0.9,2.0,0,95.0,1,0,0,4,7,102.3,High
366760650,LEADER              ,Feeder Container,33.74028,-118.2781,0.0,False,False,2026-09-09 17:46:51.596852+00:00,2026-09-09,9,2,37,2026,Feeder Container,TraPac,Taipei,2250.0,0.9,2.0,0,95.0,1,0,0,3,8,102.3,High
368266520,HERO                ,Feeder Container,33.7497,-118.21715,7.5,False,False,2026-09-09 17:46:51.596852+00:00,2026-09-09,9,2,37,2026,Feeder Container,Yang Ming,Jakarta,2250.0,0.9,2.0,0,95.0,1,0,0,4,2,102.4,High
367625810,DELTA AUDREY,Feeder Container,33.7398,-118.27824,0.0,False,False,2026-09-09 17:46:51.596852+00:00,2026-09-09,9,2,37,2026,Feeder Container,TraPac,Busan,2250.0,0.9,2.0,0,95.0,1,0,0,3,0,101.9,High
367396710,Z FOUR,Feeder Container,33.72606,-118.19625,8.1,False,False,2026-09-09 17:46:51.596852+00:00,2026-09-09,9,2,37,2026,Feeder Container,Everport,Singapore,2250.0,0.9,2.0,0,95.0,1,0,0,2,7,102.3,High
338118674,BAYWATCH19          ,Feeder Container,33.72624,-118.26904,0.1,False,False,2026-09-09 17:46:51.596852+00:00,2026-09-09,9,2,37,2026,Feeder Container,TraPac,Taipei,2250.0,0.9,2.0,0,95.0,1,0,0,3,8,102.3,High
367396670,Z-THREE             ,Feeder Container,33.76723,-118.23458,8.2,False,False,2026-09-09 17:46:51.596852+00:00,2026-09-09,9,2,37,2026,Feeder Container,Yang Ming,Taipei,2250.0,0.9,2.0,0,95.0,1,0,0,4,8,102.3,High
368171390,BROOKS M HAMILTON   ,Feeder Container,33.7309,-118.26098,0.8,False,False,2026-09-09 17:46:51.596852+00:00,2026-09-09,9,2,37,2026,Feeder Container,TraPac,Hong Kong,2250.0,0.9,2.0,0,95.0,1,0,0,3,1,102.4,High
367014480,DURANGO             ,Feeder Container,33.76692,-118.2212,1.8,False,False,2026-09-09 17:46:51.596852+00:00,2026-09-09,9,2,37,2026,Feeder Container,Yang Ming,Hong Kong,2250.0,0.9,2.0,0,95.0,1,0,0,4,1,102.4,High
431718000,RIGEL LEADER        ,Feeder Container,33.70176,-118.15173,0.1,False,False,2026-09-09 17:46:51.596852+00:00,2026-09-09,9,2,37,2026,Feeder Container,China Shipping,Ningbo,2250.0,0.9,2.0,0,95.0,1,0,0,1,4,102.5,High
367409000,MERLIN,Feeder Container,33.72393,-118.28065,0.0,False,False,2026-09-09 17:46:51.596852+00:00,2026-09-09,9,2,37,2026,Feeder Container,APM Terminals,Ningbo,2250.0,0.9,2.0,0,95.0,1,0,0,0,4,102.5,High
366562000,MANOA               ,Feeder Container,33.76899,-118.21906,0.0,False,False,2026-09-09 17:46:51.596852+00:00,2026-09-09,9,2,37,2026,Feeder Container,Yang Ming,Taipei,2250.0,0.9,2.0,0,95.0,1,0,0,4,8,102.3,High
368171260,MADELINE B HAMILTON ,Feeder Container,33.73683,-118.21528,0.0,False,False,2026-09-09 17:46:51.596852+00:00,2026-09-09,9,2,37,2026,Feeder Container,Yang Ming,Singapore,2250.0,0.9,2.0,0,95.0,1,0,0,4,7,102.3,High
366926740,TIM QUIGG,Feeder Container,33.76372,-118.25675,0.0,False,False,2026-09-09 17:46:51.596852+00:00,2026-09-09,9,2,37,2026,Feeder Container,TraPac,Tokyo,2250.0,0.9,2.0,0,95.0,1,0,0,3,9,102.3,High
303200000, COLLETTE C,Feeder Container,33.75365,-118.22397,0.0,False,False,2026-09-09 17:46:51.596852+00:00,2026-09-09,9,2,37,2026,Feeder Container,Yang Ming,Shenzhen,2250.0,0.9,2.0,0,95.0,1,0,0,4,6,102.4,High
338366226,V.A.POINT VICENTE   ,Feeder Container,33.72337,-118.28066,0.0,False,False,2026-09-09 17:46:51.596852+00:00,2026-09-09,9,2,37,2026,Feeder Container,APM Terminals,Taipei,2250.0,0.9,2.0,0,95.0,1,0,0,0,8,102.3,High
367513170,LASSEN              ,Feeder Container,33.75296,-118.22353,0.0,False,False,2026-09-09 17:46:51.596852+00:00,2026-09-09,9,2,37,2026,Feeder Container,Yang Ming,Ningbo,2250.0,0.9,2.0,0,95.0,1,0,0,4,4,102.5,High
368418560,WENDY JO            ,Feeder Container,33.77116,-118.21298,0.0,False,False,2026-09-09 17:46:51.596852+00:00,2026-09-09,9,2,37,2026,Feeder Container,Yang Ming,Ningbo,2250.0,0.9,2.0,0,95.0,1,0,0,4,4,102.5,High
369008000,ELIZABETH ANNE,Feeder Container,33.7295,-118.21085,0.2,False,False,2026-09-09 17:46:51.596852+00:00,2026-09-09,9,2,37,2026,Feeder Container,Yang Ming,Hong Kong,2250.0,0.9,2.0,0,95.0,1,0,0,4,1,102.4,High
366892000,JAMIE ANN           ,Feeder Container,33.75637,-118.2179,0.1,False,False,2026-09-09 17:46:51.596852+00:00,2026-09-09,9,2,37,2026,Feeder Container,Yang Ming,Shenzhen,2250.0,0.9,2.0,0,95.0,1,0,0,4,6,102.4,High
368165030,V.A. SAN PEDRO      ,Feeder Container,33.72342,-118.2805,0.1,False,False,2026-09-09 17:46:51.596852+00:00,2026-09-09,9,2,37,2026,Feeder Container,APM Terminals,Manila,2250.0,0.9,2.0,0,95.0,1,0,0,0,3,102.4,High
366870730,PUP                 ,Feeder Container,33.75299,-118.2204,0.1,False,False,2026-09-09 17:46:51.596852+00:00,2026-09-09,9,2,37,2026,Feeder Container,Yang Ming,Shanghai,2250.0,0.9,2.0,0,95.0,1,0,0,4,5,102.4,High
367330510,PATRICIA ANN,Feeder Container,33.72894,-118.27545,0.1,False,False,2026-09-09 17:46:51.596852+00:00,2026-09-09,9,2,37,2026,Feeder Container,TraPac,Singapore,2250.0,0.9,2.0,0,95.0,1,0,0,3,7,102.3,High
368136950,HERCULES            ,Feeder Container,33.74023,-118.278,0.0,False,False,2026-09-09 17:46:51.596852+00:00,2026-09-09,9,2,37,2026,Feeder Container,TraPac,Busan,2250.0,0.9,2.0,0,95.0,1,0,0,3,0,101.9,High
367550000,SHANNON,Feeder Container,33.74545,-118.22488,0.1,False,False,2026-09-09 17:46:51.596852+00:00,2026-09-09,9,2,37,2026,Feeder Container,Yang Ming,Taipei,2250.0,0.9,2.0,0,95.0,1,0,0,4,8,102.3,High
241437000,MARAN ARETE         ,Feeder Container,33.69608,-118.12747,0.2,False,False,2026-09-09 17:46:51.596852+00:00,2026-09-09,9,2,37,2026,Feeder Container,China Shipping,Tokyo,2250.0,0.9,2.0,0,95.0,1,0,0,1,9,102.3,High
477117900,CSCL AUTUMN         ,Feeder Container,33.73686,-118.19275,0.0,False,False,2026-09-09 17:46:51.596852+00:00,2026-09-09,9,2,37,2026,Feeder Container,Everport,Singapore,2250.0,0.9,2.0,0,95.0,1,0,0,2,7,102.3,High
368084540,DELTA TERESA        ,Feeder Container,33.7398,-118.27793,0.0,False,False,2026-09-09 17:46:51.596852+00:00,2026-09-09,9,2,37,2026,Feeder Container,TraPac,Manila,2250.0,0.9,2.0,0,95.0,1,0,0,3,3,102.4,High
367691660,BIBI                ,Feeder Container,33.74878,-118.11408,0.1,False,False,2026-09-09 17:46:51.596852+00:00,2026-09-09,9,2,37,2026,Feeder Container,China Shipping,Hong Kong,2250.0,0.9,2.0,0,95.0,1,0,0,1,1,102.4,High
431123000,PIRIKA MOSIRI MARU  ,Feeder Container,33.74761,-118.20683,0.0,False,False,2026-09-09 17:46:51.596852+00:00,2026-09-09,9,2,37,2026,Feeder Container,Yang Ming,Shenzhen,2250.0,0.9,2.0,0,95.0,1,0,0,4,6,102.4,High
338525791,AERAS-1,Feeder Container,33.77197,-118.20905,0.0,False,False,2026-09-09 17:46:51.596852+00:00,2026-09-09,9,2,37,2026,Feeder Container,Yang Ming,Singapore,2250.0,0.9,2.0,0,95.0,1,0,0,4,7,102.3,High
368133450,DARRELL HIATT       ,Feeder Container,33.73072,-118.26238,0.0,False,False,2026-09-09 17:46:51.596852+00:00,2026-09-09,9,2,37,2026,Feeder Container,TraPac,Busan,2250.0,0.9,2.0,0,95.0,1,0,0,3,0,101.9,High
367004260,CABRILLO            ,Feeder Container,33.76758,-118.21687,0.0,False,False,2026-09-09 17:46:51.596852+00:00,2026-09-09,9,2,37,2026,Feeder Container,Yang Ming,Singapore,2250.0,0.9,2.0,0,95.0,1,0,0,4,7,102.3,High
368164540,ANGELS NAVIGATOR    ,Feeder Container,33.72161,-118.27133,0.1,False,False,2026-09-09 17:46:51.596852+00:00,2026-09-09,9,2,37,2026,Feeder Container,TraPac,Hong Kong,2250.0,0.9,2.0,0,95.0,1,0,0,3,1,102.4,High
477203100,OOCL BERLIN         ,Feeder Container,33.7572,-118.2144,0.0,False,False,2026-09-09 17:46:51.596852+00:00,2026-09-09,9,2,37,2026,Feeder Container,Yang Ming,Singapore,2250.0,0.9,2.0,0,95.0,1,0,0,4,7,102.3,High
352004278,SEASPAN GARIBALDI   ,Feeder Container,33.73471,-118.14173,0.1,False,False,2026-09-09 17:46:51.596852+00:00,2026-09-09,9,2,37,2026,Feeder Container,China Shipping,Singapore,2250.0,0.9,2.0,0,95.0,1,0,0,1,7,102.3,High
367424810,CUB                 ,Feeder Container,33.75291,-118.22036,0.0,False,False,2026-09-09 17:46:51.596852+00:00,2026-09-09,9,2,37,2026,Feeder Container,Yang Ming,Jakarta,2250.0,0.9,2.0,0,95.0,1,0,0,4,2,102.4,High
368375410,METS-3              ,Feeder Container,33.76802,-118.25257,0.0,False,False,2026-09-09 17:46:51.596852+00:00,2026-09-09,9,2,37,2026,Feeder Container,TraPac,Manila,2250.0,0.9,2.0,0,95.0,1,0,0,3,3,102.4,High
566705000,APL DUBLIN,Feeder Container,33.73318,-118.25306,0.0,False,False,2026-09-09 17:46:51.596852+00:00,2026-09-09,9,2,37,2026,Feeder Container,TraPac,Jakarta,2250.0,0.9,2.0,0,95.0,1,0,0,3,2,102.4,High
566673000,EVER LAUREL         ,Feeder Container,33.74312,-118.27356,0.0,False,False,2026-09-09 17:46:51.596852+00:00,2026-09-09,9,2,37,2026,Feeder Container,TraPac,Singapore,2250.0,0.9,2.0,0,95.0,1,0,0,3,7,102.3,High
538070708,CIELO MARE          ,Feeder Container,33.72414,-118.27972,0.0,False,False,2026-09-09 17:46:51.596852+00:00,2026-09-09,9,2,37,2026,Feeder Container,TraPac,Manila,2250.0,0.9,2.0,0,95.0,1,0,0,3,3,102.4,High
367401030,DELTA BILLIE        ,Feeder Container,33.73977,-118.27805,0.0,False,False,2026-09-09 17:46:51.596852+00:00,2026-09-09,9,2,37,2026,Feeder Container,TraPac,Shenzhen,2250.0,0.9,2.0,0,95.0,1,0,0,3,6,102.4,High
636024673,HMM TURQUOISE       ,Feeder Container,33.73354,-118.24375,0.0,False,False,2026-09-09 17:46:51.596852+00:00,2026-09-09,9,2,37,2026,Feeder Container,TraPac,Jakarta,2250.0,0.9,2.0,0,95.0,1,0,0,3,2,102.4,High
212510000,KYPROS LOYALTY      ,Feeder Container,33.74677,-118.20673,0.0,False,False,2026-09-09 17:46:51.596852+00:00,2026-09-09,9,2,37,2026,Feeder Container,Yang Ming,Busan,2250.0,0.9,2.0,0,95.0,1,0,0,4,0,101.9,High
368088820,MORTY               ,Feeder Container,33.74263,-118.19474,0.0,False,False,2026-09-09 17:46:51.596852+00:00,2026-09-09,9,2,37,2026,Feeder Container,Everport,Jakarta,2250.0,0.9,2.0,0,95.0,1,0,0,2,2,102.4,High
338241000,MAERSK KINLOSS,Feeder Container,33.7269,-118.25941,0.0,False,False,2026-09-09 17:46:51.596852+00:00,2026-09-09,9,2,37,2026,Feeder Container,TraPac,Jakarta,2250.0,0.9,2.0,0,95.0,1,0,0,3,2,102.4,High
416464000,YM UNICORN          ,Feeder Container,33.75433,-118.2755,0.0,False,False,2026-09-09 17:46:51.596852+00:00,2026-09-09,9,2,37,2026,Feeder Container,TraPac,Manila,2250.0,0.9,2.0,0,95.0,1,0,0,3,3,102.4,High
367330510,PATRICIA ANN,Feeder Container,33.76291,-118.25685,7.3,False,False,2026-09-10 17:39:30.887752+00:00,2026-09-10,9,3,37,2026,Feeder Container,TraPac,Taipei,2250.0,0.9,2.0,0,95.0,1,0,0,3,8,102.2,High
366994250,MASCO ENDEAVOR      ,Feeder Container,33.7319,-118.26425,0.0,False,False,2026-09-10 17:39:30.887752+00:00,2026-09-10,9,3,37,2026,Feeder Container,TraPac,Hong Kong,2250.0,0.9,2.0,0,95.0,1,0,0,3,1,102.3,High
338366226,V.A.POINT VICENTE   ,Feeder Container,33.72337,-118.2807,0.0,False,False,2026-09-10 17:39:30.887752+00:00,2026-09-10,9,3,37,2026,Feeder Container,APM Terminals,Singapore,2250.0,0.9,2.0,0,95.0,1,0,0,0,7,102.3,High
367014480,DURANGO             ,Feeder Container,33.76705,-118.22044,0.1,False,False,2026-09-10 17:39:30.887752+00:00,2026-09-10,9,3,37,2026,Feeder Container,Yang Ming,Tokyo,2250.0,0.9,2.0,0,95.0,1,0,0,4,9,102.2,High
367724740,LA ESPADA ,Feeder Container,33.76226,-118.19498,0.0,False,False,2026-09-10 17:39:30.887752+00:00,2026-09-10,9,3,37,2026,Feeder Container,Everport,Shanghai,2250.0,0.9,2.0,0,95.0,1,0,0,2,5,102.4,High
477922100,GUTHORM MAERSK      ,Feeder Container,33.73068,-118.25301,0.0,False,False,2026-09-10 17:39:30.887752+00:00,2026-09-10,9,3,37,2026,Feeder Container,TraPac,Shenzhen,2250.0,0.9,2.0,0,95.0,1,0,0,3,6,102.4,High
636026213,NAVIOS CYAN         ,Feeder Container,33.75466,-118.2631,0.0,False,False,2026-09-10 17:39:30.887752+00:00,2026-09-10,9,3,37,2026,Feeder Container,TraPac,Shanghai,2250.0,0.9,2.0,0,95.0,1,0,0,3,5,102.4,High
368171260,MADELINE B HAMILTON,Feeder Container,33.76937,-118.21706,0.0,False,False,2026-09-10 17:39:30.887752+00:00,2026-09-10,9,3,37,2026,Feeder Container,Yang Ming,Busan,2250.0,0.9,2.0,0,95.0,1,0,0,4,0,101.9,High
368012340,APACHE              ,Feeder Container,33.73584,-118.26878,0.0,False,False,2026-09-10 17:39:30.887752+00:00,2026-09-10,9,3,37,2026,Feeder Container,TraPac,Hong Kong,2250.0,0.9,2.0,0,95.0,1,0,0,3,1,102.3,High
367569830,BARBARA J MULHOLLAND,Feeder Container,33.73074,-118.17197,5.0,False,False,2026-09-10 17:39:30.887752+00:00,2026-09-10,9,3,37,2026,Feeder Container,Everport,Shenzhen,2250.0,0.9,2.0,0,95.0,1,0,0,2,6,102.4,High
477128700,OOCL VIOLET,Large Container,33.76128,-118.21399,0.0,False,False,2026-09-10 17:39:30.887752+00:00,2026-09-10,9,3,37,2026,Large Container,Yang Ming,Busan,10800.0,0.9,2.0,0,95.0,1,0,1,4,0,102.1,High
563113400,HARRISBURG,Ultra Large Container,33.74855,-118.21097,0.0,False,False,2026-09-10 17:39:30.887752+00:00,2026-09-10,9,3,37,2026,Ultra Large Container,Yang Ming,Shenzhen,16200.0,0.9,2.0,0,95.0,1,0,4,4,6,102.3,High
367513170,LASSEN              ,Feeder Container,33.74209,-118.19964,3.8,False,False,2026-09-10 17:39:30.887752+00:00,2026-09-10,9,3,37,2026,Feeder Container,Everport,Busan,2250.0,0.9,2.0,0,95.0,1,0,0,2,0,101.9,High
636025440,RUBY TOWER          ,Feeder Container,33.76121,-118.27308,0.0,False,False,2026-09-10 17:39:30.887752+00:00,2026-09-10,9,3,37,2026,Feeder Container,TraPac,Singapore,2250.0,0.9,2.0,0,95.0,1,0,0,3,7,102.3,High
367550000,SHANNON             ,Feeder Container,33.74543,-118.22485,0.0,False,False,2026-09-10 17:39:30.887752+00:00,2026-09-10,9,3,37,2026,Feeder Container,Yang Ming,Jakarta,2250.0,0.9,2.0,0,95.0,1,0,0,4,2,102.3,High
563194900,WAN HAI A03         ,Feeder Container,33.75857,-118.2593,0.0,False,False,2026-09-10 17:39:30.887752+00:00,2026-09-10,9,3,37,2026,Feeder Container,TraPac,Hong Kong,2250.0,0.9,2.0,0,95.0,1,0,0,3,1,102.3,High
367304990,COCHISE             ,Feeder Container,33.77049,-118.22474,0.0,False,False,2026-09-10 17:39:30.887752+00:00,2026-09-10,9,3,37,2026,Feeder Container,Yang Ming,Ningbo,2250.0,0.9,2.0,0,95.0,1,0,0,4,4,102.5,High
368084540,DELTA TERESA        ,Feeder Container,33.73987,-118.27818,0.0,False,False,2026-09-10 17:39:30.887752+00:00,2026-09-10,9,3,37,2026,Feeder Container,TraPac,Taipei,2250.0,0.9,2.0,0,95.0,1,0,0,3,8,102.2,High
367396710,Z FOUR,Feeder Container,33.72873,-118.27514,0.0,False,False,2026-09-10 17:39:30.887752+00:00,2026-09-10,9,3,37,2026,Feeder Container,TraPac,Hong Kong,2250.0,0.9,2.0,0,95.0,1,0,0,3,1,102.3,High
367044560,PILOT BOAT BANNING  ,Feeder Container,33.76288,-118.26561,0.0,False,False,2026-09-10 17:39:30.887752+00:00,2026-09-10,9,3,37,2026,Feeder Container,TraPac,Hong Kong,2250.0,0.9,2.0,0,95.0,1,0,0,3,1,102.3,High
368165820,V.A.POINT FERMIN    ,Feeder Container,33.72349,-118.28053,0.1,False,False,2026-09-10 17:39:30.887752+00:00,2026-09-10,9,3,37,2026,Feeder Container,APM Terminals,Busan,2250.0,0.9,2.0,0,95.0,1,0,0,0,0,101.9,High
338118674,BAYWATCH19          ,Feeder Container,33.72624,-118.26904,0.1,False,False,2026-09-10 17:39:30.887752+00:00,2026-09-10,9,3,37,2026,Feeder Container,TraPac,Singapore,2250.0,0.9,2.0,0,95.0,1,0,0,3,7,102.3,High
368165030,V.A. SAN PEDRO      ,Feeder Container,33.72343,-118.28051,0.0,False,False,2026-09-10 17:39:30.887752+00:00,2026-09-10,9,3,37,2026,Feeder Container,APM Terminals,Shenzhen,2250.0,0.9,2.0,0,95.0,1,0,0,0,6,102.4,High
305523000,HELGOLAND           ,Feeder Container,33.75936,-118.27661,0.0,False,False,2026-09-10 17:39:30.887752+00:00,2026-09-10,9,3,37,2026,Feeder Container,TraPac,Ningbo,2250.0,0.9,2.0,0,95.0,1,0,0,3,4,102.5,High
367175860,INDEPENDENCE,Feeder Container,33.77079,-118.22372,0.0,False,False,2026-09-10 17:39:30.887752+00:00,2026-09-10,9,3,37,2026,Feeder Container,Yang Ming,Taipei,2250.0,0.9,2.0,0,95.0,1,0,0,4,8,102.2,High
366926740,TIM QUIGG,Feeder Container,33.76373,-118.25673,0.0,False,False,2026-09-10 17:39:30.887752+00:00,2026-09-10,9,3,37,2026,Feeder Container,TraPac,Busan,2250.0,0.9,2.0,0,95.0,1,0,0,3,0,101.9,High
367760290,FIREBOAT 15         ,Feeder Container,33.74798,-118.21552,0.1,False,False,2026-09-10 17:39:30.887752+00:00,2026-09-10,9,3,37,2026,Feeder Container,Yang Ming,Shanghai,2250.0,0.9,2.0,0,95.0,1,0,0,4,5,102.4,High
368068820,DB IRONBOUND        ,Feeder Container,33.75409,-118.22405,0.0,False,False,2026-09-10 17:39:30.887752+00:00,2026-09-10,9,3,37,2026,Feeder Container,Yang Ming,Jakarta,2250.0,0.9,2.0,0,95.0,1,0,0,4,2,102.3,High
255903590,DANUBE              ,Feeder Container,33.74371,-118.20239,0.0,False,False,2026-09-10 17:39:30.887752+00:00,2026-09-10,9,3,37,2026,Feeder Container,Yang Ming,Ningbo,2250.0,0.9,2.0,0,95.0,1,0,0,4,4,102.5,High
367396670,Z-THREE             ,Feeder Container,33.7637,-118.257,0.0,False,False,2026-09-10 17:39:30.887752+00:00,2026-09-10,9,3,37,2026,Feeder Container,TraPac,Hong Kong,2250.0,0.9,2.0,0,95.0,1,0,0,3,1,102.3,High
367691660,BIBI,Feeder Container,33.72557,-118.13717,4.2,False,False,2026-09-10 17:39:30.887752+00:00,2026-09-10,9,3,37,2026,Feeder Container,China Shipping,Shanghai,2250.0,0.9,2.0,0,95.0,1,0,0,1,5,102.4,High
366760650,LEADER              ,Feeder Container,33.74023,-118.27796,0.0,False,False,2026-09-10 17:39:30.887752+00:00,2026-09-10,9,3,37,2026,Feeder Container,TraPac,Ningbo,2250.0,0.9,2.0,0,95.0,1,0,0,3,4,102.5,High
563154300,HAFNIA PRIDE        ,Feeder Container,33.76342,-118.25994,0.0,False,False,2026-09-10 17:39:30.887752+00:00,2026-09-10,9,3,37,2026,Feeder Container,TraPac,Shanghai,2250.0,0.9,2.0,0,95.0,1,0,0,3,5,102.4,High
367006770,ROBYN J             ,Feeder Container,33.72957,-118.27644,0.0,False,False,2026-09-10 17:39:30.887752+00:00,2026-09-10,9,3,37,2026,Feeder Container,TraPac,Jakarta,2250.0,0.9,2.0,0,95.0,1,0,0,3,2,102.3,High
368088820,MORTY               ,Feeder Container,33.74231,-118.19852,0.0,False,False,2026-09-10 17:39:30.887752+00:00,2026-09-10,9,3,37,2026,Feeder Container,Everport,Shanghai,2250.0,0.9,2.0,0,95.0,1,0,0,2,5,102.4,High
366768030,STARSHIP EXPRESS    ,Feeder Container,33.76242,-118.19913,0.0,False,False,2026-09-10 17:39:30.887752+00:00,2026-09-10,9,3,37,2026,Feeder Container,Everport,Manila,2250.0,0.9,2.0,0,95.0,1,0,0,2,3,102.3,High
367004260,CABRILLO            ,Feeder Container,33.7676,-118.2169,0.0,False,False,2026-09-10 17:39:30.887752+00:00,2026-09-10,9,3,37,2026,Feeder Container,Yang Ming,Jakarta,2250.0,0.9,2.0,0,95.0,1,0,0,4,2,102.3,High
368024740,LB PILOT BOAT  ORION,Feeder Container,33.74723,-118.21566,0.0,False,False,2026-09-10 17:39:30.887752+00:00,2026-09-10,9,3,37,2026,Feeder Container,Yang Ming,Shenzhen,2250.0,0.9,2.0,0,95.0,1,0,0,4,6,102.4,High
368136950,HERCULES            ,Feeder Container,33.74022,-118.27812,0.0,False,False,2026-09-10 17:39:30.887752+00:00,2026-09-10,9,3,37,2026,Feeder Container,TraPac,Tokyo,2250.0,0.9,2.0,0,95.0,1,0,0,3,9,102.2,High
367683830,RUBY J              ,Feeder Container,33.73186,-118.22462,0.3,False,False,2026-09-10 17:39:30.887752+00:00,2026-09-10,9,3,37,2026,Feeder Container,Yang Ming,Shanghai,2250.0,0.9,2.0,0,95.0,1,0,0,4,5,102.4,High
367034960,PONO                ,Feeder Container,33.76745,-118.21695,0.0,False,False,2026-09-10 17:39:30.887752+00:00,2026-09-10,9,3,37,2026,Feeder Container,Yang Ming,Tokyo,2250.0,0.9,2.0,0,95.0,1,0,0,4,9,102.2,High
366943970,ISLANDER EXPRESSS,Feeder Container,33.76302,-118.19948,0.0,False,False,2026-09-10 17:39:30.887752+00:00,2026-09-10,9,3,37,2026,Feeder Container,Everport,Jakarta,2250.0,0.9,2.0,0,95.0,1,0,0,2,2,102.3,High
367422010,VALKYRIE,Feeder Container,33.7342,-118.27358,0.0,False,False,2026-09-10 17:39:30.887752+00:00,2026-09-10,9,3,37,2026,Feeder Container,TraPac,Jakarta,2250.0,0.9,2.0,0,95.0,1,0,0,3,2,102.3,High
367748970,BECKY T             ,Feeder Container,33.74212,-118.19823,0.2,False,False,2026-09-10 17:39:30.887752+00:00,2026-09-10,9,3,37,2026,Feeder Container,Everport,Shenzhen,2250.0,0.9,2.0,0,95.0,1,0,0,2,6,102.4,High
367770980,BILL GOBEL          ,Feeder Container,33.73073,-118.26175,0.0,False,False,2026-09-10 17:39:30.887752+00:00,2026-09-10,9,3,37,2026,Feeder Container,TraPac,Ningbo,2250.0,0.9,2.0,0,95.0,1,0,0,3,4,102.5,High
367625810,DELTA AUDREY        ,Feeder Container,33.73978,-118.27795,0.0,False,False,2026-09-10 17:39:30.887752+00:00,2026-09-10,9,3,37,2026,Feeder Container,TraPac,Tokyo,2250.0,0.9,2.0,0,95.0,1,0,0,3,9,102.2,High
366892000,JAMIE ANN           ,Feeder Container,33.77079,-118.21223,0.0,False,False,2026-09-10 17:39:30.887752+00:00,2026-09-10,9,3,37,2026,Feeder Container,Yang Ming,Singapore,2250.0,0.9,2.0,0,95.0,1,0,0,4,7,102.3,High
477183900,COSCO JASMINE       ,Feeder Container,33.74089,-118.19889,0.0,False,False,2026-09-10 17:39:30.887752+00:00,2026-09-10,9,3,37,2026,Feeder Container,Everport,Jakarta,2250.0,0.9,2.0,0,95.0,1,0,0,2,2,102.3,High
366870730,PUP                 ,Feeder Container,33.74487,-118.24072,0.3,False,False,2026-09-10 17:39:30.887752+00:00,2026-09-10,9,3,37,2026,Feeder Container,TraPac,Shanghai,2250.0,0.9,2.0,0,95.0,1,0,0,3,5,102.4,High
367019310,QUIN DELTA          ,Feeder Container,33.74091,-118.24148,0.0,False,False,2026-09-10 17:39:30.887752+00:00,2026-09-10,9,3,37,2026,Feeder Container,TraPac,Shenzhen,2250.0,0.9,2.0,0,95.0,1,0,0,3,6,102.4,High
368431790,OCEAN WARRIOR       ,Feeder Container,33.73127,-118.23124,0.8,False,False,2026-09-10 17:39:30.887752+00:00,2026-09-10,9,3,37,2026,Feeder Container,Yang Ming,Manila,2250.0,0.9,2.0,0,95.0,1,0,0,4,3,102.3,High
366554000,AQUILA,Feeder Container,33.72383,-118.27967,0.0,False,False,2026-09-10 17:39:30.887752+00:00,2026-09-10,9,3,37,2026,Feeder Container,TraPac,Ningbo,2250.0,0.9,2.0,0,95.0,1,0,0,3,4,102.5,High
366652000,HERMOSA             ,Feeder Container,33.74127,-118.13968,0.6,False,False,2026-09-10 17:39:30.887752+00:00,2026-09-10,9,3,37,2026,Feeder Container,China Shipping,Shanghai,2250.0,0.9,2.0,0,95.0,1,0,0,1,5,102.4,High
366760650,LEADER              ,Feeder Container,33.74025,-118.27809,0.0,False,False,2026-09-11 17:43:31.031460+00:00,2026-09-11,9,4,37,2026,Feeder Container,TraPac,Shenzhen,2250.0,0.9,2.0,0,95.0,1,0,0,3,6,102.4,High
368159190,LB PILOT POLARIS 3  ,Feeder Container,33.74735,-118.21573,2.8,False,False,2026-09-11 17:43:31.031460+00:00,2026-09-11,9,4,37,2026,Feeder Container,Yang Ming,Jakarta,2250.0,0.9,2.0,0,95.0,1,0,0,4,2,102.3,High
477128700,OOCL VIOLET         ,Feeder Container,33.76129,-118.21404,0.0,False,False,2026-09-11 17:43:31.031460+00:00,2026-09-11,9,4,37,2026,Feeder Container,Yang Ming,Hong Kong,2250.0,0.9,2.0,0,95.0,1,0,0,4,1,102.3,High
367689990,HARBOR KING,Medium Container,33.73824,-118.27849,0.0,False,False,2026-09-11 17:43:31.031460+00:00,2026-09-11,9,4,37,2026,Medium Container,TraPac,Singapore,6750.0,0.9,2.0,0,95.0,1,0,2,3,7,102.7,High
367017440,PIPER INNESS        ,Feeder Container,33.77085,-118.21168,0.0,False,False,2026-09-11 17:43:31.031460+00:00,2026-09-11,9,4,37,2026,Feeder Container,Yang Ming,Shenzhen,2250.0,0.9,2.0,0,95.0,1,0,0,4,6,102.4,High
367044560,PILOT BOAT BANNING,Feeder Container,33.76279,-118.26569,0.0,False,False,2026-09-11 17:43:31.031460+00:00,2026-09-11,9,4,37,2026,Feeder Container,TraPac,Hong Kong,2250.0,0.9,2.0,0,95.0,1,0,0,3,1,102.3,High
366926740,TIM QUIGG,Feeder Container,33.76373,-118.25675,0.0,False,False,2026-09-11 17:43:31.031460+00:00,2026-09-11,9,4,37,2026,Feeder Container,TraPac,Hong Kong,2250.0,0.9,2.0,0,95.0,1,0,0,3,1,102.3,High
368165030,V.A. SAN PEDRO      ,Feeder Container,33.72341,-118.28051,0.0,False,False,2026-09-11 17:43:31.031460+00:00,2026-09-11,9,4,37,2026,Feeder Container,APM Terminals,Ningbo,2250.0,0.9,2.0,0,95.0,1,0,0,0,4,102.5,High
367770990,MIN ZIDELL          ,Feeder Container,33.75608,-118.26811,0.0,False,False,2026-09-11 17:43:31.031460+00:00,2026-09-11,9,4,37,2026,Feeder Container,TraPac,Tokyo,2250.0,0.9,2.0,0,95.0,1,0,0,3,9,102.2,High
366978690,EAGLE               ,Feeder Container,33.74863,-118.27713,0.0,False,False,2026-09-11 17:43:31.031460+00:00,2026-09-11,9,4,37,2026,Feeder Container,TraPac,Singapore,2250.0,0.9,2.0,0,95.0,1,0,0,3,7,102.3,High
367625810,DELTA AUDREY        ,Feeder Container,33.73974,-118.27833,0.0,False,False,2026-09-11 17:43:31.031460+00:00,2026-09-11,9,4,37,2026,Feeder Container,TraPac,Busan,2250.0,0.9,2.0,0,95.0,1,0,0,3,0,101.9,High
366948190,ALASKAN FRONTIER    ,Feeder Container,33.75642,-118.21818,0.0,False,False,2026-09-11 17:43:31.031460+00:00,2026-09-11,9,4,37,2026,Feeder Container,Yang Ming,Manila,2250.0,0.9,2.0,0,95.0,1,0,0,4,3,102.3,High
636093178,OSAKA EXPRESS,Large Container,33.73002,-118.2554,0.0,False,False,2026-09-11 17:43:31.031460+00:00,2026-09-11,9,4,37,2026,Large Container,TraPac,Hong Kong,10800.0,0.9,2.0,0,95.0,1,0,1,3,1,102.6,High
368133450,DARRELL HIATT       ,Feeder Container,33.72345,-118.26098,7.5,False,False,2026-09-11 17:43:31.031460+00:00,2026-09-11,9,4,37,2026,Feeder Container,TraPac,Tokyo,2250.0,0.9,2.0,0,95.0,1,0,0,3,9,102.2,High
367309720,GRETCHEN C          ,Feeder Container,33.75346,-118.22395,0.0,False,False,2026-09-11 17:43:31.031460+00:00,2026-09-11,9,4,37,2026,Feeder Container,Yang Ming,Singapore,2250.0,0.9,2.0,0,95.0,1,0,0,4,7,102.3,High
564900000,CSK LONGEVITY       ,Feeder Container,33.74918,-118.20665,0.0,False,False,2026-09-11 17:43:31.031460+00:00,2026-09-11,9,4,37,2026,Feeder Container,Yang Ming,Taipei,2250.0,0.9,2.0,0,95.0,1,0,0,4,8,102.2,High
367308610,SARAH C.            ,Feeder Container,33.75321,-118.22376,0.0,False,False,2026-09-11 17:43:31.031460+00:00,2026-09-11,9,4,37,2026,Feeder Container,Yang Ming,Busan,2250.0,0.9,2.0,0,95.0,1,0,0,4,0,101.9,High
367569830,BARBARA J MULHOLLAND,Feeder Container,33.75514,-118.26838,0.0,False,False,2026-09-11 17:43:31.031460+00:00,2026-09-11,9,4,37,2026,Feeder Container,TraPac,Hong Kong,2250.0,0.9,2.0,0,95.0,1,0,0,3,1,102.3,High
368225570,MACKENZIE C         ,Feeder Container,33.75364,-118.2243,0.0,False,False,2026-09-11 17:43:31.031460+00:00,2026-09-11,9,4,37,2026,Feeder Container,Yang Ming,Shenzhen,2250.0,0.9,2.0,0,95.0,1,0,0,4,6,102.4,High
368088820,MORTY               ,Feeder Container,33.74201,-118.19822,0.0,False,False,2026-09-11 17:43:31.031460+00:00,2026-09-11,9,4,37,2026,Feeder Container,Everport,Busan,2250.0,0.9,2.0,0,95.0,1,0,0,2,0,101.9,High
338366226,V.A.POINT VICENTE   ,Feeder Container,33.72339,-118.28066,0.0,False,False,2026-09-11 17:43:31.031460+00:00,2026-09-11,9,4,37,2026,Feeder Container,APM Terminals,Taipei,2250.0,0.9,2.0,0,95.0,1,0,0,0,8,102.2,High
368084540,DELTA TERESA        ,Feeder Container,33.73986,-118.27817,0.0,False,False,2026-09-11 17:43:31.031460+00:00,2026-09-11,9,4,37,2026,Feeder Container,TraPac,Manila,2250.0,0.9,2.0,0,95.0,1,0,0,3,3,102.3,High
367006770,ROBYN J             ,Feeder Container,33.72957,-118.27642,0.0,False,False,2026-09-11 17:43:31.031460+00:00,2026-09-11,9,4,37,2026,Feeder Container,TraPac,Hong Kong,2250.0,0.9,2.0,0,95.0,1,0,0,3,1,102.3,High
367550000,SHANNON             ,Feeder Container,33.7454,-118.22484,0.0,False,False,2026-09-11 17:43:31.031460+00:00,2026-09-11,9,4,37,2026,Feeder Container,Yang Ming,Shanghai,2250.0,0.9,2.0,0,95.0,1,0,0,4,5,102.4,High
366998840,MILLENIUM MAVERICK  ,Feeder Container,33.76393,-118.25682,0.0,False,False,2026-09-11 17:43:31.031460+00:00,2026-09-11,9,4,37,2026,Feeder Container,TraPac,Shenzhen,2250.0,0.9,2.0,0,95.0,1,0,0,3,6,102.4,High
367401030,DELTA BILLIE        ,Feeder Container,33.73968,-118.27805,0.0,False,False,2026-09-11 17:43:31.031460+00:00,2026-09-11,9,4,37,2026,Feeder Container,TraPac,Ningbo,2250.0,0.9,2.0,0,95.0,1,0,0,3,4,102.5,High
368024740,LB PILOT BOAT  ORION,Feeder Container,33.74721,-118.21566,0.0,False,False,2026-09-11 17:43:31.031460+00:00,2026-09-11,9,4,37,2026,Feeder Container,Yang Ming,Shenzhen,2250.0,0.9,2.0,0,95.0,1,0,0,4,6,102.4,High
366870730,PUP                 ,Feeder Container,33.74537,-118.24165,2.6,False,False,2026-09-11 17:43:31.031460+00:00,2026-09-11,9,4,37,2026,Feeder Container,TraPac,Jakarta,2250.0,0.9,2.0,0,95.0,1,0,0,3,2,102.3,High
366892000,JAMIE ANN           ,Feeder Container,33.7708,-118.21222,0.0,False,False,2026-09-11 17:43:31.031460+00:00,2026-09-11,9,4,37,2026,Feeder Container,Yang Ming,Taipei,2250.0,0.9,2.0,0,95.0,1,0,0,4,8,102.2,High
368171260,MADELINE B HAMILTON ,Feeder Container,33.73279,-118.27466,5.1,False,False,2026-09-11 17:43:31.031460+00:00,2026-09-11,9,4,37,2026,Feeder Container,TraPac,Singapore,2250.0,0.9,2.0,0,95.0,1,0,0,3,7,102.3,High
368680000,PRESIDENT REAGAN,Feeder Container,33.73441,-118.24875,0.0,False,False,2026-09-11 17:43:31.031460+00:00,2026-09-11,9,4,37,2026,Feeder Container,TraPac,Hong Kong,2250.0,0.9,2.0,0,95.0,1,0,0,3,1,102.3,High
368165820,V.A.POINT FERMIN    ,Feeder Container,33.72343,-118.28052,0.0,False,False,2026-09-11 17:43:31.031460+00:00,2026-09-11,9,4,37,2026,Feeder Container,APM Terminals,Ningbo,2250.0,0.9,2.0,0,95.0,1,0,0,0,4,102.5,High
367421990,H R MORRIS          ,Feeder Container,33.75301,-118.22069,0.0,False,False,2026-09-11 17:43:31.031460+00:00,2026-09-11,9,4,37,2026,Feeder Container,Yang Ming,Manila,2250.0,0.9,2.0,0,95.0,1,0,0,4,3,102.3,High
356110000,NEW BOUNDARY        ,Feeder Container,33.76297,-118.24835,0.0,False,False,2026-09-11 17:43:31.031460+00:00,2026-09-11,9,4,37,2026,Feeder Container,TraPac,Shenzhen,2250.0,0.9,2.0,0,95.0,1,0,0,3,6,102.4,High
566705000,APL DUBLIN,Feeder Container,33.69991,-118.22418,0.1,True,True,2026-09-11 17:43:31.031460+00:00,2026-09-11,9,4,37,2026,Feeder Container,Yang Ming,Jakarta,2250.0,0.9,2.0,0,95.0,1,0,0,4,2,102.3,High
366753000,JAMIE LEE           ,Feeder Container,33.73291,-118.16227,16.4,False,False,2026-09-11 17:43:31.031460+00:00,2026-09-11,9,4,37,2026,Feeder Container,Everport,Manila,2250.0,0.9,2.0,0,95.0,1,0,0,2,3,102.3,High
241437000,MARAN ARETE         ,Feeder Container,33.69626,-118.1275,0.0,False,False,2026-09-11 17:43:31.031460+00:00,2026-09-11,9,4,37,2026,Feeder Container,China Shipping,Ningbo,2250.0,0.9,2.0,0,95.0,1,0,0,1,4,102.5,High
367396710,Z FOUR,Feeder Container,33.7287,-118.27519,0.0,False,False,2026-09-11 17:43:31.031460+00:00,2026-09-11,9,4,37,2026,Feeder Container,TraPac,Busan,2250.0,0.9,2.0,0,95.0,1,0,0,3,0,101.9,High
366979370,EDITH FOSS          ,Feeder Container,33.77055,-118.21254,0.0,False,False,2026-09-11 17:43:31.031460+00:00,2026-09-11,9,4,37,2026,Feeder Container,Yang Ming,Shanghai,2250.0,0.9,2.0,0,95.0,1,0,0,4,5,102.4,High
477117900,CSCL AUTUMN         ,Feeder Container,33.73676,-118.19288,0.0,False,False,2026-09-11 17:43:31.031460+00:00,2026-09-11,9,4,37,2026,Feeder Container,Everport,Taipei,2250.0,0.9,2.0,0,95.0,1,0,0,2,8,102.2,High
367424810,CUB                 ,Feeder Container,33.75241,-118.22081,0.0,False,False,2026-09-11 17:43:31.031460+00:00,2026-09-11,9,4,37,2026,Feeder Container,Yang Ming,Singapore,2250.0,0.9,2.0,0,95.0,1,0,0,4,7,102.3,High
367330510,PATRICIA ANN,Feeder Container,33.72893,-118.27544,0.0,False,False,2026-09-11 17:43:31.031460+00:00,2026-09-11,9,4,37,2026,Feeder Container,TraPac,Jakarta,2250.0,0.9,2.0,0,95.0,1,0,0,3,2,102.3,High
368010330,LILLIAN FOSS        ,Feeder Container,33.77097,-118.21136,0.0,False,False,2026-09-11 17:43:31.031460+00:00,2026-09-11,9,4,37,2026,Feeder Container,Yang Ming,Jakarta,2250.0,0.9,2.0,0,95.0,1,0,0,4,2,102.3,High
366768030,STARSHIP EXPRESS    ,Feeder Container,33.76304,-118.19948,0.1,False,False,2026-09-11 17:43:31.031460+00:00,2026-09-11,9,4,37,2026,Feeder Container,Everport,Shenzhen,2250.0,0.9,2.0,0,95.0,1,0,0,2,6,102.4,High
215183000,CMA CGM NEW JERSEY,Feeder Container,33.73317,-118.25285,0.0,False,False,2026-09-11 17:43:31.031460+00:00,2026-09-11,9,4,37,2026,Feeder Container,TraPac,Tokyo,2250.0,0.9,2.0,0,95.0,1,0,0,3,9,102.2,High
477203100,OOCL BERLIN         ,Feeder Container,33.75734,-118.21421,0.0,False,False,2026-09-11 17:43:31.031460+00:00,2026-09-11,9,4,37,2026,Feeder Container,Yang Ming,Taipei,2250.0,0.9,2.0,0,95.0,1,0,0,4,8,102.2,High
538011533,WAVE                ,Feeder Container,33.73558,-118.16361,0.0,False,False,2026-09-11 17:43:31.031460+00:00,2026-09-11,9,4,37,2026,Feeder Container,Everport,Shanghai,2250.0,0.9,2.0,0,95.0,1,0,0,2,5,102.4,High
255805750,SEALAND BALBOA,Feeder Container,33.7368,-118.18706,0.0,False,False,2026-09-11 17:43:31.031460+00:00,2026-09-11,9,4,37,2026,Feeder Container,Everport,Singapore,2250.0,0.9,2.0,0,95.0,1,0,0,2,7,102.3,High
563297500,ONE FORWARD         ,Feeder Container,33.74347,-118.1942,0.0,False,False,2026-09-11 17:43:31.031460+00:00,2026-09-11,9,4,37,2026,Feeder Container,Everport,Manila,2250.0,0.9,2.0,0,95.0,1,0,0,2,3,102.3,High
367513170,LASSEN              ,Feeder Container,33.74348,-118.19976,0.1,False,False,2026-09-12 16:56:09.533683+00:00,2026-09-12,9,5,37,2026,Feeder Container,Everport,Singapore,2250.0,0.9,2.0,0,95.0,1,1,0,2,7,102.3,High
215183000,CMA CGM NEW JERSEY,Feeder Container,33.7247,-118.22265,0.1,False,False,2026-09-12 16:56:09.533683+00:00,2026-09-12,9,5,37,2026,Feeder Container,Yang Ming,Hong Kong,2250.0,0.9,2.0,0,95.0,1,1,0,4,1,102.3,High
366998840,MILLENIUM MAVERICK,Feeder Container,33.7546,-118.27362,0.4,False,False,2026-09-12 16:56:09.533683+00:00,2026-09-12,9,5,37,2026,Feeder Container,TraPac,Tokyo,2250.0,0.9,2.0,0,95.0,1,1,0,3,9,102.3,High
367308610,SARAH C.            ,Feeder Container,33.75323,-118.22378,0.0,False,False,2026-09-12 16:56:09.533683+00:00,2026-09-12,9,5,37,2026,Feeder Container,Yang Ming,Hong Kong,2250.0,0.9,2.0,0,95.0,1,1,0,4,1,102.3,High
338899000,COMMITMENT          ,Feeder Container,33.73534,-118.15348,0.1,False,False,2026-09-12 16:56:09.533683+00:00,2026-09-12,9,5,37,2026,Feeder Container,China Shipping,Busan,2250.0,0.9,2.0,0,95.0,1,1,0,1,0,101.9,High
368024740,LB PILOT BOAT  ORION,Feeder Container,33.72976,-118.18173,17.9,False,False,2026-09-12 16:56:09.533683+00:00,2026-09-12,9,5,37,2026,Feeder Container,Everport,Ningbo,2250.0,0.9,2.0,0,95.0,1,1,0,2,4,102.5,High
538006178,SEAWAYS WATCH HILL  ,Feeder Container,33.75622,-118.27398,0.1,False,False,2026-09-12 16:56:09.533683+00:00,2026-09-12,9,5,37,2026,Feeder Container,TraPac,Shenzhen,2250.0,0.9,2.0,0,95.0,1,1,0,3,6,102.4,High
368165030,V.A. SAN PEDRO      ,Feeder Container,33.72342,-118.28052,0.0,False,False,2026-09-12 16:56:09.533683+00:00,2026-09-12,9,5,37,2026,Feeder Container,APM Terminals,Jakarta,2250.0,0.9,2.0,0,95.0,1,1,0,0,2,102.3,High
366994250,MASCO ENDEAVOR      ,Feeder Container,33.73191,-118.26425,0.0,False,False,2026-09-12 16:56:09.533683+00:00,2026-09-12,9,5,37,2026,Feeder Container,TraPac,Ningbo,2250.0,0.9,2.0,0,95.0,1,1,0,3,4,102.5,High
367004260,CABRILLO            ,Feeder Container,33.76761,-118.21689,0.0,False,False,2026-09-12 16:56:09.533683+00:00,2026-09-12,9,5,37,2026,Feeder Container,Yang Ming,Taipei,2250.0,0.9,2.0,0,95.0,1,1,0,4,8,102.3,High
368000890,ELIZABETH C,Feeder Container,33.74499,-118.22445,0.0,False,False,2026-09-12 16:56:09.533683+00:00,2026-09-12,9,5,37,2026,Feeder Container,Yang Ming,Shanghai,2250.0,0.9,2.0,0,95.0,1,1,0,4,5,102.4,High
367199310,CATALINA JET        ,Feeder Container,33.75934,-118.1977,7.4,False,False,2026-09-12 16:56:09.533683+00:00,2026-09-12,9,5,37,2026,Feeder Container,Everport,Ningbo,2250.0,0.9,2.0,0,95.0,1,1,0,2,4,102.5,High
366943940,SUPER EXPRESS       ,Feeder Container,33.74877,-118.27393,0.1,False,False,2026-09-12 16:56:09.533683+00:00,2026-09-12,9,5,37,2026,Feeder Container,TraPac,Singapore,2250.0,0.9,2.0,0,95.0,1,1,0,3,7,102.3,High
338921000,CG GEORGE COBB,Feeder Container,33.72836,-118.27043,0.1,False,False,2026-09-12 16:56:09.533683+00:00,2026-09-12,9,5,37,2026,Feeder Container,TraPac,Shenzhen,2250.0,0.9,2.0,0,95.0,1,1,0,3,6,102.4,High
366760650,LEADER              ,Feeder Container,33.74023,-118.27796,0.0,False,False,2026-09-12 16:56:09.533683+00:00,2026-09-12,9,5,37,2026,Feeder Container,TraPac,Hong Kong,2250.0,0.9,2.0,0,95.0,1,1,0,3,1,102.3,High
368171390,BROOKS M HAMILTON   ,Feeder Container,33.73079,-118.26217,0.0,False,False,2026-09-12 16:56:09.533683+00:00,2026-09-12,9,5,37,2026,Feeder Container,TraPac,Hong Kong,2250.0,0.9,2.0,0,95.0,1,1,0,3,1,102.3,High
366926740,TIM QUIGG,Feeder Container,33.76373,-118.25673,0.0,False,False,2026-09-12 16:56:09.533683+00:00,2026-09-12,9,5,37,2026,Feeder Container,TraPac,Busan,2250.0,0.9,2.0,0,95.0,1,1,0,3,0,101.9,High
368680000,PRESIDENT REAGAN,Large Container,33.73442,-118.24875,0.0,False,False,2026-09-12 16:56:09.533683+00:00,2026-09-12,9,5,37,2026,Large Container,TraPac,Ningbo,10800.0,0.9,2.0,0,95.0,1,1,1,3,4,102.7,High
367569830,BARBARA J MULHOLLAND,Feeder Container,33.75577,-118.27563,0.1,False,False,2026-09-12 16:56:09.533683+00:00,2026-09-12,9,5,37,2026,Feeder Container,TraPac,Tokyo,2250.0,0.9,2.0,0,95.0,1,1,0,3,9,102.3,High
367507960,DB SALTA VERDE      ,Feeder Container,33.75379,-118.2239,0.1,False,False,2026-09-12 16:56:09.533683+00:00,2026-09-12,9,5,37,2026,Feeder Container,Yang Ming,Shanghai,2250.0,0.9,2.0,0,95.0,1,1,0,4,5,102.4,High
367550000,SHANNON             ,Feeder Container,33.74578,-118.22477,0.0,False,False,2026-09-12 16:56:09.533683+00:00,2026-09-12,9,5,37,2026,Feeder Container,Yang Ming,Hong Kong,2250.0,0.9,2.0,0,95.0,1,1,0,4,1,102.3,High
255805927,NORDDOLPHIN,Feeder Container,33.68407,-118.12419,0.0,False,False,2026-09-12 16:56:09.533683+00:00,2026-09-12,9,5,37,2026,Feeder Container,China Shipping,Jakarta,2250.0,0.9,2.0,0,95.0,1,1,0,1,2,102.3,High
367625810,DELTA AUDREY        ,Feeder Container,33.73101,-118.1963,6.7,False,False,2026-09-12 16:56:09.533683+00:00,2026-09-12,9,5,37,2026,Feeder Container,Everport,Taipei,2250.0,0.9,2.0,0,95.0,1,1,0,2,8,102.3,High
367034960,PONO                ,Feeder Container,33.76744,-118.21697,0.0,False,False,2026-09-12 16:56:09.533683+00:00,2026-09-12,9,5,37,2026,Feeder Container,Yang Ming,Ningbo,2250.0,0.9,2.0,0,95.0,1,1,0,4,4,102.5,High
369008000,ELIZABETH ANNE      ,Feeder Container,33.73299,-118.27136,5.6,False,False,2026-09-12 16:56:09.533683+00:00,2026-09-12,9,5,37,2026,Feeder Container,TraPac,Singapore,2250.0,0.9,2.0,0,95.0,1,1,0,3,7,102.3,High
367017440,PIPER INNESS        ,Feeder Container,33.77086,-118.21169,0.0,False,False,2026-09-12 16:56:09.533683+00:00,2026-09-12,9,5,37,2026,Feeder Container,Yang Ming,Tokyo,2250.0,0.9,2.0,0,95.0,1,1,0,4,9,102.3,High
367748970,BECKY T             ,Feeder Container,33.74306,-118.19639,0.1,False,False,2026-09-12 16:56:09.533683+00:00,2026-09-12,9,5,37,2026,Feeder Container,Everport,Taipei,2250.0,0.9,2.0,0,95.0,1,1,0,2,8,102.3,High
366870730,PUP                 ,Feeder Container,33.7445,-118.23748,2.5,False,False,2026-09-12 16:56:09.533683+00:00,2026-09-12,9,5,37,2026,Feeder Container,Yang Ming,Singapore,2250.0,0.9,2.0,0,95.0,1,1,0,4,7,102.3,High
338256000,BLAIR C   ,Feeder Container,33.73684,-118.22582,0.8,False,False,2026-09-12 16:56:09.533683+00:00,2026-09-12,9,5,37,2026,Feeder Container,Yang Ming,Shenzhen,2250.0,0.9,2.0,0,95.0,1,1,0,4,6,102.4,High
366892000,JAMIE ANN           ,Feeder Container,33.72175,-118.18252,11.6,False,False,2026-09-12 16:56:09.533683+00:00,2026-09-12,9,5,37,2026,Feeder Container,Everport,Busan,2250.0,0.9,2.0,0,95.0,1,1,0,2,0,101.9,High
367113620,SPIRIT ,Feeder Container,33.76048,-118.1921,0.0,False,False,2026-09-12 16:56:09.533683+00:00,2026-09-12,9,5,37,2026,Feeder Container,Everport,Shenzhen,2250.0,0.9,2.0,0,95.0,1,1,0,2,6,102.4,High
368351350,MARMAC 304          ,Feeder Container,33.74487,-118.22442,0.0,False,False,2026-09-12 16:56:09.533683+00:00,2026-09-12,9,5,37,2026,Feeder Container,Yang Ming,Hong Kong,2250.0,0.9,2.0,0,95.0,1,1,0,4,1,102.3,High
367133160,TECUMSEH            ,Feeder Container,33.73581,-118.21873,10.6,False,False,2026-09-12 16:56:09.533683+00:00,2026-09-12,9,5,37,2026,Feeder Container,Yang Ming,Shanghai,2250.0,0.9,2.0,0,95.0,1,1,0,4,5,102.4,High
367175860,INDEPENDENCE,Feeder Container,33.72882,-118.27508,0.0,False,False,2026-09-12 16:56:09.533683+00:00,2026-09-12,9,5,37,2026,Feeder Container,TraPac,Busan,2250.0,0.9,2.0,0,95.0,1,1,0,3,0,101.9,High
352004278,SEASPAN GARIBALDI   ,Feeder Container,33.73506,-118.14354,0.0,False,False,2026-09-12 16:56:09.533683+00:00,2026-09-12,9,5,37,2026,Feeder Container,China Shipping,Manila,2250.0,0.9,2.0,0,95.0,1,1,0,1,3,102.3,High
566673000,EVER LAUREL         ,Feeder Container,33.74343,-118.27327,0.0,False,False,2026-09-12 16:56:09.533683+00:00,2026-09-12,9,5,37,2026,Feeder Container,TraPac,Shenzhen,2250.0,0.9,2.0,0,95.0,1,1,0,3,6,102.4,High
368088820,MORTY,Feeder Container,33.74314,-118.19631,0.0,False,False,2026-09-12 16:56:09.533683+00:00,2026-09-12,9,5,37,2026,Feeder Container,Everport,Tokyo,2250.0,0.9,2.0,0,95.0,1,1,0,2,9,102.3,High
367672140,MAURETANIA          ,Feeder Container,33.72351,-118.28044,0.0,False,False,2026-09-12 16:56:09.533683+00:00,2026-09-12,9,5,37,2026,Feeder Container,APM Terminals,Busan,2250.0,0.9,2.0,0,95.0,1,1,0,0,0,101.9,High
219031114,CANADIAN BULKER     ,Feeder Container,33.74963,-118.20883,0.0,False,False,2026-09-12 16:56:09.533683+00:00,2026-09-12,9,5,37,2026,Feeder Container,Yang Ming,Singapore,2250.0,0.9,2.0,0,95.0,1,1,0,4,7,102.3,High
367192940,AVALON EXPRESS      ,Feeder Container,33.74833,-118.27414,0.0,False,False,2026-09-12 16:56:09.533683+00:00,2026-09-12,9,5,37,2026,Feeder Container,TraPac,Shenzhen,2250.0,0.9,2.0,0,95.0,1,1,0,3,6,102.4,High
367422010,VALKYRIE ,Feeder Container,33.73418,-118.27354,0.0,False,False,2026-09-12 16:56:09.533683+00:00,2026-09-12,9,5,37,2026,Feeder Container,TraPac,Taipei,2250.0,0.9,2.0,0,95.0,1,1,0,3,8,102.3,High
367424810,CUB                 ,Feeder Container,33.75278,-118.22081,0.0,False,False,2026-09-12 16:56:09.533683+00:00,2026-09-12,9,5,37,2026,Feeder Container,Yang Ming,Taipei,2250.0,0.9,2.0,0,95.0,1,1,0,4,8,102.3,High
368165820,V.A.POINT FERMIN    ,Feeder Container,33.7235,-118.28052,0.1,False,False,2026-09-12 16:56:09.533683+00:00,2026-09-12,9,5,37,2026,Feeder Container,APM Terminals,Singapore,2250.0,0.9,2.0,0,95.0,1,1,0,0,7,102.3,High
368418560,WENDY JO            ,Feeder Container,33.77112,-118.21304,0.0,False,False,2026-09-12 16:56:09.533683+00:00,2026-09-12,9,5,37,2026,Feeder Container,Yang Ming,Jakarta,2250.0,0.9,2.0,0,95.0,1,1,0,4,2,102.3,High
636092799,CISNES              ,Feeder Container,33.73233,-118.24758,0.0,False,False,2026-09-12 16:56:09.533683+00:00,2026-09-12,9,5,37,2026,Feeder Container,TraPac,Singapore,2250.0,0.9,2.0,0,95.0,1,1,0,3,7,102.3,High
303200000, COLLETTE C,Feeder Container,33.74445,-118.22416,0.0,False,False,2026-09-12 16:56:09.533683+00:00,2026-09-12,9,5,37,2026,Feeder Container,Yang Ming,Hong Kong,2250.0,0.9,2.0,0,95.0,1,1,0,4,1,102.3,High
367698890,LBFD FB20           ,Feeder Container,33.77049,-118.21,0.0,False,False,2026-09-12 16:56:09.533683+00:00,2026-09-12,9,5,37,2026,Feeder Container,Yang Ming,Shanghai,2250.0,0.9,2.0,0,95.0,1,1,0,4,5,102.4,High
367683830,RUBY J              ,Feeder Container,33.72384,-118.21419,13.4,False,False,2026-09-12 16:56:09.533683+00:00,2026-09-12,9,5,37,2026,Feeder Container,Yang Ming,Busan,2250.0,0.9,2.0,0,95.0,1,1,0,4,0,101.9,High
368159190,LB PILOT POLARIS 3  ,Feeder Container,33.74731,-118.21566,0.1,False,False,2026-09-12 16:56:09.533683+00:00,2026-09-12,9,5,37,2026,Feeder Container,Yang Ming,Manila,2250.0,0.9,2.0,0,95.0,1,1,0,4,3,102.3,High
636026213,NAVIOS CYAN         ,Feeder Container,33.75467,-118.26296,0.0,False,False,2026-09-12 16:56:09.533683+00:00,2026-09-12,9,5,37,2026,Feeder Container,TraPac,Taipei,2250.0,0.9,2.0,0,95.0,1,1,0,3,8,102.3,High
367104080,PETER MAC           ,Feeder Container,33.736,-118.1749,1.9,False,False,2026-09-12 16:56:09.533683+00:00,2026-09-12,9,5,37,2026,Feeder Container,Everport,Jakarta,2250.0,0.9,2.0,0,95.0,1,1,0,2,2,102.3,High
368010330,LILLIAN FOSS        ,Feeder Container,33.72904,-118.17578,5.2,False,False,2026-09-12 16:56:09.533683+00:00,2026-09-12,9,5,37,2026,Feeder Container,Everport,Ningbo,2250.0,0.9,2.0,0,95.0,1,1,0,2,4,102.5,High
369008000,ELIZABETH ANNE      ,Feeder Container,33.76984,-118.25069,0.0,False,False,2026-09-13 17:23:39.093305+00:00,2026-09-13,9,6,37,2026,Feeder Container,TraPac,Tokyo,2250.0,0.9,2.0,0,95.0,1,1,0,3,9,102.3,High
366979370,EDITH FOSS          ,Feeder Container,33.77056,-118.21256,0.0,False,False,2026-09-13 17:23:39.093305+00:00,2026-09-13,9,6,37,2026,Feeder Container,Yang Ming,Jakarta,2250.0,0.9,2.0,0,95.0,1,1,0,4,2,102.4,High
369209000,KAIMANA HILA        ,Feeder Container,33.7696,-118.21733,0.0,False,False,2026-09-13 17:23:39.093305+00:00,2026-09-13,9,6,37,2026,Feeder Container,Yang Ming,Manila,2250.0,0.9,2.0,0,95.0,1,1,0,4,3,102.4,High
367330510,PATRICIA ANN,Feeder Container,33.72893,-118.27544,0.0,False,False,2026-09-13 17:23:39.093305+00:00,2026-09-13,9,6,37,2026,Feeder Container,TraPac,Jakarta,2250.0,0.9,2.0,0,95.0,1,1,0,3,2,102.4,High
303200000, COLLETTE C,Feeder Container,33.74445,-118.22449,0.0,False,False,2026-09-13 17:23:39.093305+00:00,2026-09-13,9,6,37,2026,Feeder Container,Yang Ming,Shanghai,2250.0,0.9,2.0,0,95.0,1,1,0,4,5,102.4,High
338366226,V.A.POINT VICENTE   ,Feeder Container,33.72337,-118.28068,0.0,False,False,2026-09-13 17:23:39.093305+00:00,2026-09-13,9,6,37,2026,Feeder Container,APM Terminals,Shanghai,2250.0,0.9,2.0,0,95.0,1,1,0,0,5,102.4,High
371244000,MAHO CORAL          ,Feeder Container,33.71298,-118.16894,0.0,False,False,2026-09-13 17:23:39.093305+00:00,2026-09-13,9,6,37,2026,Feeder Container,Everport,Jakarta,2250.0,0.9,2.0,0,95.0,1,1,0,2,2,102.4,High
368024740,LB PILOT BOAT  ORION,Feeder Container,33.74723,-118.21566,0.0,False,False,2026-09-13 17:23:39.093305+00:00,2026-09-13,9,6,37,2026,Feeder Container,Yang Ming,Shanghai,2250.0,0.9,2.0,0,95.0,1,1,0,4,5,102.4,High
368351350,MARMAC 304          ,Feeder Container,33.74584,-118.2242,0.0,False,False,2026-09-13 17:23:39.093305+00:00,2026-09-13,9,6,37,2026,Feeder Container,Yang Ming,Tokyo,2250.0,0.9,2.0,0,95.0,1,1,0,4,9,102.3,High
368088820,MORTY               ,Feeder Container,33.74294,-118.1942,0.0,False,False,2026-09-13 17:23:39.093305+00:00,2026-09-13,9,6,37,2026,Feeder Container,Everport,Tokyo,2250.0,0.9,2.0,0,95.0,1,1,0,2,9,102.3,High
366892000,JAMIE ANN           ,Feeder Container,33.77079,-118.21221,0.0,False,False,2026-09-13 17:23:39.093305+00:00,2026-09-13,9,6,37,2026,Feeder Container,Yang Ming,Hong Kong,2250.0,0.9,2.0,0,95.0,1,1,0,4,1,102.4,High
636092869,HANSA EUROPE        ,Feeder Container,33.73668,-118.18882,0.0,False,False,2026-09-13 17:23:39.093305+00:00,2026-09-13,9,6,37,2026,Feeder Container,Everport,Ningbo,2250.0,0.9,2.0,0,95.0,1,1,0,2,4,102.5,High
366760650,LEADER              ,Feeder Container,33.73599,-118.20469,7.5,False,False,2026-09-13 17:23:39.093305+00:00,2026-09-13,9,6,37,2026,Feeder Container,Yang Ming,Taipei,2250.0,0.9,2.0,0,95.0,1,1,0,4,8,102.3,High
367533290,MARIE CHERAMIE,Feeder Container,33.73199,-118.27172,4.9,False,False,2026-09-13 17:23:39.093305+00:00,2026-09-13,9,6,37,2026,Feeder Container,TraPac,Busan,2250.0,0.9,2.0,0,95.0,1,1,0,3,0,101.9,High
367110260,CATALINA DUCHESS    ,Feeder Container,33.75896,-118.21814,6.8,False,False,2026-09-13 17:23:39.093305+00:00,2026-09-13,9,6,37,2026,Feeder Container,Yang Ming,Singapore,2250.0,0.9,2.0,0,95.0,1,1,0,4,7,102.4,High
356899000,SILVER LINDA        ,Feeder Container,33.70401,-118.1552,0.4,False,False,2026-09-13 17:23:39.093305+00:00,2026-09-13,9,6,37,2026,Feeder Container,China Shipping,Hong Kong,2250.0,0.9,2.0,0,95.0,1,1,0,1,1,102.4,High
566705000,APL DUBLIN,Feeder Container,33.73322,-118.25292,0.0,False,False,2026-09-13 17:23:39.093305+00:00,2026-09-13,9,6,37,2026,Feeder Container,TraPac,Ningbo,2250.0,0.9,2.0,0,95.0,1,1,0,3,4,102.5,High
366870730,PUP                 ,Feeder Container,33.75286,-118.22085,0.1,False,False,2026-09-13 17:23:39.093305+00:00,2026-09-13,9,6,37,2026,Feeder Container,Yang Ming,Ningbo,2250.0,0.9,2.0,0,95.0,1,1,0,4,4,102.5,High
366892180,J.M. HIDALGO        ,Feeder Container,33.71443,-118.24392,9.6,True,False,2026-09-13 17:23:39.093305+00:00,2026-09-13,9,6,37,2026,Feeder Container,TraPac,Taipei,2250.0,0.9,2.0,0,95.0,1,1,0,3,8,102.3,High
367104040,KNOX T              ,Feeder Container,33.73503,-118.27059,0.0,False,False,2026-09-13 17:23:39.093305+00:00,2026-09-13,9,6,37,2026,Feeder Container,TraPac,Taipei,2250.0,0.9,2.0,0,95.0,1,1,0,3,8,102.3,High
368165820,V.A.POINT FERMIN    ,Feeder Container,33.72347,-118.28054,0.1,False,False,2026-09-13 17:23:39.093305+00:00,2026-09-13,9,6,37,2026,Feeder Container,APM Terminals,Manila,2250.0,0.9,2.0,0,95.0,1,1,0,0,3,102.4,High
367401030,DELTA BILLIE        ,Feeder Container,33.73506,-118.20313,7.6,False,False,2026-09-13 17:23:39.093305+00:00,2026-09-13,9,6,37,2026,Feeder Container,Yang Ming,Hong Kong,2250.0,0.9,2.0,0,95.0,1,1,0,4,1,102.4,High
367625810,DELTA AUDREY        ,Feeder Container,33.75884,-118.21714,0.0,False,False,2026-09-13 17:23:39.093305+00:00,2026-09-13,9,6,37,2026,Feeder Container,Yang Ming,Shanghai,2250.0,0.9,2.0,0,95.0,1,1,0,4,5,102.4,High
368375410,METS-3              ,Feeder Container,33.76344,-118.26031,0.0,False,False,2026-09-13 17:23:39.093305+00:00,2026-09-13,9,6,37,2026,Feeder Container,TraPac,Singapore,2250.0,0.9,2.0,0,95.0,1,1,0,3,7,102.4,High
367672140,MAURETANIA          ,Feeder Container,33.72352,-118.28044,0.0,False,False,2026-09-13 17:23:39.093305+00:00,2026-09-13,9,6,37,2026,Feeder Container,APM Terminals,Shenzhen,2250.0,0.9,2.0,0,95.0,1,1,0,0,6,102.4,High
368171260,MADELINE B HAMILTON ,Feeder Container,33.73128,-118.22302,0.0,False,False,2026-09-13 17:23:39.093305+00:00,2026-09-13,9,6,37,2026,Feeder Container,Yang Ming,Manila,2250.0,0.9,2.0,0,95.0,1,1,0,4,3,102.4,High
367421990,H R MORRIS          ,Feeder Container,33.75299,-118.22071,0.0,False,False,2026-09-13 17:23:39.093305+00:00,2026-09-13,9,6,37,2026,Feeder Container,Yang Ming,Hong Kong,2250.0,0.9,2.0,0,95.0,1,1,0,4,1,102.4,High
338926430,CGC ROBERT WARD,Feeder Container,33.70206,-118.2442,14.6,True,False,2026-09-13 17:23:39.093305+00:00,2026-09-13,9,6,37,2026,Feeder Container,TraPac,Busan,2250.0,0.9,2.0,0,95.0,1,1,0,3,0,101.9,High
368000890,ELIZABETH C         ,Feeder Container,33.75327,-118.22389,0.0,False,False,2026-09-13 17:23:39.093305+00:00,2026-09-13,9,6,37,2026,Feeder Container,Yang Ming,Singapore,2250.0,0.9,2.0,0,95.0,1,1,0,4,7,102.4,High
636092799,CISNES              ,Feeder Container,33.73239,-118.24755,0.0,False,False,2026-09-13 17:23:39.093305+00:00,2026-09-13,9,6,37,2026,Feeder Container,TraPac,Shanghai,2250.0,0.9,2.0,0,95.0,1,1,0,3,5,102.4,High
367006770,ROBYN J             ,Feeder Container,33.72938,-118.27555,0.0,False,False,2026-09-13 17:23:39.093305+00:00,2026-09-13,9,6,37,2026,Feeder Container,TraPac,Shenzhen,2250.0,0.9,2.0,0,95.0,1,1,0,3,6,102.4,High
367550000,SHANNON             ,Feeder Container,33.74543,-118.2249,0.0,False,False,2026-09-13 17:23:39.093305+00:00,2026-09-13,9,6,37,2026,Feeder Container,Yang Ming,Shanghai,2250.0,0.9,2.0,0,95.0,1,1,0,4,5,102.4,High
538070708,CIELO MARE          ,Feeder Container,33.72415,-118.27971,0.0,False,False,2026-09-13 17:23:39.093305+00:00,2026-09-13,9,6,37,2026,Feeder Container,TraPac,Taipei,2250.0,0.9,2.0,0,95.0,1,1,0,3,8,102.3,High
367044560,PILOT BOAT BANNING  ,Feeder Container,33.76279,-118.26562,0.0,False,False,2026-09-13 17:23:39.093305+00:00,2026-09-13,9,6,37,2026,Feeder Container,TraPac,Taipei,2250.0,0.9,2.0,0,95.0,1,1,0,3,8,102.3,High
368159190,LB PILOT POLARIS 3  ,Feeder Container,33.74732,-118.21566,0.0,False,False,2026-09-13 17:23:39.093305+00:00,2026-09-13,9,6,37,2026,Feeder Container,Yang Ming,Shanghai,2250.0,0.9,2.0,0,95.0,1,1,0,4,5,102.4,High
636026213,NAVIOS CYAN         ,Feeder Container,33.75478,-118.26294,0.0,False,False,2026-09-13 17:23:39.093305+00:00,2026-09-13,9,6,37,2026,Feeder Container,TraPac,Taipei,2250.0,0.9,2.0,0,95.0,1,1,0,3,8,102.3,High
367569830,BARBARA J MULHOLLAND,Feeder Container,33.76359,-118.2569,0.0,False,False,2026-09-13 17:23:39.093305+00:00,2026-09-13,9,6,37,2026,Feeder Container,TraPac,Ningbo,2250.0,0.9,2.0,0,95.0,1,1,0,3,4,102.5,High
367113620,SPIRIT ,Feeder Container,33.76044,-118.19214,0.0,False,False,2026-09-13 17:23:39.093305+00:00,2026-09-13,9,6,37,2026,Feeder Container,Everport,Hong Kong,2250.0,0.9,2.0,0,95.0,1,1,0,2,1,102.4,High
367004260,CABRILLO            ,Feeder Container,33.76754,-118.21688,0.0,False,False,2026-09-13 17:23:39.093305+00:00,2026-09-13,9,6,37,2026,Feeder Container,Yang Ming,Shanghai,2250.0,0.9,2.0,0,95.0,1,1,0,4,5,102.4,High
368171390,BROOKS M HAMILTON   ,Feeder Container,33.73087,-118.26196,0.0,False,False,2026-09-13 17:23:39.093305+00:00,2026-09-13,9,6,37,2026,Feeder Container,TraPac,Taipei,2250.0,0.9,2.0,0,95.0,1,1,0,3,8,102.3,High
366998840,MILLENIUM MAVERICK  ,Feeder Container,33.76392,-118.25682,0.0,False,False,2026-09-13 17:23:39.093305+00:00,2026-09-13,9,6,37,2026,Feeder Container,TraPac,Singapore,2250.0,0.9,2.0,0,95.0,1,1,0,3,7,102.4,High
367034960,PONO                ,Feeder Container,33.76743,-118.21695,0.0,False,False,2026-09-13 17:23:39.093305+00:00,2026-09-13,9,6,37,2026,Feeder Container,Yang Ming,Shanghai,2250.0,0.9,2.0,0,95.0,1,1,0,4,5,102.4,High
368133450,DARRELL HIATT       ,Feeder Container,33.73074,-118.26236,0.1,False,False,2026-09-13 17:23:39.093305+00:00,2026-09-13,9,6,37,2026,Feeder Container,TraPac,Manila,2250.0,0.9,2.0,0,95.0,1,1,0,3,3,102.4,High
367395280,CLEAN OCEAN         ,Feeder Container,33.73183,-118.26417,0.0,False,False,2026-09-13 17:23:39.093305+00:00,2026-09-13,9,6,37,2026,Feeder Container,TraPac,Busan,2250.0,0.9,2.0,0,95.0,1,1,0,3,0,101.9,High
368136950,HERCULES            ,Feeder Container,33.74023,-118.27812,0.0,False,False,2026-09-13 17:23:39.093305+00:00,2026-09-13,9,6,37,2026,Feeder Container,TraPac,Manila,2250.0,0.9,2.0,0,95.0,1,1,0,3,3,102.4,High
366904000,VISION              ,Feeder Container,33.73611,-118.20447,7.3,False,False,2026-09-13 17:23:39.093305+00:00,2026-09-13,9,6,37,2026,Feeder Container,Yang Ming,Busan,2250.0,0.9,2.0,0,95.0,1,1,0,4,0,101.9,High
368013040,TODD E PROPHET      ,Feeder Container,33.76084,-118.26694,0.0,False,False,2026-09-13 17:23:39.093305+00:00,2026-09-13,9,6,37,2026,Feeder Container,TraPac,Shanghai,2250.0,0.9,2.0,0,95.0,1,1,0,3,5,102.4,High
338118674,BAYWATCH19          ,Feeder Container,33.72623,-118.26904,0.1,False,False,2026-09-13 17:23:39.093305+00:00,2026-09-13,9,6,37,2026,Feeder Container,TraPac,Hong Kong,2250.0,0.9,2.0,0,95.0,1,1,0,3,1,102.4,High
367396670,Z-THREE             ,Feeder Container,33.76367,-118.257,0.0,False,False,2026-09-13 17:23:39.093305+00:00,2026-09-13,9,6,37,2026,Feeder Container,TraPac,Singapore,2250.0,0.9,2.0,0,95.0,1,1,0,3,7,102.4,High
636025124,DORIS OCEAN         ,Feeder Container,33.76292,-118.27659,0.0,False,False,2026-09-13 17:23:39.093305+00:00,2026-09-13,9,6,37,2026,Feeder Container,TraPac,Hong Kong,2250.0,0.9,2.0,0,95.0,1,1,0,3,1,102.4,High
538011464,SEAWAYS ALACRAN     ,Feeder Container,33.73176,-118.22396,0.0,False,False,2026-09-13 17:23:39.093305+00:00,2026-09-13,9,6,37,2026,Feeder Container,Yang Ming,Shanghai,2250.0,0.9,2.0,0,95.0,1,1,0,4,5,102.4,High
368084540,DELTA TERESA        ,Feeder Container,33.75485,-118.2185,0.0,False,False,2026-09-13 17:23:39.093305+00:00,2026-09-13,9,6,37,2026,Feeder Container,Yang Ming,Singapore,2250.0,0.9,2.0,0,95.0,1,1,0,4,7,102.4,High
367192940,AVALON EXPRESS      ,Feeder Container,33.69424,-118.25765,26.0,True,False,2026-09-13 17:23:39.093305+00:00,2026-09-13,9,6,37,2026,Feeder Container,TraPac,Hong Kong,2250.0,0.9,2.0,0,95.0,1,1,0,3,1,102.4,High
366943970,ISLANDER EXPRESSS,Feeder Container,33.74873,-118.27393,0.0,False,False,2026-09-13 17:23:39.093305+00:00,2026-09-13,9,6,37,2026,Feeder Container,TraPac,Hong Kong,2250.0,0.9,2.0,0,95.0,1,1,0,3,1,102.4,High
232018900,HYUNDAI NEPTUNE     ,Feeder Container,33.75853,-118.25936,0.0,False,False,2026-09-13 17:23:39.093305+00:00,2026-09-13,9,6,37,2026,Feeder Container,TraPac,Tokyo,2250.0,0.9,2.0,0,95.0,1,1,0,3,9,102.3,High
368453350,DIVE BOAT II,Feeder Container,33.73628,-118.26942,0.0,False,False,2026-09-13 17:23:39.093305+00:00,2026-09-13,9,6,37,2026,Feeder Container,TraPac,Manila,2250.0,0.9,2.0,0,95.0,1,1,0,3,3,102.4,High
338118674,BAYWATCH19          ,Feeder Container,33.72626,-118.26905,0.1,False,False,2026-09-14 19:15:24.295814+00:00,2026-09-14,9,0,38,2026,Feeder Container,TraPac,Taipei,2250.0,0.9,2.0,0,95.0,1,0,0,3,8,102.4,High
367401030,DELTA BILLIE        ,Feeder Container,33.77246,-118.22025,0.0,False,False,2026-09-14 19:15:24.295814+00:00,2026-09-14,9,0,38,2026,Feeder Container,Yang Ming,Busan,2250.0,0.9,2.0,0,95.0,1,0,0,4,0,102.1,High
367044560,PILOT BOAT BANNING  ,Feeder Container,33.76278,-118.26561,0.0,False,False,2026-09-14 19:15:24.295814+00:00,2026-09-14,9,0,38,2026,Feeder Container,TraPac,Hong Kong,2250.0,0.9,2.0,0,95.0,1,0,0,3,1,102.5,High
367104040,KNOX T              ,Feeder Container,33.72851,-118.27137,8.3,False,False,2026-09-14 19:15:24.295814+00:00,2026-09-14,9,0,38,2026,Feeder Container,TraPac,Tokyo,2250.0,0.9,2.0,0,95.0,1,0,0,3,9,102.4,High
366978690,EAGLE               ,Feeder Container,33.72037,-118.26696,5.2,False,False,2026-09-14 19:15:24.295814+00:00,2026-09-14,9,0,38,2026,Feeder Container,TraPac,Ningbo,2250.0,0.9,2.0,0,95.0,1,0,0,3,4,102.6,High
219031114,CANADIAN BULKER     ,Feeder Container,33.74967,-118.2088,0.0,False,False,2026-09-14 19:15:24.295814+00:00,2026-09-14,9,0,38,2026,Feeder Container,Yang Ming,Manila,2250.0,0.9,2.0,0,95.0,1,0,0,4,3,102.5,High
367672140,MAURETANIA          ,Feeder Container,33.72352,-118.28045,0.0,False,False,2026-09-14 19:15:24.295814+00:00,2026-09-14,9,0,38,2026,Feeder Container,APM Terminals,Manila,2250.0,0.9,2.0,0,95.0,1,0,0,0,3,102.5,High
367396670,Z-THREE             ,Feeder Container,33.76369,-118.25701,0.0,False,False,2026-09-14 19:15:24.295814+00:00,2026-09-14,9,0,38,2026,Feeder Container,TraPac,Jakarta,2250.0,0.9,2.0,0,95.0,1,0,0,3,2,102.5,High
367580930,TRIUMPHANT          ,Feeder Container,33.76244,-118.1954,0.3,False,False,2026-09-14 19:15:24.295814+00:00,2026-09-14,9,0,38,2026,Feeder Container,Everport,Shenzhen,2250.0,0.9,2.0,0,95.0,1,0,0,2,6,102.5,High
368084540,DELTA TERESA        ,Feeder Container,33.68575,-118.18739,8.9,True,False,2026-09-14 19:15:24.295814+00:00,2026-09-14,9,0,38,2026,Feeder Container,Everport,Jakarta,2250.0,0.9,2.0,0,95.0,1,0,0,2,2,102.5,High
366904000,VISION              ,Feeder Container,33.77264,-118.22085,0.0,False,False,2026-09-14 19:15:24.295814+00:00,2026-09-14,9,0,38,2026,Feeder Container,Yang Ming,Taipei,2250.0,0.9,2.0,0,95.0,1,0,0,4,8,102.4,High
368165820,V.A.POINT FERMIN    ,Feeder Container,33.72348,-118.28054,0.0,False,False,2026-09-14 19:15:24.295814+00:00,2026-09-14,9,0,38,2026,Feeder Container,APM Terminals,Singapore,2250.0,0.9,2.0,0,95.0,1,0,0,0,7,102.5,High
368013040,TODD E PROPHET      ,Feeder Container,33.73928,-118.22674,0.0,False,False,2026-09-14 19:15:24.295814+00:00,2026-09-14,9,0,38,2026,Feeder Container,Yang Ming,Manila,2250.0,0.9,2.0,0,95.0,1,0,0,4,3,102.5,High
255805927,NORDDOLPHIN,Feeder Container,33.68437,-118.12317,0.0,False,False,2026-09-14 19:15:24.295814+00:00,2026-09-14,9,0,38,2026,Feeder Container,China Shipping,Tokyo,2250.0,0.9,2.0,0,95.0,1,0,0,1,9,102.4,High
338093828,LA FIREBOAT 5       ,Feeder Container,33.73075,-118.25794,102.3,False,False,2026-09-14 19:15:24.295814+00:00,2026-09-14,9,0,38,2026,Feeder Container,TraPac,Singapore,2250.0,0.9,2.0,0,95.0,1,0,0,3,7,102.5,High
368453350,DIVE BOAT II,Feeder Container,33.73627,-118.26946,0.0,False,False,2026-09-14 19:15:24.295814+00:00,2026-09-14,9,0,38,2026,Feeder Container,TraPac,Taipei,2250.0,0.9,2.0,0,95.0,1,0,0,3,8,102.4,High
368000890,ELIZABETH C         ,Feeder Container,33.74449,-118.22447,0.0,False,False,2026-09-14 19:15:24.295814+00:00,2026-09-14,9,0,38,2026,Feeder Container,Yang Ming,Busan,2250.0,0.9,2.0,0,95.0,1,0,0,4,0,102.1,High
367689990,HARBOR KING,Medium Container,33.71639,-118.2642,9.2,False,False,2026-09-14 19:15:24.295814+00:00,2026-09-14,9,0,38,2026,Medium Container,TraPac,Jakarta,6750.0,0.9,2.0,0,95.0,1,0,2,3,2,102.7,High
367625810,DELTA AUDREY        ,Feeder Container,33.77196,-118.22145,0.0,False,False,2026-09-14 19:15:24.295814+00:00,2026-09-14,9,0,38,2026,Feeder Container,Yang Ming,Singapore,2250.0,0.9,2.0,0,95.0,1,0,0,4,7,102.5,High
368121190,ASSIST SEAL BEACH   ,Feeder Container,33.7498,-118.17888,6.8,False,False,2026-09-14 19:15:24.295814+00:00,2026-09-14,9,0,38,2026,Feeder Container,Everport,Tokyo,2250.0,0.9,2.0,0,95.0,1,0,0,2,9,102.4,High
367395280,CLEAN OCEAN         ,Feeder Container,33.73185,-118.26415,0.0,False,False,2026-09-14 19:15:24.295814+00:00,2026-09-14,9,0,38,2026,Feeder Container,TraPac,Shenzhen,2250.0,0.9,2.0,0,95.0,1,0,0,3,6,102.5,High
338366226,V.A.POINT VICENTE,Feeder Container,33.72339,-118.28066,0.0,False,False,2026-09-14 19:15:24.295814+00:00,2026-09-14,9,0,38,2026,Feeder Container,APM Terminals,Taipei,2250.0,0.9,2.0,0,95.0,1,0,0,0,8,102.4,High
366760650,LEADER,Feeder Container,33.72595,-118.19525,0.2,False,False,2026-09-14 19:15:24.295814+00:00,2026-09-14,9,0,38,2026,Feeder Container,Everport,Hong Kong,2250.0,0.9,2.0,0,95.0,1,0,0,2,1,102.5,High
367533290,MARIE CHERAMIE,Feeder Container,33.73448,-118.27075,0.0,False,False,2026-09-14 19:15:24.295814+00:00,2026-09-14,9,0,38,2026,Feeder Container,TraPac,Manila,2250.0,0.9,2.0,0,95.0,1,0,0,3,3,102.5,High
636093436,TAIGA               ,Feeder Container,33.73633,-118.16286,0.1,False,False,2026-09-14 19:15:24.295814+00:00,2026-09-14,9,0,38,2026,Feeder Container,Everport,Shenzhen,2250.0,0.9,2.0,0,95.0,1,0,0,2,6,102.5,High
368133450,DARRELL HIATT       ,Feeder Container,33.73073,-118.26238,0.0,False,False,2026-09-14 19:15:24.295814+00:00,2026-09-14,9,0,38,2026,Feeder Container,TraPac,Tokyo,2250.0,0.9,2.0,0,95.0,1,0,0,3,9,102.4,High
368171390,BROOKS M HAMILTON   ,Feeder Container,33.73051,-118.26225,0.0,False,False,2026-09-14 19:15:24.295814+00:00,2026-09-14,9,0,38,2026,Feeder Container,TraPac,Hong Kong,2250.0,0.9,2.0,0,95.0,1,0,0,3,1,102.5,High
367748970,BECKY T             ,Feeder Container,33.74257,-118.19668,0.0,False,False,2026-09-14 19:15:24.295814+00:00,2026-09-14,9,0,38,2026,Feeder Container,Everport,Singapore,2250.0,0.9,2.0,0,95.0,1,0,0,2,7,102.5,High
366892000,JAMIE ANN           ,Feeder Container,33.73774,-118.20793,8.5,False,False,2026-09-14 19:15:24.295814+00:00,2026-09-14,9,0,38,2026,Feeder Container,Yang Ming,Taipei,2250.0,0.9,2.0,0,95.0,1,0,0,4,8,102.4,High
563132400,WAN HAI 722         ,Feeder Container,33.74368,-118.20253,0.0,False,False,2026-09-14 19:15:24.295814+00:00,2026-09-14,9,0,38,2026,Feeder Container,Yang Ming,Manila,2250.0,0.9,2.0,0,95.0,1,0,0,4,3,102.5,High
367724740,LA ESPADA,Feeder Container,33.76239,-118.19495,0.0,False,False,2026-09-14 19:15:24.295814+00:00,2026-09-14,9,0,38,2026,Feeder Container,Everport,Hong Kong,2250.0,0.9,2.0,0,95.0,1,0,0,2,1,102.5,High
367017440,PIPER INNESS        ,Feeder Container,33.77086,-118.21168,0.0,False,False,2026-09-14 19:15:24.295814+00:00,2026-09-14,9,0,38,2026,Feeder Container,Yang Ming,Busan,2250.0,0.9,2.0,0,95.0,1,0,0,4,0,102.1,High
367004260,CABRILLO            ,Feeder Container,33.73414,-118.26856,0.0,False,False,2026-09-14 19:15:24.295814+00:00,2026-09-14,9,0,38,2026,Feeder Container,TraPac,Jakarta,2250.0,0.9,2.0,0,95.0,1,0,0,3,2,102.5,High
368136950,HERCULES            ,Feeder Container,33.72545,-118.18155,0.2,False,False,2026-09-14 19:15:24.295814+00:00,2026-09-14,9,0,38,2026,Feeder Container,Everport,Taipei,2250.0,0.9,2.0,0,95.0,1,0,0,2,8,102.4,High
369008000,ELIZABETH ANNE      ,Feeder Container,33.73288,-118.2742,5.8,False,False,2026-09-14 19:15:24.295814+00:00,2026-09-14,9,0,38,2026,Feeder Container,TraPac,Singapore,2250.0,0.9,2.0,0,95.0,1,0,0,3,7,102.5,High
356874000,POLARIS HIGHWAY,Large Container,33.74573,-118.21115,0.0,False,False,2026-09-14 19:15:24.295814+00:00,2026-09-14,9,0,38,2026,Large Container,Yang Ming,Shenzhen,10800.0,0.9,2.0,0,95.0,1,0,1,4,6,102.6,High
368165030,V.A. SAN PEDRO      ,Feeder Container,33.72342,-118.28052,0.0,False,False,2026-09-14 19:15:24.295814+00:00,2026-09-14,9,0,38,2026,Feeder Container,APM Terminals,Jakarta,2250.0,0.9,2.0,0,95.0,1,0,0,0,2,102.5,High
338429333,LAFD FB23           ,Feeder Container,33.731,-118.25744,0.3,False,False,2026-09-14 19:15:24.295814+00:00,2026-09-14,9,0,38,2026,Feeder Container,TraPac,Jakarta,2250.0,0.9,2.0,0,95.0,1,0,0,3,2,102.5,High
367019310,QUIN DELTA          ,Feeder Container,33.73627,-118.23977,0.0,False,False,2026-09-14 19:15:24.295814+00:00,2026-09-14,9,0,38,2026,Feeder Container,Yang Ming,Ningbo,2250.0,0.9,2.0,0,95.0,1,0,0,4,4,102.6,High
366998840,MILLENIUM MAVERICK  ,Feeder Container,33.72773,-118.1838,0.2,False,False,2026-09-14 19:15:24.295814+00:00,2026-09-14,9,0,38,2026,Feeder Container,Everport,Shenzhen,2250.0,0.9,2.0,0,95.0,1,0,0,2,6,102.5,High
563251800,EVER MAGIC          ,Feeder Container,33.74573,-118.27201,0.0,False,False,2026-09-14 19:15:24.295814+00:00,2026-09-14,9,0,38,2026,Feeder Container,TraPac,Shenzhen,2250.0,0.9,2.0,0,95.0,1,0,0,3,6,102.5,High
566482000,APL YANG SHAN,Feeder Container,33.76512,-118.27775,0.0,False,False,2026-09-14 19:15:24.295814+00:00,2026-09-14,9,0,38,2026,Feeder Container,TraPac,Taipei,2250.0,0.9,2.0,0,95.0,1,0,0,3,8,102.4,High
367034960,PONO                ,Feeder Container,33.76745,-118.21696,0.0,False,False,2026-09-14 19:15:24.295814+00:00,2026-09-14,9,0,38,2026,Feeder Container,Yang Ming,Shenzhen,2250.0,0.9,2.0,0,95.0,1,0,0,4,6,102.5,High
366926740,TIM QUIGG,Feeder Container,33.76375,-118.25675,0.0,False,False,2026-09-14 19:15:24.295814+00:00,2026-09-14,9,0,38,2026,Feeder Container,TraPac,Shanghai,2250.0,0.9,2.0,0,95.0,1,0,0,3,5,102.5,High
367421990,H R MORRIS          ,Feeder Container,33.753,-118.22072,0.0,False,False,2026-09-14 19:15:24.295814+00:00,2026-09-14,9,0,38,2026,Feeder Container,Yang Ming,Jakarta,2250.0,0.9,2.0,0,95.0,1,0,0,4,2,102.5,High
636024330,HMM TOPAZ           ,Feeder Container,33.73357,-118.24372,0.0,False,False,2026-09-14 19:15:24.295814+00:00,2026-09-14,9,0,38,2026,Feeder Container,TraPac,Tokyo,2250.0,0.9,2.0,0,95.0,1,0,0,3,9,102.4,High
563290500,ONE FREEDOM         ,Feeder Container,33.74361,-118.19438,0.0,False,False,2026-09-14 19:15:24.295814+00:00,2026-09-14,9,0,38,2026,Feeder Container,Everport,Tokyo,2250.0,0.9,2.0,0,95.0,1,0,0,2,9,102.4,High
303200000, COLLETTE C,Feeder Container,33.75329,-118.22382,0.0,False,False,2026-09-14 19:15:24.295814+00:00,2026-09-14,9,0,38,2026,Feeder Container,Yang Ming,Busan,2250.0,0.9,2.0,0,95.0,1,0,0,4,0,102.1,High
367550000,SHANNON             ,Feeder Container,33.74544,-118.22485,0.0,False,False,2026-09-14 19:15:24.295814+00:00,2026-09-14,9,0,38,2026,Feeder Container,Yang Ming,Shenzhen,2250.0,0.9,2.0,0,95.0,1,0,0,4,6,102.5,High
355233000,MSC IRENE           ,Feeder Container,33.75333,-118.23543,0.0,False,False,2026-09-14 19:15:24.295814+00:00,2026-09-14,9,0,38,2026,Feeder Container,Yang Ming,Singapore,2250.0,0.9,2.0,0,95.0,1,0,0,4,7,102.5,High
477738500,OOCL LONDON         ,Feeder Container,33.75602,-118.21419,0.0,False,False,2026-09-14 19:15:24.295814+00:00,2026-09-14,9,0,38,2026,Feeder Container,Yang Ming,Ningbo,2250.0,0.9,2.0,0,95.0,1,0,0,4,4,102.6,High
367006770,ROBYN J,Feeder Container,33.7389,-118.22602,0.0,False,False,2026-09-14 19:15:24.295814+00:00,2026-09-14,9,0,38,2026,Feeder Container,Yang Ming,Busan,2250.0,0.9,2.0,0,95.0,1,0,0,4,0,102.1,High
538012628,AGATE               ,Feeder Container,33.76673,-118.27299,0.0,False,False,2026-09-14 19:15:24.295814+00:00,2026-09-14,9,0,38,2026,Feeder Container,TraPac,Busan,2250.0,0.9,2.0,0,95.0,1,0,0,3,0,102.1,High
229957000,PS TRIESTE          ,Feeder Container,33.68064,-118.15192,0.4,False,False,2026-09-14 19:15:24.295814+00:00,2026-09-14,9,0,38,2026,Feeder Container,China Shipping,Hong Kong,2250.0,0.9,2.0,0,95.0,1,0,0,1,1,102.5,High
367776050,PACIFIC PATRIOT     ,Feeder Container,33.73792,-118.23424,1.8,False,False,2026-09-14 19:15:24.295814+00:00,2026-09-14,9,0,38,2026,Feeder Container,Yang Ming,Singapore,2250.0,0.9,2.0,0,95.0,1,0,0,4,7,102.5,High
371244000,MAHO CORAL          ,Feeder Container,33.74374,-118.20817,0.0,False,False,2026-09-14 19:15:24.295814+00:00,2026-09-14,9,0,38,2026,Feeder Container,Yang Ming,Manila,2250.0,0.9,2.0,0,95.0,1,0,0,4,3,102.5,High
367617970,KIMBERLY D          ,Feeder Container,33.73513,-118.2706,0.0,False,False,2026-09-14 19:15:24.295814+00:00,2026-09-14,9,0,38,2026,Feeder Container,TraPac,Singapore,2250.0,0.9,2.0,0,95.0,1,0,0,3,7,102.5,High
338118674,BAYWATCH19          ,Feeder Container,33.72626,-118.26902,0.2,False,False,2026-09-15 18:06:59.680710+00:00,2026-09-15,9,1,38,2026,Feeder Container,TraPac,Shanghai,2250.0,0.9,2.0,0,95.0,1,0,0,3,5,102.4,High
477909700,GUNHILDE MAERSK,Feeder Container,33.73069,-118.25298,0.0,False,False,2026-09-15 18:06:59.680710+00:00,2026-09-15,9,1,38,2026,Feeder Container,TraPac,Shanghai,2250.0,0.9,2.0,0,95.0,1,0,0,3,5,102.4,High
367396670,Z-THREE             ,Feeder Container,33.76366,-118.25699,0.0,False,False,2026-09-15 18:06:59.680710+00:00,2026-09-15,9,1,38,2026,Feeder Container,TraPac,Singapore,2250.0,0.9,2.0,0,95.0,1,0,0,3,7,102.3,High
368010330,LILLIAN FOSS        ,Feeder Container,33.71448,-118.23962,0.9,True,True,2026-09-15 18:06:59.680710+00:00,2026-09-15,9,1,38,2026,Feeder Container,Yang Ming,Hong Kong,2250.0,0.9,2.0,0,95.0,1,0,0,4,1,102.4,High
366998840,MILLENIUM MAVERICK  ,Feeder Container,33.76392,-118.25682,0.0,False,False,2026-09-15 18:06:59.680710+00:00,2026-09-15,9,1,38,2026,Feeder Container,TraPac,Shenzhen,2250.0,0.9,2.0,0,95.0,1,0,0,3,6,102.4,High
255805927,NORDDOLPHIN,Feeder Container,33.68442,-118.12343,0.0,False,False,2026-09-15 18:06:59.680710+00:00,2026-09-15,9,1,38,2026,Feeder Container,China Shipping,Singapore,2250.0,0.9,2.0,0,95.0,1,0,0,1,7,102.3,High
367533290,MARIE CHERAMIE,Feeder Container,33.73448,-118.27074,0.0,False,False,2026-09-15 18:06:59.680710+00:00,2026-09-15,9,1,38,2026,Feeder Container,TraPac,Busan,2250.0,0.9,2.0,0,95.0,1,0,0,3,0,101.9,High
636093436,TAIGA               ,Feeder Container,33.73569,-118.16367,0.0,False,False,2026-09-15 18:06:59.680710+00:00,2026-09-15,9,1,38,2026,Feeder Container,Everport,Taipei,2250.0,0.9,2.0,0,95.0,1,0,0,2,8,102.3,High
367422010,VALKYRIE ,Feeder Container,33.73416,-118.27357,0.0,False,False,2026-09-15 18:06:59.680710+00:00,2026-09-15,9,1,38,2026,Feeder Container,TraPac,Shanghai,2250.0,0.9,2.0,0,95.0,1,0,0,3,5,102.4,High
367017440,PIPER INNESS        ,Feeder Container,33.77091,-118.21169,0.0,False,False,2026-09-15 18:06:59.680710+00:00,2026-09-15,9,1,38,2026,Feeder Container,Yang Ming,Taipei,2250.0,0.9,2.0,0,95.0,1,0,0,4,8,102.3,High
367162280,SEA SCOUT           ,Feeder Container,33.72876,-118.22663,8.5,False,False,2026-09-15 18:06:59.680710+00:00,2026-09-15,9,1,38,2026,Feeder Container,Yang Ming,Tokyo,2250.0,0.9,2.0,0,95.0,1,0,0,4,9,102.3,High
356874000,POLARIS HIGHWAY     ,Feeder Container,33.77335,-118.21951,0.0,False,False,2026-09-15 18:06:59.680710+00:00,2026-09-15,9,1,38,2026,Feeder Container,Yang Ming,Singapore,2250.0,0.9,2.0,0,95.0,1,0,0,4,7,102.3,High
367401030,DELTA BILLIE        ,Feeder Container,33.71434,-118.24918,10.0,True,False,2026-09-15 18:06:59.680710+00:00,2026-09-15,9,1,38,2026,Feeder Container,TraPac,Ningbo,2250.0,0.9,2.0,0,95.0,1,0,0,3,4,102.5,High
338256000,BLAIR C   ,Feeder Container,33.7536,-118.22419,0.0,False,False,2026-09-15 18:06:59.680710+00:00,2026-09-15,9,1,38,2026,Feeder Container,Yang Ming,Tokyo,2250.0,0.9,2.0,0,95.0,1,0,0,4,9,102.3,High
368012340,APACHE              ,Feeder Container,33.73506,-118.26823,0.0,False,False,2026-09-15 18:06:59.680710+00:00,2026-09-15,9,1,38,2026,Feeder Container,TraPac,Manila,2250.0,0.9,2.0,0,95.0,1,0,0,3,3,102.4,High
368088820,MORTY               ,Feeder Container,33.74224,-118.19846,0.0,False,False,2026-09-15 18:06:59.680710+00:00,2026-09-15,9,1,38,2026,Feeder Container,Everport,Hong Kong,2250.0,0.9,2.0,0,95.0,1,0,0,2,1,102.4,High
366926740,TIM QUIGG,Feeder Container,33.76375,-118.25673,0.0,False,False,2026-09-15 18:06:59.680710+00:00,2026-09-15,9,1,38,2026,Feeder Container,TraPac,Busan,2250.0,0.9,2.0,0,95.0,1,0,0,3,0,101.9,High
368133450,DARRELL HIATT,Feeder Container,33.73314,-118.26778,0.0,False,False,2026-09-15 18:06:59.680710+00:00,2026-09-15,9,1,38,2026,Feeder Container,TraPac,Ningbo,2250.0,0.9,2.0,0,95.0,1,0,0,3,4,102.5,High
367019310,QUIN DELTA          ,Feeder Container,33.73761,-118.24022,0.0,False,False,2026-09-15 18:06:59.680710+00:00,2026-09-15,9,1,38,2026,Feeder Container,TraPac,Ningbo,2250.0,0.9,2.0,0,95.0,1,0,0,3,4,102.5,High
563211900,STRATEGIC RESOLVE   ,Feeder Container,33.76166,-118.2521,0.0,False,False,2026-09-15 18:06:59.680710+00:00,2026-09-15,9,1,38,2026,Feeder Container,TraPac,Hong Kong,2250.0,0.9,2.0,0,95.0,1,0,0,3,1,102.4,High
367330510,PATRICIA ANN,Feeder Container,33.72894,-118.27544,0.0,False,False,2026-09-15 18:06:59.680710+00:00,2026-09-15,9,1,38,2026,Feeder Container,TraPac,Manila,2250.0,0.9,2.0,0,95.0,1,0,0,3,3,102.4,High
366904000,VISION              ,Feeder Container,33.76034,-118.26767,0.0,False,False,2026-09-15 18:06:59.680710+00:00,2026-09-15,9,1,38,2026,Feeder Container,TraPac,Shanghai,2250.0,0.9,2.0,0,95.0,1,0,0,3,5,102.4,High
565909000,MATSON ORCHID       ,Feeder Container,33.7685,-118.23319,0.0,False,False,2026-09-15 18:06:59.680710+00:00,2026-09-15,9,1,38,2026,Feeder Container,Yang Ming,Tokyo,2250.0,0.9,2.0,0,95.0,1,0,0,4,9,102.3,High
563251800,EVER MAGIC          ,Feeder Container,33.74569,-118.27193,0.0,False,False,2026-09-15 18:06:59.680710+00:00,2026-09-15,9,1,38,2026,Feeder Container,TraPac,Tokyo,2250.0,0.9,2.0,0,95.0,1,0,0,3,9,102.3,High
367492920,WYATT M             ,Feeder Container,33.72833,-118.2712,5.8,False,False,2026-09-15 18:06:59.680710+00:00,2026-09-15,9,1,38,2026,Feeder Container,TraPac,Jakarta,2250.0,0.9,2.0,0,95.0,1,0,0,3,2,102.4,High
368024740,LB PILOT BOAT  ORION,Feeder Container,33.74724,-118.21565,0.0,False,False,2026-09-15 18:06:59.680710+00:00,2026-09-15,9,1,38,2026,Feeder Container,Yang Ming,Manila,2250.0,0.9,2.0,0,95.0,1,0,0,4,3,102.4,High
477738500,OOCL LONDON,Large Container,33.756,-118.2142,0.0,False,False,2026-09-15 18:06:59.680710+00:00,2026-09-15,9,1,38,2026,Large Container,Yang Ming,Ningbo,10800.0,0.9,2.0,0,95.0,1,0,1,4,4,102.7,High
366760650,LEADER              ,Feeder Container,33.75666,-118.26973,0.0,False,False,2026-09-15 18:06:59.680710+00:00,2026-09-15,9,1,38,2026,Feeder Container,TraPac,Jakarta,2250.0,0.9,2.0,0,95.0,1,0,0,3,2,102.4,High
416468000,YM UNIFORMITY       ,Feeder Container,33.75152,-118.27356,0.0,False,False,2026-09-15 18:06:59.680710+00:00,2026-09-15,9,1,38,2026,Feeder Container,TraPac,Taipei,2250.0,0.9,2.0,0,95.0,1,0,0,3,8,102.3,High
367672140,MAURETANIA          ,Feeder Container,33.72353,-118.28043,0.0,False,False,2026-09-15 18:06:59.680710+00:00,2026-09-15,9,1,38,2026,Feeder Container,APM Terminals,Tokyo,2250.0,0.9,2.0,0,95.0,1,0,0,0,9,102.3,High
368068820,DB IRONBOUND        ,Feeder Container,33.75476,-118.22436,0.0,False,False,2026-09-15 18:06:59.680710+00:00,2026-09-15,9,1,38,2026,Feeder Container,Yang Ming,Hong Kong,2250.0,0.9,2.0,0,95.0,1,0,0,4,1,102.4,High
367625810,DELTA AUDREY        ,Feeder Container,33.73984,-118.27819,0.0,False,False,2026-09-15 18:06:59.680710+00:00,2026-09-15,9,1,38,2026,Feeder Container,TraPac,Tokyo,2250.0,0.9,2.0,0,95.0,1,0,0,3,9,102.3,High
366886630,EXY JOHNSON,Feeder Container,33.73654,-118.27791,0.0,False,False,2026-09-15 18:06:59.680710+00:00,2026-09-15,9,1,38,2026,Feeder Container,TraPac,Busan,2250.0,0.9,2.0,0,95.0,1,0,0,3,0,101.9,High
367067110,POLAR ENTERPRISE    ,Feeder Container,33.7565,-118.2183,0.0,False,False,2026-09-15 18:06:59.680710+00:00,2026-09-15,9,1,38,2026,Feeder Container,Yang Ming,Busan,2250.0,0.9,2.0,0,95.0,1,0,0,4,0,101.9,High
368084540,DELTA TERESA        ,Feeder Container,33.75763,-118.26995,0.0,False,False,2026-09-15 18:06:59.680710+00:00,2026-09-15,9,1,38,2026,Feeder Container,TraPac,Shenzhen,2250.0,0.9,2.0,0,95.0,1,0,0,3,6,102.4,High
367513170,LASSEN              ,Feeder Container,33.74351,-118.19975,0.1,False,False,2026-09-15 18:06:59.680710+00:00,2026-09-15,9,1,38,2026,Feeder Container,Everport,Shenzhen,2250.0,0.9,2.0,0,95.0,1,0,0,2,6,102.4,High
369008000,ELIZABETH ANNE      ,Feeder Container,33.77632,-118.21086,0.0,False,False,2026-09-15 18:06:59.680710+00:00,2026-09-15,9,1,38,2026,Feeder Container,Yang Ming,Tokyo,2250.0,0.9,2.0,0,95.0,1,0,0,4,9,102.3,High
367393270,NICHOLAS L          ,Feeder Container,33.73253,-118.27163,6.9,False,False,2026-09-15 18:06:59.680710+00:00,2026-09-15,9,1,38,2026,Feeder Container,TraPac,Shenzhen,2250.0,0.9,2.0,0,95.0,1,0,0,3,6,102.4,High
367569830,BARBARA J MULHOLLAND,Feeder Container,33.76356,-118.25683,0.0,False,False,2026-09-15 18:06:59.680710+00:00,2026-09-15,9,1,38,2026,Feeder Container,TraPac,Taipei,2250.0,0.9,2.0,0,95.0,1,0,0,3,8,102.3,High
367550000,SHANNON             ,Feeder Container,33.74545,-118.22483,0.0,False,False,2026-09-15 18:06:59.680710+00:00,2026-09-15,9,1,38,2026,Feeder Container,Yang Ming,Taipei,2250.0,0.9,2.0,0,95.0,1,0,0,4,8,102.3,High
369225000,UTAH VOYAGER        ,Feeder Container,33.7633,-118.25999,0.1,False,False,2026-09-15 18:06:59.680710+00:00,2026-09-15,9,1,38,2026,Feeder Container,TraPac,Taipei,2250.0,0.9,2.0,0,95.0,1,0,0,3,8,102.3,High
367704150,KRISTINA            ,Feeder Container,33.76226,-118.19548,0.0,False,False,2026-09-15 18:06:59.680710+00:00,2026-09-15,9,1,38,2026,Feeder Container,Everport,Tokyo,2250.0,0.9,2.0,0,95.0,1,0,0,2,9,102.3,High
366857070,JET CAT EXPRESS     ,Feeder Container,33.76305,-118.19926,0.0,False,False,2026-09-15 18:06:59.680710+00:00,2026-09-15,9,1,38,2026,Feeder Container,Everport,Shanghai,2250.0,0.9,2.0,0,95.0,1,0,0,2,5,102.4,High
303200000, COLLETTE C,Feeder Container,33.7533,-118.22381,0.0,False,False,2026-09-15 18:06:59.680710+00:00,2026-09-15,9,1,38,2026,Feeder Container,Yang Ming,Busan,2250.0,0.9,2.0,0,95.0,1,0,0,4,0,101.9,High
366760710,REDONDO             ,Feeder Container,33.74238,-118.20468,4.9,False,False,2026-09-15 18:06:59.680710+00:00,2026-09-15,9,1,38,2026,Feeder Container,Yang Ming,Taipei,2250.0,0.9,2.0,0,95.0,1,0,0,4,8,102.3,High
338921000,CG GEORGE COBB,Feeder Container,33.72837,-118.27042,0.1,False,False,2026-09-15 18:06:59.680710+00:00,2026-09-15,9,1,38,2026,Feeder Container,TraPac,Taipei,2250.0,0.9,2.0,0,95.0,1,0,0,3,8,102.3,High
367044560,PILOT BOAT BANNING  ,Feeder Container,33.76281,-118.2656,0.0,False,False,2026-09-15 18:06:59.680710+00:00,2026-09-15,9,1,38,2026,Feeder Container,TraPac,Hong Kong,2250.0,0.9,2.0,0,95.0,1,0,0,3,1,102.4,High
366892000,JAMIE ANN           ,Feeder Container,33.77079,-118.21221,0.0,False,False,2026-09-15 18:06:59.680710+00:00,2026-09-15,9,1,38,2026,Feeder Container,Yang Ming,Singapore,2250.0,0.9,2.0,0,95.0,1,0,0,4,7,102.3,High
352002694,IRIS ACE            ,Feeder Container,33.76675,-118.25409,0.0,False,False,2026-09-15 18:06:59.680710+00:00,2026-09-15,9,1,38,2026,Feeder Container,TraPac,Busan,2250.0,0.9,2.0,0,95.0,1,0,0,3,0,101.9,High
367396670,Z-THREE,Feeder Container,33.76366,-118.25701,0.0,False,False,2026-09-16 18:07:27.130371+00:00,2026-09-16,9,2,38,2026,Feeder Container,TraPac,Tokyo,2250.0,0.9,2.0,0,95.0,1,0,0,3,9,102.3,High
338921000,CG GEORGE COBB,Feeder Container,33.72837,-118.27042,0.1,False,False,2026-09-16 18:07:27.130371+00:00,2026-09-16,9,2,38,2026,Feeder Container,TraPac,Shanghai,2250.0,0.9,2.0,0,95.0,1,0,0,3,5,102.4,High
367569830,BARBARA J MULHOLLAND,Feeder Container,33.72595,-118.27084,6.7,False,False,2026-09-16 18:07:27.130371+00:00,2026-09-16,9,2,38,2026,Feeder Container,TraPac,Shanghai,2250.0,0.9,2.0,0,95.0,1,0,0,3,5,102.4,High
368000890,ELIZABETH C         ,Feeder Container,33.74443,-118.2245,0.1,False,False,2026-09-16 18:07:27.130371+00:00,2026-09-16,9,2,38,2026,Feeder Container,Yang Ming,Singapore,2250.0,0.9,2.0,0,95.0,1,0,0,4,7,102.3,High
367550000,SHANNON             ,Feeder Container,33.74547,-118.22486,0.0,False,False,2026-09-16 18:07:27.130371+00:00,2026-09-16,9,2,38,2026,Feeder Container,Yang Ming,Jakarta,2250.0,0.9,2.0,0,95.0,1,0,0,4,2,102.4,High
368418560,WENDY JO            ,Feeder Container,33.68888,-118.30827,6.9,False,False,2026-09-16 18:07:27.130371+00:00,2026-09-16,9,2,38,2026,Feeder Container,APM Terminals,Ningbo,2250.0,0.9,2.0,0,95.0,1,0,0,0,4,102.5,High
369008000,ELIZABETH ANNE      ,Feeder Container,33.71879,-118.25982,5.1,True,False,2026-09-16 18:07:27.130371+00:00,2026-09-16,9,2,38,2026,Feeder Container,TraPac,Hong Kong,2250.0,0.9,2.0,0,95.0,1,0,0,3,1,102.4,High
248013000,CMA CGM PEGASUS,Feeder Container,33.73188,-118.25709,0.0,False,False,2026-09-16 18:07:27.130371+00:00,2026-09-16,9,2,38,2026,Feeder Container,TraPac,Singapore,2250.0,0.9,2.0,0,95.0,1,0,0,3,7,102.3,High
338118674,BAYWATCH19          ,Feeder Container,33.72626,-118.26903,0.3,False,False,2026-09-16 18:07:27.130371+00:00,2026-09-16,9,2,38,2026,Feeder Container,TraPac,Jakarta,2250.0,0.9,2.0,0,95.0,1,0,0,3,2,102.4,High
477738500,OOCL LONDON         ,Feeder Container,33.75602,-118.21418,0.0,False,False,2026-09-16 18:07:27.130371+00:00,2026-09-16,9,2,38,2026,Feeder Container,Yang Ming,Busan,2250.0,0.9,2.0,0,95.0,1,0,0,4,0,101.9,High
441252000,KMTC NINGBO         ,Feeder Container,33.6974,-118.16501,3.7,False,False,2026-09-16 18:07:27.130371+00:00,2026-09-16,9,2,38,2026,Feeder Container,Everport,Singapore,2250.0,0.9,2.0,0,95.0,1,0,0,2,7,102.3,High
636024330,HMM TOPAZ,Large Container,33.73353,-118.24377,0.0,False,False,2026-09-16 18:07:27.130371+00:00,2026-09-16,9,2,38,2026,Large Container,TraPac,Manila,10800.0,0.9,2.0,0,95.0,1,0,1,3,3,102.6,High
563290500,ONE FREEDOM         ,Feeder Container,33.74359,-118.19437,0.0,False,False,2026-09-16 18:07:27.130371+00:00,2026-09-16,9,2,38,2026,Feeder Container,Everport,Tokyo,2250.0,0.9,2.0,0,95.0,1,0,0,2,9,102.3,High
303200000, COLLETTE C,Feeder Container,33.75331,-118.22381,0.0,False,False,2026-09-16 18:07:27.130371+00:00,2026-09-16,9,2,38,2026,Feeder Container,Yang Ming,Tokyo,2250.0,0.9,2.0,0,95.0,1,0,0,4,9,102.3,High
538012628,AGATE               ,Feeder Container,33.76665,-118.27291,0.0,False,False,2026-09-16 18:07:27.130371+00:00,2026-09-16,9,2,38,2026,Feeder Container,TraPac,Shanghai,2250.0,0.9,2.0,0,95.0,1,0,0,3,5,102.4,High
367616090,SEA FORCE           ,Feeder Container,33.74797,-118.21575,0.0,False,False,2026-09-16 18:07:27.130371+00:00,2026-09-16,9,2,38,2026,Feeder Container,Yang Ming,Shenzhen,2250.0,0.9,2.0,0,95.0,1,0,0,4,6,102.4,High
368159190,LB PILOT POLARIS 3  ,Feeder Container,33.7473,-118.21566,0.1,False,False,2026-09-16 18:07:27.130371+00:00,2026-09-16,9,2,38,2026,Feeder Container,Yang Ming,Busan,2250.0,0.9,2.0,0,95.0,1,0,0,4,0,101.9,High
215183000,CMA CGM NEW JERSEY,Feeder Container,33.73418,-118.24937,0.0,False,False,2026-09-16 18:07:27.130371+00:00,2026-09-16,9,2,38,2026,Feeder Container,TraPac,Busan,2250.0,0.9,2.0,0,95.0,1,0,0,3,0,101.9,High
416468000,YM UNIFORMITY       ,Feeder Container,33.75149,-118.27354,0.0,False,False,2026-09-16 18:07:27.130371+00:00,2026-09-16,9,2,38,2026,Feeder Container,TraPac,Ningbo,2250.0,0.9,2.0,0,95.0,1,0,0,3,4,102.5,High
338366226,V.A.POINT VICENTE,Feeder Container,33.72336,-118.28068,0.0,False,False,2026-09-16 18:07:27.130371+00:00,2026-09-16,9,2,38,2026,Feeder Container,APM Terminals,Busan,2250.0,0.9,2.0,0,95.0,1,0,0,0,0,101.9,High
367513170,LASSEN              ,Feeder Container,33.74348,-118.1997,0.0,False,False,2026-09-16 18:07:27.130371+00:00,2026-09-16,9,2,38,2026,Feeder Container,Everport,Singapore,2250.0,0.9,2.0,0,95.0,1,0,0,2,7,102.3,High
367533290,MARIE CHERAMIE,Feeder Container,33.73448,-118.27074,0.0,False,False,2026-09-16 18:07:27.130371+00:00,2026-09-16,9,2,38,2026,Feeder Container,TraPac,Shanghai,2250.0,0.9,2.0,0,95.0,1,0,0,3,5,102.4,High
368171260,MADELINE B HAMILTON ,Feeder Container,33.7143,-118.2459,5.0,True,False,2026-09-16 18:07:27.130371+00:00,2026-09-16,9,2,38,2026,Feeder Container,TraPac,Shenzhen,2250.0,0.9,2.0,0,95.0,1,0,0,3,6,102.4,High
367067110,POLAR ENTERPRISE,Ultra Large Container,33.73297,-118.21487,0.1,False,False,2026-09-16 18:07:27.130371+00:00,2026-09-16,9,2,38,2026,Ultra Large Container,Yang Ming,Hong Kong,16200.0,0.9,2.0,0,95.0,1,0,4,4,1,102.4,High
369725000,IRVING JOHNSON,Feeder Container,33.73608,-118.27781,0.0,False,False,2026-09-16 18:07:27.130371+00:00,2026-09-16,9,2,38,2026,Feeder Container,TraPac,Singapore,2250.0,0.9,2.0,0,95.0,1,0,0,3,7,102.3,High
367175860,INDEPENDENCE,Feeder Container,33.74608,-118.27323,6.9,False,False,2026-09-16 18:07:27.130371+00:00,2026-09-16,9,2,38,2026,Feeder Container,TraPac,Jakarta,2250.0,0.9,2.0,0,95.0,1,0,0,3,2,102.4,High
355233000,MSC IRENE           ,Feeder Container,33.7533,-118.23542,0.0,False,False,2026-09-16 18:07:27.130371+00:00,2026-09-16,9,2,38,2026,Feeder Container,Yang Ming,Hong Kong,2250.0,0.9,2.0,0,95.0,1,0,0,4,1,102.4,High
367034960,PONO                ,Feeder Container,33.76742,-118.21697,0.0,False,False,2026-09-16 18:07:27.130371+00:00,2026-09-16,9,2,38,2026,Feeder Container,Yang Ming,Singapore,2250.0,0.9,2.0,0,95.0,1,0,0,4,7,102.3,High
369225000,UTAH VOYAGER        ,Feeder Container,33.6874,-118.25356,7.5,True,False,2026-09-16 18:07:27.130371+00:00,2026-09-16,9,2,38,2026,Feeder Container,TraPac,Hong Kong,2250.0,0.9,2.0,0,95.0,1,0,0,3,1,102.4,High
538010092,NYK SILVIA          ,Feeder Container,33.75999,-118.25719,0.0,False,False,2026-09-16 18:07:27.130371+00:00,2026-09-16,9,2,38,2026,Feeder Container,TraPac,Taipei,2250.0,0.9,2.0,0,95.0,1,0,0,3,8,102.3,High
366943960,CATALINA EXPRESS    ,Feeder Container,33.74875,-118.27393,0.0,False,False,2026-09-16 18:07:27.130371+00:00,2026-09-16,9,2,38,2026,Feeder Container,TraPac,Ningbo,2250.0,0.9,2.0,0,95.0,1,0,0,3,4,102.5,High
367004260,CABRILLO            ,Feeder Container,33.73409,-118.26853,0.0,False,False,2026-09-16 18:07:27.130371+00:00,2026-09-16,9,2,38,2026,Feeder Container,TraPac,Ningbo,2250.0,0.9,2.0,0,95.0,1,0,0,3,4,102.5,High
215240000,CMA CGM GEORGIA,Feeder Container,33.73317,-118.25283,0.0,False,False,2026-09-16 18:07:27.130371+00:00,2026-09-16,9,2,38,2026,Feeder Container,TraPac,Ningbo,2250.0,0.9,2.0,0,95.0,1,0,0,3,4,102.5,High
563251800,EVER MAGIC          ,Feeder Container,33.74576,-118.27195,0.0,False,False,2026-09-16 18:07:27.130371+00:00,2026-09-16,9,2,38,2026,Feeder Container,TraPac,Ningbo,2250.0,0.9,2.0,0,95.0,1,0,0,3,4,102.5,High
367683830,RUBY J              ,Feeder Container,33.73556,-118.27099,0.1,False,False,2026-09-16 18:07:27.130371+00:00,2026-09-16,9,2,38,2026,Feeder Container,TraPac,Busan,2250.0,0.9,2.0,0,95.0,1,0,0,3,0,101.9,High
367395280,CLEAN OCEAN,Feeder Container,33.73183,-118.26417,0.0,False,False,2026-09-16 18:07:27.130371+00:00,2026-09-16,9,2,38,2026,Feeder Container,TraPac,Busan,2250.0,0.9,2.0,0,95.0,1,0,0,3,0,101.9,High
366760710,REDONDO             ,Feeder Container,33.74364,-118.15571,6.9,False,False,2026-09-16 18:07:27.130371+00:00,2026-09-16,9,2,38,2026,Feeder Container,China Shipping,Shanghai,2250.0,0.9,2.0,0,95.0,1,0,0,1,5,102.4,High
255805927,NORDDOLPHIN,Feeder Container,33.71231,-118.18264,6.0,True,False,2026-09-16 18:07:27.130371+00:00,2026-09-16,9,2,38,2026,Feeder Container,Everport,Manila,2250.0,0.9,2.0,0,95.0,1,0,0,2,3,102.4,High
368084540,DELTA TERESA        ,Feeder Container,33.7399,-118.27818,0.0,False,False,2026-09-16 18:07:27.130371+00:00,2026-09-16,9,2,38,2026,Feeder Container,TraPac,Manila,2250.0,0.9,2.0,0,95.0,1,0,0,3,3,102.4,High
367672140,MAURETANIA,Medium Container,33.72354,-118.28042,0.0,False,False,2026-09-16 18:07:27.130371+00:00,2026-09-16,9,2,38,2026,Medium Container,APM Terminals,Ningbo,6750.0,0.9,2.0,0,95.0,1,0,2,0,4,102.7,High
368024740,LB PILOT BOAT  ORION,Feeder Container,33.71656,-118.23421,18.2,True,False,2026-09-16 18:07:27.130371+00:00,2026-09-16,9,2,38,2026,Feeder Container,Yang Ming,Tokyo,2250.0,0.9,2.0,0,95.0,1,0,0,4,9,102.3,High
368136950,HERCULES            ,Feeder Container,33.74023,-118.27812,0.0,False,False,2026-09-16 18:07:27.130371+00:00,2026-09-16,9,2,38,2026,Feeder Container,TraPac,Busan,2250.0,0.9,2.0,0,95.0,1,0,0,3,0,101.9,High
255803680,MSC BRIDGEPORT      ,Feeder Container,33.75554,-118.2763,0.0,False,False,2026-09-16 18:07:27.130371+00:00,2026-09-16,9,2,38,2026,Feeder Container,TraPac,Tokyo,2250.0,0.9,2.0,0,95.0,1,0,0,3,9,102.3,High
368165820,V.A.POINT FERMIN    ,Feeder Container,33.72349,-118.28054,0.0,False,False,2026-09-16 18:07:27.130371+00:00,2026-09-16,9,2,38,2026,Feeder Container,APM Terminals,Jakarta,2250.0,0.9,2.0,0,95.0,1,0,0,0,2,102.4,High
367625810,DELTA AUDREY        ,Feeder Container,33.73982,-118.27789,0.0,False,False,2026-09-16 18:07:27.130371+00:00,2026-09-16,9,2,38,2026,Feeder Container,TraPac,Singapore,2250.0,0.9,2.0,0,95.0,1,0,0,3,7,102.3,High
367110260,CATALINA DUCHESS    ,Feeder Container,33.68127,-118.28541,13.3,False,False,2026-09-16 18:07:27.130371+00:00,2026-09-16,9,2,38,2026,Feeder Container,APM Terminals,Singapore,2250.0,0.9,2.0,0,95.0,1,0,0,0,7,102.3,High
367133910,FIREBOAT 4          ,Feeder Container,33.76535,-118.25532,0.0,False,False,2026-09-16 18:07:27.130371+00:00,2026-09-16,9,2,38,2026,Feeder Container,TraPac,Shanghai,2250.0,0.9,2.0,0,95.0,1,0,0,3,5,102.4,High
368171390,BROOKS M HAMILTON,Feeder Container,33.72431,-118.2627,6.2,False,False,2026-09-16 18:07:27.130371+00:00,2026-09-16,9,2,38,2026,Feeder Container,TraPac,Shenzhen,2250.0,0.9,2.0,0,95.0,1,0,0,3,6,102.4,High
367330510,PATRICIA ANN,Feeder Container,33.72894,-118.27545,0.0,False,False,2026-09-16 18:07:27.130371+00:00,2026-09-16,9,2,38,2026,Feeder Container,TraPac,Shenzhen,2250.0,0.9,2.0,0,95.0,1,0,0,3,6,102.4,High
366998840,MILLENIUM MAVERICK  ,Feeder Container,33.72652,-118.18238,1.6,False,False,2026-09-16 18:07:27.130371+00:00,2026-09-16,9,2,38,2026,Feeder Container,Everport,Hong Kong,2250.0,0.9,2.0,0,95.0,1,0,0,2,1,102.4,High
636020916,PACIFIC RUBY        ,Feeder Container,33.68435,-118.13995,0.0,False,False,2026-09-16 18:07:27.130371+00:00,2026-09-16,9,2,38,2026,Feeder Container,China Shipping,Jakarta,2250.0,0.9,2.0,0,95.0,1,0,0,1,2,102.4,High
367704150,KRISTINA            ,Feeder Container,33.76223,-118.19548,0.0,False,False,2026-09-16 18:07:27.130371+00:00,2026-09-16,9,2,38,2026,Feeder Container,Everport,Singapore,2250.0,0.9,2.0,0,95.0,1,0,0,2,7,102.3,High
367396710,Z FOUR,Feeder Container,33.72875,-118.27514,0.1,False,False,2026-09-16 18:07:27.130371+00:00,2026-09-16,9,2,38,2026,Feeder Container,TraPac,Tokyo,2250.0,0.9,2.0,0,95.0,1,0,0,3,9,102.3,High
356899000,SILVER LINDA        ,Feeder Container,33.77453,-118.21539,0.1,False,False,2026-09-16 18:07:27.130371+00:00,2026-09-16,9,2,38,2026,Feeder Container,Yang Ming,Taipei,2250.0,0.9,2.0,0,95.0,1,0,0,4,8,102.3,High
366892000,JAMIE ANN,Feeder Container,33.71153,-118.18263,6.1,True,False,2026-09-16 18:07:27.130371+00:00,2026-09-16,9,2,38,2026,Feeder Container,Everport,Singapore,2250.0,0.9,2.0,0,95.0,1,0,0,2,7,102.3,High
352003758,KITAKAMI RIVER      ,Feeder Container,33.70859,-118.23056,0.0,True,True,2026-09-16 18:07:27.130371+00:00,2026-09-16,9,2,38,2026,Feeder Container,Yang Ming,Shenzhen,2250.0,0.9,2.0,0,95.0,1,0,0,4,6,102.4,High
366760650,LEADER              ,Feeder Container,33.74023,-118.27795,0.0,False,False,2026-09-16 18:07:27.130371+00:00,2026-09-16,9,2,38,2026,Feeder Container,TraPac,Jakarta,2250.0,0.9,2.0,0,95.0,1,0,0,3,2,102.4,High
366926740,TIM QUIGG,Feeder Container,33.76373,-118.25673,0.0,False,False,2026-09-16 18:07:27.130371+00:00,2026-09-16,9,2,38,2026,Feeder Container,TraPac,Tokyo,2250.0,0.9,2.0,0,95.0,1,0,0,3,9,102.3,High
366753000,JAMIE LEE           ,Feeder Container,33.73171,-118.25684,0.3,False,False,2026-09-16 18:07:27.130371+00:00,2026-09-16,9,2,38,2026,Feeder Container,TraPac,Hong Kong,2250.0,0.9,2.0,0,95.0,1,0,0,3,1,102.4,High
367109000,OVERSEAS HOUSTON    ,Feeder Container,33.77588,-118.21234,0.0,False,False,2026-09-16 18:07:27.130371+00:00,2026-09-16,9,2,38,2026,Feeder Container,Yang Ming,Ningbo,2250.0,0.9,2.0,0,95.0,1,0,0,4,4,102.5,High
218441000,MSC LIVORNO         ,Feeder Container,33.69504,-118.12681,0.0,False,False,2026-09-16 18:07:27.130371+00:00,2026-09-16,9,2,38,2026,Feeder Container,China Shipping,Manila,2250.0,0.9,2.0,0,95.0,1,0,0,1,3,102.4,High
367189890,LOREN C,Large Container,33.75406,-118.2244,0.0,False,False,2026-09-16 18:07:27.130371+00:00,2026-09-16,9,2,38,2026,Large Container,Yang Ming,Busan,10800.0,0.9,2.0,0,95.0,1,0,1,4,0,102.1,High
369008000,ELIZABETH ANNE,Feeder Container,33.73649,-118.21713,5.8,False,False,2026-09-17 18:08:27.532007+00:00,2026-09-17,9,3,38,2026,Feeder Container,Yang Ming,Tokyo,2250.0,0.9,2.0,0,95.0,1,0,0,4,9,102.2,High
636020916,PACIFIC RUBY        ,Feeder Container,33.68355,-118.13775,0.0,False,False,2026-09-17 18:08:27.532007+00:00,2026-09-17,9,3,38,2026,Feeder Container,China Shipping,Singapore,2250.0,0.9,2.0,0,95.0,1,0,0,1,7,102.3,High
367006790,VICKI ANN           ,Feeder Container,33.7604,-118.26749,0.0,False,False,2026-09-17 18:08:27.532007+00:00,2026-09-17,9,3,38,2026,Feeder Container,TraPac,Hong Kong,2250.0,0.9,2.0,0,95.0,1,0,0,3,1,102.3,High
368000890,ELIZABETH C         ,Feeder Container,33.75347,-118.22395,0.0,False,False,2026-09-17 18:08:27.532007+00:00,2026-09-17,9,3,38,2026,Feeder Container,Yang Ming,Taipei,2250.0,0.9,2.0,0,95.0,1,0,0,4,8,102.2,High
367565520,LANA                ,Feeder Container,33.73315,-118.25269,0.1,False,False,2026-09-17 18:08:27.532007+00:00,2026-09-17,9,3,38,2026,Feeder Container,TraPac,Singapore,2250.0,0.9,2.0,0,95.0,1,0,0,3,7,102.3,High
218441000,MSC LIVORNO,Large Container,33.75334,-118.2355,0.0,False,False,2026-09-17 18:08:27.532007+00:00,2026-09-17,9,3,38,2026,Large Container,Yang Ming,Hong Kong,10800.0,0.9,2.0,0,95.0,1,0,1,4,1,102.6,High
368165030,V.A. SAN PEDRO      ,Feeder Container,33.72341,-118.2805,0.0,False,False,2026-09-17 18:08:27.532007+00:00,2026-09-17,9,3,38,2026,Feeder Container,APM Terminals,Jakarta,2250.0,0.9,2.0,0,95.0,1,0,0,0,2,102.3,High
303200000, COLLETTE C,Feeder Container,33.74444,-118.2245,0.0,False,False,2026-09-17 18:08:27.532007+00:00,2026-09-17,9,3,38,2026,Feeder Container,Yang Ming,Jakarta,2250.0,0.9,2.0,0,95.0,1,0,0,4,2,102.3,High
367533290,MARIE CHERAMIE,Feeder Container,33.73448,-118.27075,0.0,False,False,2026-09-17 18:08:27.532007+00:00,2026-09-17,9,3,38,2026,Feeder Container,TraPac,Taipei,2250.0,0.9,2.0,0,95.0,1,0,0,3,8,102.2,High
369215000,COLORADO EXPRESS    ,Feeder Container,33.72973,-118.25522,0.0,False,False,2026-09-17 18:08:27.532007+00:00,2026-09-17,9,3,38,2026,Feeder Container,TraPac,Shenzhen,2250.0,0.9,2.0,0,95.0,1,0,0,3,6,102.4,High
367133910,FIREBOAT 4          ,Feeder Container,33.76545,-118.25553,0.0,False,False,2026-09-17 18:08:27.532007+00:00,2026-09-17,9,3,38,2026,Feeder Container,TraPac,Ningbo,2250.0,0.9,2.0,0,95.0,1,0,0,3,4,102.5,High
367019310,QUIN DELTA          ,Feeder Container,33.74168,-118.2426,0.0,False,False,2026-09-17 18:08:27.532007+00:00,2026-09-17,9,3,38,2026,Feeder Container,TraPac,Singapore,2250.0,0.9,2.0,0,95.0,1,0,0,3,7,102.3,High
367569830,BARBARA J MULHOLLAND,Feeder Container,33.7636,-118.2569,0.0,False,False,2026-09-17 18:08:27.532007+00:00,2026-09-17,9,3,38,2026,Feeder Container,TraPac,Manila,2250.0,0.9,2.0,0,95.0,1,0,0,3,3,102.3,High
255915688,COLORADO            ,Feeder Container,33.74369,-118.20238,0.0,False,False,2026-09-17 18:08:27.532007+00:00,2026-09-17,9,3,38,2026,Feeder Container,Yang Ming,Ningbo,2250.0,0.9,2.0,0,95.0,1,0,0,4,4,102.5,High
367625810,DELTA AUDREY        ,Feeder Container,33.7153,-118.24091,7.4,True,False,2026-09-17 18:08:27.532007+00:00,2026-09-17,9,3,38,2026,Feeder Container,TraPac,Tokyo,2250.0,0.9,2.0,0,95.0,1,0,0,3,9,102.2,High
368084540,DELTA TERESA        ,Feeder Container,33.71618,-118.25859,9.5,True,False,2026-09-17 18:08:27.532007+00:00,2026-09-17,9,3,38,2026,Feeder Container,TraPac,Shanghai,2250.0,0.9,2.0,0,95.0,1,0,0,3,5,102.4,High
366892000,JAMIE ANN           ,Feeder Container,33.72515,-118.22672,10.9,False,False,2026-09-17 18:08:27.532007+00:00,2026-09-17,9,3,38,2026,Feeder Container,Yang Ming,Busan,2250.0,0.9,2.0,0,95.0,1,0,0,4,0,101.9,High
368010330,LILLIAN FOSS        ,Feeder Container,33.77099,-118.21131,0.0,False,False,2026-09-17 18:08:27.532007+00:00,2026-09-17,9,3,38,2026,Feeder Container,Yang Ming,Tokyo,2250.0,0.9,2.0,0,95.0,1,0,0,4,9,102.2,High
367109000,OVERSEAS HOUSTON    ,Feeder Container,33.77587,-118.21237,0.0,False,False,2026-09-17 18:08:27.532007+00:00,2026-09-17,9,3,38,2026,Feeder Container,Yang Ming,Manila,2250.0,0.9,2.0,0,95.0,1,0,0,4,3,102.3,High
368375410,METS-3              ,Feeder Container,33.76622,-118.27673,0.1,False,False,2026-09-17 18:08:27.532007+00:00,2026-09-17,9,3,38,2026,Feeder Container,TraPac,Busan,2250.0,0.9,2.0,0,95.0,1,0,0,3,0,101.9,High
368171260,MADELINE B HAMILTON ,Feeder Container,33.75353,-118.21468,0.0,False,False,2026-09-17 18:08:27.532007+00:00,2026-09-17,9,3,38,2026,Feeder Container,Yang Ming,Tokyo,2250.0,0.9,2.0,0,95.0,1,0,0,4,9,102.2,High
367776050,PACIFIC PATRIOT     ,Feeder Container,33.73148,-118.1869,6.3,False,False,2026-09-17 18:08:27.532007+00:00,2026-09-17,9,3,38,2026,Feeder Container,Everport,Busan,2250.0,0.9,2.0,0,95.0,1,0,0,2,0,101.9,High
367739210,TOMMY               ,Feeder Container,33.77109,-118.21298,0.2,False,False,2026-09-17 18:08:27.532007+00:00,2026-09-17,9,3,38,2026,Feeder Container,Yang Ming,Tokyo,2250.0,0.9,2.0,0,95.0,1,0,0,4,9,102.2,High
366998840,MILLENIUM MAVERICK  ,Feeder Container,33.76393,-118.25682,0.0,False,False,2026-09-17 18:08:27.532007+00:00,2026-09-17,9,3,38,2026,Feeder Container,TraPac,Jakarta,2250.0,0.9,2.0,0,95.0,1,0,0,3,2,102.3,High
367034960,PONO                ,Feeder Container,33.76744,-118.21696,0.0,False,False,2026-09-17 18:08:27.532007+00:00,2026-09-17,9,3,38,2026,Feeder Container,Yang Ming,Shanghai,2250.0,0.9,2.0,0,95.0,1,0,0,4,5,102.4,High
367724740,LA ESPADA ,Feeder Container,33.76243,-118.19492,0.0,False,False,2026-09-17 18:08:27.532007+00:00,2026-09-17,9,3,38,2026,Feeder Container,Everport,Taipei,2250.0,0.9,2.0,0,95.0,1,0,0,2,8,102.2,High
367704150,KRISTINA            ,Feeder Container,33.76223,-118.19548,0.0,False,False,2026-09-17 18:08:27.532007+00:00,2026-09-17,9,3,38,2026,Feeder Container,Everport,Tokyo,2250.0,0.9,2.0,0,95.0,1,0,0,2,9,102.2,High
477166600,COSCOSHIPPING DENALI,Feeder Container,33.76088,-118.21403,0.0,False,False,2026-09-17 18:08:27.532007+00:00,2026-09-17,9,3,38,2026,Feeder Container,Yang Ming,Manila,2250.0,0.9,2.0,0,95.0,1,0,0,4,3,102.3,High
367401030,DELTA BILLIE        ,Feeder Container,33.73984,-118.27817,0.0,False,False,2026-09-17 18:08:27.532007+00:00,2026-09-17,9,3,38,2026,Feeder Container,TraPac,Taipei,2250.0,0.9,2.0,0,95.0,1,0,0,3,8,102.2,High
368431790,OCEAN WARRIOR       ,Feeder Container,33.73512,-118.27111,0.0,False,False,2026-09-17 18:08:27.532007+00:00,2026-09-17,9,3,38,2026,Feeder Container,TraPac,Shanghai,2250.0,0.9,2.0,0,95.0,1,0,0,3,5,102.4,High
367422010,VALKYRIE ,Feeder Container,33.7342,-118.27355,0.0,False,False,2026-09-17 18:08:27.532007+00:00,2026-09-17,9,3,38,2026,Feeder Container,TraPac,Shenzhen,2250.0,0.9,2.0,0,95.0,1,0,0,3,6,102.4,High
367004260,CABRILLO            ,Feeder Container,33.73413,-118.26855,0.0,False,False,2026-09-17 18:08:27.532007+00:00,2026-09-17,9,3,38,2026,Feeder Container,TraPac,Jakarta,2250.0,0.9,2.0,0,95.0,1,0,0,3,2,102.3,High
366892180,J.M. HIDALGO        ,Feeder Container,33.77085,-118.21355,0.0,False,False,2026-09-17 18:08:27.532007+00:00,2026-09-17,9,3,38,2026,Feeder Container,Yang Ming,Ningbo,2250.0,0.9,2.0,0,95.0,1,0,0,4,4,102.5,High
368159190,LB PILOT POLARIS 3  ,Feeder Container,33.72741,-118.27288,6.0,False,False,2026-09-17 18:08:27.532007+00:00,2026-09-17,9,3,38,2026,Feeder Container,TraPac,Busan,2250.0,0.9,2.0,0,95.0,1,0,0,3,0,101.9,High
367616090,SEA FORCE           ,Feeder Container,33.77002,-118.21249,0.0,False,False,2026-09-17 18:08:27.532007+00:00,2026-09-17,9,3,38,2026,Feeder Container,Yang Ming,Taipei,2250.0,0.9,2.0,0,95.0,1,0,0,4,8,102.2,High
370302000,TAC ODESSA          ,Feeder Container,33.73907,-118.21696,0.0,False,False,2026-09-17 18:08:27.532007+00:00,2026-09-17,9,3,38,2026,Feeder Container,Yang Ming,Hong Kong,2250.0,0.9,2.0,0,95.0,1,0,0,4,1,102.3,High
368171390,BROOKS M HAMILTON   ,Feeder Container,33.73219,-118.27288,4.0,False,False,2026-09-17 18:08:27.532007+00:00,2026-09-17,9,3,38,2026,Feeder Container,TraPac,Shanghai,2250.0,0.9,2.0,0,95.0,1,0,0,3,5,102.4,High
366760710,REDONDO             ,Feeder Container,33.75962,-118.17999,0.7,False,False,2026-09-17 18:08:27.532007+00:00,2026-09-17,9,3,38,2026,Feeder Container,Everport,Taipei,2250.0,0.9,2.0,0,95.0,1,0,0,2,8,102.2,High
367175860,INDEPENDENCE,Feeder Container,33.76401,-118.25671,0.0,False,False,2026-09-17 18:08:27.532007+00:00,2026-09-17,9,3,38,2026,Feeder Container,TraPac,Taipei,2250.0,0.9,2.0,0,95.0,1,0,0,3,8,102.2,High
477189300,COSCO TAICANG       ,Feeder Container,33.73674,-118.19289,0.0,False,False,2026-09-17 18:08:27.532007+00:00,2026-09-17,9,3,38,2026,Feeder Container,Everport,Manila,2250.0,0.9,2.0,0,95.0,1,0,0,2,3,102.3,High
368418560,WENDY JO            ,Feeder Container,33.77094,-118.21395,0.0,False,False,2026-09-17 18:08:27.532007+00:00,2026-09-17,9,3,38,2026,Feeder Container,Yang Ming,Taipei,2250.0,0.9,2.0,0,95.0,1,0,0,4,8,102.2,High
477273100,OOCL CHANCAY        ,Feeder Container,33.75393,-118.21402,0.0,False,False,2026-09-18 17:39:35.527536+00:00,2026-09-18,9,4,38,2026,Feeder Container,Yang Ming,Hong Kong,2250.0,0.9,2.0,0,95.0,1,0,0,4,1,102.3,High
367569830,BARBARA J MULHOLLAND,Feeder Container,33.76348,-118.25686,0.0,False,False,2026-09-18 17:39:35.527536+00:00,2026-09-18,9,4,38,2026,Feeder Container,TraPac,Taipei,2250.0,0.9,2.0,0,95.0,1,0,0,3,8,102.2,High
367401030,DELTA BILLIE,Feeder Container,33.73976,-118.27808,0.0,False,False,2026-09-18 17:39:35.527536+00:00,2026-09-18,9,4,38,2026,Feeder Container,TraPac,Manila,2250.0,0.9,2.0,0,95.0,1,0,0,3,3,102.3,High
368225560,MARLEY C            ,Feeder Container,33.7551,-118.22447,0.1,False,False,2026-09-18 17:39:35.527536+00:00,2026-09-18,9,4,38,2026,Feeder Container,Yang Ming,Shenzhen,2250.0,0.9,2.0,0,95.0,1,0,0,4,6,102.4,High
368012340,APACHE,Feeder Container,33.73132,-118.2113,0.0,False,False,2026-09-18 17:39:35.527536+00:00,2026-09-18,9,4,38,2026,Feeder Container,Yang Ming,Taipei,2250.0,0.9,2.0,0,95.0,1,0,0,4,8,102.2,High
368237190,GO BEYOND           ,Feeder Container,33.74603,-118.22469,0.0,False,False,2026-09-18 17:39:35.527536+00:00,2026-09-18,9,4,38,2026,Feeder Container,Yang Ming,Taipei,2250.0,0.9,2.0,0,95.0,1,0,0,4,8,102.2,High
255803680,MSC BRIDGEPORT      ,Feeder Container,33.75518,-118.27602,0.0,False,False,2026-09-18 17:39:35.527536+00:00,2026-09-18,9,4,38,2026,Feeder Container,TraPac,Busan,2250.0,0.9,2.0,0,95.0,1,0,0,3,0,101.9,High
249047000,CELEBRITY SUMMIT,Feeder Container,33.74835,-118.27748,0.0,False,False,2026-09-18 17:39:35.527536+00:00,2026-09-18,9,4,38,2026,Feeder Container,TraPac,Jakarta,2250.0,0.9,2.0,0,95.0,1,0,0,3,2,102.3,High
440151000,SM NINGBO           ,Feeder Container,33.76747,-118.23699,0.0,False,False,2026-09-18 17:39:35.527536+00:00,2026-09-18,9,4,38,2026,Feeder Container,Yang Ming,Shanghai,2250.0,0.9,2.0,0,95.0,1,0,0,4,5,102.4,High
367513170,LASSEN              ,Feeder Container,33.74344,-118.19888,0.0,False,False,2026-09-18 17:39:35.527536+00:00,2026-09-18,9,4,38,2026,Feeder Container,Everport,Busan,2250.0,0.9,2.0,0,95.0,1,0,0,2,0,101.9,High
368088820,MORTY               ,Feeder Container,33.74,-118.20396,0.0,False,False,2026-09-18 17:39:35.527536+00:00,2026-09-18,9,4,38,2026,Feeder Container,Yang Ming,Hong Kong,2250.0,0.9,2.0,0,95.0,1,0,0,4,1,102.3,High
368010330,LILLIAN FOSS        ,Feeder Container,33.72805,-118.27399,0.0,False,False,2026-09-18 17:39:35.527536+00:00,2026-09-18,9,4,38,2026,Feeder Container,TraPac,Hong Kong,2250.0,0.9,2.0,0,95.0,1,0,0,3,1,102.3,High
367689990,HARBOR KING         ,Feeder Container,33.73824,-118.27849,0.0,False,False,2026-09-18 17:39:35.527536+00:00,2026-09-18,9,4,38,2026,Feeder Container,TraPac,Manila,2250.0,0.9,2.0,0,95.0,1,0,0,3,3,102.3,High
368133450,DARRELL HIATT       ,Feeder Container,33.73317,-118.26779,0.1,False,False,2026-09-18 17:39:35.527536+00:00,2026-09-18,9,4,38,2026,Feeder Container,TraPac,Jakarta,2250.0,0.9,2.0,0,95.0,1,0,0,3,2,102.3,High
636018276,MSC GAYANE          ,Feeder Container,33.75456,-118.23152,0.0,False,False,2026-09-18 17:39:35.527536+00:00,2026-09-18,9,4,38,2026,Feeder Container,Yang Ming,Tokyo,2250.0,0.9,2.0,0,95.0,1,0,0,4,9,102.2,High
366892180,J.M. HIDALGO        ,Feeder Container,33.77086,-118.21354,0.0,False,False,2026-09-18 17:39:35.527536+00:00,2026-09-18,9,4,38,2026,Feeder Container,Yang Ming,Taipei,2250.0,0.9,2.0,0,95.0,1,0,0,4,8,102.2,High
367006790,VICKI ANN           ,Feeder Container,33.73257,-118.27273,0.0,False,False,2026-09-18 17:39:35.527536+00:00,2026-09-18,9,4,38,2026,Feeder Container,TraPac,Shenzhen,2250.0,0.9,2.0,0,95.0,1,0,0,3,6,102.4,High
538070708,CIELO MARE          ,Feeder Container,33.72412,-118.27971,0.0,False,False,2026-09-18 17:39:35.527536+00:00,2026-09-18,9,4,38,2026,Feeder Container,TraPac,Shanghai,2250.0,0.9,2.0,0,95.0,1,0,0,3,5,102.4,High
249113000,MRC LIVA            ,Feeder Container,33.72727,-118.16656,0.1,False,False,2026-09-18 17:39:35.527536+00:00,2026-09-18,9,4,38,2026,Feeder Container,Everport,Manila,2250.0,0.9,2.0,0,95.0,1,0,0,2,3,102.3,High
368165820,V.A.POINT FERMIN    ,Feeder Container,33.72346,-118.28052,0.0,False,False,2026-09-18 17:39:35.527536+00:00,2026-09-18,9,4,38,2026,Feeder Container,APM Terminals,Busan,2250.0,0.9,2.0,0,95.0,1,0,0,0,0,101.9,High
367507960,DB SALTA VERDE      ,Feeder Container,33.75379,-118.22389,0.0,False,False,2026-09-18 17:39:35.527536+00:00,2026-09-18,9,4,38,2026,Feeder Container,Yang Ming,Manila,2250.0,0.9,2.0,0,95.0,1,0,0,4,3,102.3,High
366760650,LEADER              ,Feeder Container,33.74025,-118.27811,0.0,False,False,2026-09-18 17:39:35.527536+00:00,2026-09-18,9,4,38,2026,Feeder Container,TraPac,Taipei,2250.0,0.9,2.0,0,95.0,1,0,0,3,8,102.2,High
368171260,MADELINE B HAMILTON ,Feeder Container,33.73081,-118.26217,0.0,False,False,2026-09-18 17:39:35.527536+00:00,2026-09-18,9,4,38,2026,Feeder Container,TraPac,Singapore,2250.0,0.9,2.0,0,95.0,1,0,0,3,7,102.3,High
367004260,CABRILLO            ,Feeder Container,33.73411,-118.26855,0.0,False,False,2026-09-18 17:39:35.527536+00:00,2026-09-18,9,4,38,2026,Feeder Container,TraPac,Manila,2250.0,0.9,2.0,0,95.0,1,0,0,3,3,102.3,High
368159190,LB PILOT POLARIS 3  ,Feeder Container,33.74733,-118.21564,0.1,False,False,2026-09-18 17:39:35.527536+00:00,2026-09-18,9,4,38,2026,Feeder Container,Yang Ming,Ningbo,2250.0,0.9,2.0,0,95.0,1,0,0,4,4,102.5,High
636023874,HAWK I              ,Feeder Container,33.76639,-118.27372,0.0,False,False,2026-09-18 17:39:35.527536+00:00,2026-09-18,9,4,38,2026,Feeder Container,TraPac,Busan,2250.0,0.9,2.0,0,95.0,1,0,0,3,0,101.9,High
636026611,YM MODERATION       ,Feeder Container,33.76062,-118.27346,0.0,False,False,2026-09-18 17:39:35.527536+00:00,2026-09-18,9,4,38,2026,Feeder Container,TraPac,Tokyo,2250.0,0.9,2.0,0,95.0,1,0,0,3,9,102.2,High
366998840,MILLENIUM MAVERICK  ,Feeder Container,33.76392,-118.25682,0.0,False,False,2026-09-18 17:39:35.527536+00:00,2026-09-18,9,4,38,2026,Feeder Container,TraPac,Busan,2250.0,0.9,2.0,0,95.0,1,0,0,3,0,101.9,High
367625810,DELTA AUDREY        ,Feeder Container,33.73978,-118.27817,0.0,False,False,2026-09-18 17:39:35.527536+00:00,2026-09-18,9,4,38,2026,Feeder Container,TraPac,Jakarta,2250.0,0.9,2.0,0,95.0,1,0,0,3,2,102.3,High
367672140,MAURETANIA          ,Feeder Container,33.72353,-118.28043,0.0,False,False,2026-09-18 17:39:35.527536+00:00,2026-09-18,9,4,38,2026,Feeder Container,APM Terminals,Manila,2250.0,0.9,2.0,0,95.0,1,0,0,0,3,102.3,High
367019310,QUIN DELTA          ,Feeder Container,33.74241,-118.24294,0.0,False,False,2026-09-18 17:39:35.527536+00:00,2026-09-18,9,4,38,2026,Feeder Container,TraPac,Shenzhen,2250.0,0.9,2.0,0,95.0,1,0,0,3,6,102.4,High
367017440,PIPER INNESS        ,Feeder Container,33.77088,-118.21168,0.0,False,False,2026-09-18 17:39:35.527536+00:00,2026-09-18,9,4,38,2026,Feeder Container,Yang Ming,Manila,2250.0,0.9,2.0,0,95.0,1,0,0,4,3,102.3,High
367724740,LA ESPADA ,Feeder Container,33.76238,-118.19495,0.0,False,False,2026-09-18 17:39:35.527536+00:00,2026-09-18,9,4,38,2026,Feeder Container,Everport,Ningbo,2250.0,0.9,2.0,0,95.0,1,0,0,2,4,102.5,High
367308610,SARAH C.            ,Feeder Container,33.75326,-118.22375,0.0,False,False,2026-09-18 17:39:35.527536+00:00,2026-09-18,9,4,38,2026,Feeder Container,Yang Ming,Singapore,2250.0,0.9,2.0,0,95.0,1,0,0,4,7,102.3,High
338921000,CG GEORGE COBB,Feeder Container,33.72837,-118.27042,0.1,False,False,2026-09-18 17:39:35.527536+00:00,2026-09-18,9,4,38,2026,Feeder Container,TraPac,Hong Kong,2250.0,0.9,2.0,0,95.0,1,0,0,3,1,102.3,High
369357000,JANET MARIE,Feeder Container,33.76948,-118.22844,0.0,False,False,2026-09-18 17:39:35.527536+00:00,2026-09-18,9,4,38,2026,Feeder Container,Yang Ming,Ningbo,2250.0,0.9,2.0,0,95.0,1,0,0,4,4,102.5,High
636024330,HMM TOPAZ           ,Feeder Container,33.73354,-118.24364,0.0,False,False,2026-09-18 17:39:35.527536+00:00,2026-09-18,9,4,38,2026,Feeder Container,TraPac,Manila,2250.0,0.9,2.0,0,95.0,1,0,0,3,3,102.3,High
367422010,VALKYRIE ,Feeder Container,33.73379,-118.27364,0.0,False,False,2026-09-18 17:39:35.527536+00:00,2026-09-18,9,4,38,2026,Feeder Container,TraPac,Shanghai,2250.0,0.9,2.0,0,95.0,1,0,0,3,5,102.4,High
369008000,ELIZABETH ANNE      ,Feeder Container,33.76693,-118.25323,0.0,False,False,2026-09-18 17:39:35.527536+00:00,2026-09-18,9,4,38,2026,Feeder Container,TraPac,Ningbo,2250.0,0.9,2.0,0,95.0,1,0,0,3,4,102.5,High
366943960,CATALINA EXPRESS    ,Feeder Container,33.74876,-118.27391,0.1,False,False,2026-09-18 17:39:35.527536+00:00,2026-09-18,9,4,38,2026,Feeder Container,TraPac,Singapore,2250.0,0.9,2.0,0,95.0,1,0,0,3,7,102.3,High
367776050,PACIFIC PATRIOT     ,Feeder Container,33.73367,-118.27367,0.0,False,False,2026-09-18 17:39:35.527536+00:00,2026-09-18,9,4,38,2026,Feeder Container,TraPac,Manila,2250.0,0.9,2.0,0,95.0,1,0,0,3,3,102.3,High
563290500,ONE FREEDOM         ,Feeder Container,33.74356,-118.19431,0.0,False,False,2026-09-18 17:39:35.527536+00:00,2026-09-18,9,4,38,2026,Feeder Container,Everport,Busan,2250.0,0.9,2.0,0,95.0,1,0,0,2,0,101.9,High
367309720,GRETCHEN C,Feeder Container,33.75361,-118.22402,0.0,False,False,2026-09-18 17:39:35.527536+00:00,2026-09-18,9,4,38,2026,Feeder Container,Yang Ming,Tokyo,2250.0,0.9,2.0,0,95.0,1,0,0,4,9,102.2,High
368266520,HERO                ,Feeder Container,33.76963,-118.21208,0.0,False,False,2026-09-18 17:39:35.527536+00:00,2026-09-18,9,4,38,2026,Feeder Container,Yang Ming,Taipei,2250.0,0.9,2.0,0,95.0,1,0,0,4,8,102.2,High
368084540,DELTA TERESA        ,Feeder Container,33.73985,-118.27789,0.0,False,False,2026-09-18 17:39:35.527536+00:00,2026-09-18,9,4,38,2026,Feeder Container,TraPac,Shanghai,2250.0,0.9,2.0,0,95.0,1,0,0,3,5,102.4,High
366892000,JAMIE ANN           ,Feeder Container,33.73207,-118.1815,10.9,False,False,2026-09-18 17:39:35.527536+00:00,2026-09-18,9,4,38,2026,Feeder Container,Everport,Jakarta,2250.0,0.9,2.0,0,95.0,1,0,0,2,2,102.3,High
366926740,TIM QUIGG,Feeder Container,33.76373,-118.25675,0.0,False,False,2026-09-19 17:10:06.892094+00:00,2026-09-19,9,5,38,2026,Feeder Container,TraPac,Ningbo,2250.0,0.9,2.0,0,95.0,1,1,0,3,4,102.5,High
366979370,EDITH FOSS          ,Feeder Container,33.77056,-118.21257,0.0,False,False,2026-09-19 17:10:06.892094+00:00,2026-09-19,9,5,38,2026,Feeder Container,Yang Ming,Ningbo,2250.0,0.9,2.0,0,95.0,1,1,0,4,4,102.5,High
563226800,MAERSK YELLOWSTONE  ,Feeder Container,33.73319,-118.25275,0.0,False,False,2026-09-19 17:10:06.892094+00:00,2026-09-19,9,5,38,2026,Feeder Container,TraPac,Busan,2250.0,0.9,2.0,0,95.0,1,1,0,3,0,101.9,High
368171390,BROOKS M HAMILTON   ,Feeder Container,33.72993,-118.26365,0.1,False,False,2026-09-19 17:10:06.892094+00:00,2026-09-19,9,5,38,2026,Feeder Container,TraPac,Taipei,2250.0,0.9,2.0,0,95.0,1,1,0,3,8,102.3,High
367616090,SEA FORCE           ,Feeder Container,33.77003,-118.21254,0.0,False,False,2026-09-19 17:10:06.892094+00:00,2026-09-19,9,5,38,2026,Feeder Container,Yang Ming,Taipei,2250.0,0.9,2.0,0,95.0,1,1,0,4,8,102.3,High
368121190,ASSIST SEAL BEACH   ,Feeder Container,33.75027,-118.18092,7.5,False,False,2026-09-19 17:10:06.892094+00:00,2026-09-19,9,5,38,2026,Feeder Container,Everport,Jakarta,2250.0,0.9,2.0,0,95.0,1,1,0,2,2,102.3,High
368136950,HERCULES            ,Feeder Container,33.74585,-118.2167,7.2,False,False,2026-09-19 17:10:06.892094+00:00,2026-09-19,9,5,38,2026,Feeder Container,Yang Ming,Hong Kong,2250.0,0.9,2.0,0,95.0,1,1,0,4,1,102.3,High
368084540,DELTA TERESA        ,Feeder Container,33.74788,-118.21087,0.2,False,False,2026-09-19 17:10:06.892094+00:00,2026-09-19,9,5,38,2026,Feeder Container,Yang Ming,Busan,2250.0,0.9,2.0,0,95.0,1,1,0,4,0,101.9,High
367724740,LA ESPADA ,Feeder Container,33.76241,-118.19494,0.0,False,False,2026-09-19 17:10:06.892094+00:00,2026-09-19,9,5,38,2026,Feeder Container,Everport,Shenzhen,2250.0,0.9,2.0,0,95.0,1,1,0,2,6,102.4,High
636023874,HAWK I              ,Feeder Container,33.76656,-118.27367,0.0,False,False,2026-09-19 17:10:06.892094+00:00,2026-09-19,9,5,38,2026,Feeder Container,TraPac,Ningbo,2250.0,0.9,2.0,0,95.0,1,1,0,3,4,102.5,High
636026611,YM MODERATION       ,Feeder Container,33.76063,-118.27343,0.0,False,False,2026-09-19 17:10:06.892094+00:00,2026-09-19,9,5,38,2026,Feeder Container,TraPac,Jakarta,2250.0,0.9,2.0,0,95.0,1,1,0,3,2,102.3,High
636019213,MSC FAITH           ,Feeder Container,33.73419,-118.17322,0.1,False,False,2026-09-19 17:10:06.892094+00:00,2026-09-19,9,5,38,2026,Feeder Container,Everport,Busan,2250.0,0.9,2.0,0,95.0,1,1,0,2,0,101.9,High
367004260,CABRILLO            ,Feeder Container,33.7341,-118.26857,0.0,False,False,2026-09-19 17:10:06.892094+00:00,2026-09-19,9,5,38,2026,Feeder Container,TraPac,Shenzhen,2250.0,0.9,2.0,0,95.0,1,1,0,3,6,102.4,High
636093436,TAIGA               ,Feeder Container,33.73348,-118.16183,0.0,False,False,2026-09-19 17:10:06.892094+00:00,2026-09-19,9,5,38,2026,Feeder Container,Everport,Taipei,2250.0,0.9,2.0,0,95.0,1,1,0,2,8,102.3,High
367760290,FIREBOAT 15         ,Feeder Container,33.74806,-118.21558,0.1,False,False,2026-09-19 17:10:06.892094+00:00,2026-09-19,9,5,38,2026,Feeder Container,Yang Ming,Shenzhen,2250.0,0.9,2.0,0,95.0,1,1,0,4,6,102.4,High
366760650,LEADER              ,Feeder Container,33.7402,-118.21974,8.9,False,False,2026-09-19 17:10:06.892094+00:00,2026-09-19,9,5,38,2026,Feeder Container,Yang Ming,Singapore,2250.0,0.9,2.0,0,95.0,1,1,0,4,7,102.3,High
367034960,PONO                ,Feeder Container,33.76743,-118.21698,0.0,False,False,2026-09-19 17:10:06.892094+00:00,2026-09-19,9,5,38,2026,Feeder Container,Yang Ming,Ningbo,2250.0,0.9,2.0,0,95.0,1,1,0,4,4,102.5,High
367422010,VALKYRIE ,Feeder Container,33.73433,-118.27363,0.0,False,False,2026-09-19 17:10:06.892094+00:00,2026-09-19,9,5,38,2026,Feeder Container,TraPac,Shenzhen,2250.0,0.9,2.0,0,95.0,1,1,0,3,6,102.4,High
303200000, COLLETTE C,Feeder Container,33.75329,-118.22383,0.0,False,False,2026-09-19 17:10:06.892094+00:00,2026-09-19,9,5,38,2026,Feeder Container,Yang Ming,Singapore,2250.0,0.9,2.0,0,95.0,1,1,0,4,7,102.3,High
338256000,BLAIR C   ,Feeder Container,33.75415,-118.22424,0.1,False,False,2026-09-19 17:10:06.892094+00:00,2026-09-19,9,5,38,2026,Feeder Container,Yang Ming,Jakarta,2250.0,0.9,2.0,0,95.0,1,1,0,4,2,102.3,High
366892000,JAMIE ANN           ,Feeder Container,33.75404,-118.21752,8.3,False,False,2026-09-19 17:10:06.892094+00:00,2026-09-19,9,5,38,2026,Feeder Container,Yang Ming,Singapore,2250.0,0.9,2.0,0,95.0,1,1,0,4,7,102.3,High
366892180,J.M. HIDALGO        ,Feeder Container,33.77085,-118.21353,0.0,False,False,2026-09-19 17:10:06.892094+00:00,2026-09-19,9,5,38,2026,Feeder Container,Yang Ming,Jakarta,2250.0,0.9,2.0,0,95.0,1,1,0,4,2,102.3,High
255805927,NORDDOLPHIN,Feeder Container,33.72739,-118.15877,0.0,False,False,2026-09-19 17:10:06.892094+00:00,2026-09-19,9,5,38,2026,Feeder Container,China Shipping,Busan,2250.0,0.9,2.0,0,95.0,1,1,0,1,0,101.9,High
338366226,V.A.POINT VICENTE   ,Feeder Container,33.72339,-118.28067,0.0,False,False,2026-09-19 17:10:06.892094+00:00,2026-09-19,9,5,38,2026,Feeder Container,APM Terminals,Manila,2250.0,0.9,2.0,0,95.0,1,1,0,0,3,102.3,High
367678850,LELA FRANCO         ,Feeder Container,33.72798,-118.27396,0.0,False,False,2026-09-19 17:10:06.892094+00:00,2026-09-19,9,5,38,2026,Feeder Container,TraPac,Ningbo,2250.0,0.9,2.0,0,95.0,1,1,0,3,4,102.5,High
367683830,RUBY J              ,Feeder Container,33.73173,-118.27151,8.9,False,False,2026-09-19 17:10:06.892094+00:00,2026-09-19,9,5,38,2026,Feeder Container,TraPac,Shanghai,2250.0,0.9,2.0,0,95.0,1,1,0,3,5,102.4,High
368431790,OCEAN WARRIOR       ,Feeder Container,33.7351,-118.27106,0.0,False,False,2026-09-19 17:10:06.892094+00:00,2026-09-19,9,5,38,2026,Feeder Container,TraPac,Jakarta,2250.0,0.9,2.0,0,95.0,1,1,0,3,2,102.3,High
368024740,LB PILOT BOAT  ORION,Feeder Container,33.74722,-118.21567,0.0,False,False,2026-09-19 17:10:06.892094+00:00,2026-09-19,9,5,38,2026,Feeder Container,Yang Ming,Taipei,2250.0,0.9,2.0,0,95.0,1,1,0,4,8,102.3,High
367006790,VICKI ANN           ,Feeder Container,33.76717,-118.25297,0.0,False,False,2026-09-19 17:10:06.892094+00:00,2026-09-19,9,5,38,2026,Feeder Container,TraPac,Hong Kong,2250.0,0.9,2.0,0,95.0,1,1,0,3,1,102.3,High
636021666,MSC DARLENE         ,Feeder Container,33.75155,-118.24137,0.0,False,False,2026-09-19 17:10:06.892094+00:00,2026-09-19,9,5,38,2026,Feeder Container,TraPac,Ningbo,2250.0,0.9,2.0,0,95.0,1,1,0,3,4,102.5,High
368010330,LILLIAN FOSS        ,Feeder Container,33.75198,-118.23908,0.0,False,False,2026-09-19 17:10:06.892094+00:00,2026-09-19,9,5,38,2026,Feeder Container,Yang Ming,Manila,2250.0,0.9,2.0,0,95.0,1,1,0,4,3,102.3,High
367580930,TRIUMPHANT          ,Feeder Container,33.76204,-118.19455,0.0,False,False,2026-09-19 17:10:06.892094+00:00,2026-09-19,9,5,38,2026,Feeder Container,Everport,Singapore,2250.0,0.9,2.0,0,95.0,1,1,0,2,7,102.3,High
368012340,APACHE              ,Feeder Container,33.73183,-118.21142,0.0,False,False,2026-09-19 17:10:06.892094+00:00,2026-09-19,9,5,38,2026,Feeder Container,Yang Ming,Taipei,2250.0,0.9,2.0,0,95.0,1,1,0,4,8,102.3,High
367395280,CLEAN OCEAN         ,Feeder Container,33.73187,-118.26415,0.0,False,False,2026-09-19 17:10:06.892094+00:00,2026-09-19,9,5,38,2026,Feeder Container,TraPac,Ningbo,2250.0,0.9,2.0,0,95.0,1,1,0,3,4,102.5,High
368000890,ELIZABETH C         ,Feeder Container,33.73508,-118.26898,0.0,False,False,2026-09-19 17:10:06.892094+00:00,2026-09-19,9,5,38,2026,Feeder Container,TraPac,Hong Kong,2250.0,0.9,2.0,0,95.0,1,1,0,3,1,102.3,High
368159190,LB PILOT POLARIS 3  ,Feeder Container,33.74056,-118.22297,0.2,False,False,2026-09-19 17:10:06.892094+00:00,2026-09-19,9,5,38,2026,Feeder Container,Yang Ming,Tokyo,2250.0,0.9,2.0,0,95.0,1,1,0,4,9,102.3,High
369225000,UTAH VOYAGER        ,Feeder Container,33.725,-118.21746,0.1,False,False,2026-09-19 17:10:06.892094+00:00,2026-09-19,9,5,38,2026,Feeder Container,Yang Ming,Taipei,2250.0,0.9,2.0,0,95.0,1,1,0,4,8,102.3,High
367625810,DELTA AUDREY        ,Feeder Container,33.74851,-118.20936,0.2,False,False,2026-09-19 17:10:06.892094+00:00,2026-09-19,9,5,38,2026,Feeder Container,Yang Ming,Shenzhen,2250.0,0.9,2.0,0,95.0,1,1,0,4,6,102.4,High
368266520,,Feeder Container,33.76957,-118.21211,0.0,False,False,2026-09-19 17:10:06.892094+00:00,2026-09-19,9,5,38,2026,Feeder Container,Yang Ming,Busan,2250.0,0.9,2.0,0,95.0,1,1,0,4,0,101.9,High
367104080,PETER MAC           ,Feeder Container,33.71401,-118.24748,13.7,True,False,2026-09-19 17:10:06.892094+00:00,2026-09-19,9,5,38,2026,Feeder Container,TraPac,Shanghai,2250.0,0.9,2.0,0,95.0,1,1,0,3,5,102.4,High
249113000,MRC LIVA            ,Feeder Container,33.74858,-118.21095,0.1,False,False,2026-09-19 17:10:06.892094+00:00,2026-09-19,9,5,38,2026,Feeder Container,Yang Ming,Shenzhen,2250.0,0.9,2.0,0,95.0,1,1,0,4,6,102.4,High
366768030,STARSHIP EXPRESS    ,Feeder Container,33.76305,-118.19926,0.1,False,False,2026-09-19 17:10:06.892094+00:00,2026-09-19,9,5,38,2026,Feeder Container,Everport,Shenzhen,2250.0,0.9,2.0,0,95.0,1,1,0,2,6,102.4,High
366943960,CATALINA EXPRESS    ,Feeder Container,33.74877,-118.27389,0.0,False,False,2026-09-19 17:10:06.892094+00:00,2026-09-19,9,5,38,2026,Feeder Container,TraPac,Taipei,2250.0,0.9,2.0,0,95.0,1,1,0,3,8,102.3,High
368171260,MADELINE B HAMILTON ,Feeder Container,33.73087,-118.26195,0.0,False,False,2026-09-19 17:10:06.892094+00:00,2026-09-19,9,5,38,2026,Feeder Container,TraPac,Taipei,2250.0,0.9,2.0,0,95.0,1,1,0,3,8,102.3,High
367748970,BECKY T             ,Feeder Container,33.74314,-118.20413,1.3,False,False,2026-09-19 17:10:06.892094+00:00,2026-09-19,9,5,38,2026,Feeder Container,Yang Ming,Manila,2250.0,0.9,2.0,0,95.0,1,1,0,4,3,102.3,High
413310310,YUAN YU HE          ,Feeder Container,33.72885,-118.19311,8.5,False,False,2026-09-19 17:10:06.892094+00:00,2026-09-19,9,5,38,2026,Feeder Container,Everport,Singapore,2250.0,0.9,2.0,0,95.0,1,1,0,2,7,102.3,High
338500000,CALIFORNIA          ,Feeder Container,33.72827,-118.16901,0.0,False,False,2026-09-19 17:10:06.892094+00:00,2026-09-19,9,5,38,2026,Feeder Container,Everport,Manila,2250.0,0.9,2.0,0,95.0,1,1,0,2,3,102.3,High
369215000,COLORADO EXPRESS    ,Feeder Container,33.72991,-118.25525,0.0,False,False,2026-09-19 17:10:06.892094+00:00,2026-09-19,9,5,38,2026,Feeder Container,TraPac,Jakarta,2250.0,0.9,2.0,0,95.0,1,1,0,3,2,102.3,High
367533290,MARIE CHERAMIE,Feeder Container,33.73448,-118.27075,0.0,False,False,2026-09-20 17:24:33.254548+00:00,2026-09-20,9,6,38,2026,Feeder Container,TraPac,Jakarta,2250.0,0.9,2.0,0,95.0,1,1,0,3,2,102.4,High
367672140,MAURETANIA          ,Feeder Container,33.72352,-118.28045,0.0,False,False,2026-09-20 17:24:33.254548+00:00,2026-09-20,9,6,38,2026,Feeder Container,APM Terminals,Tokyo,2250.0,0.9,2.0,0,95.0,1,1,0,0,9,102.3,High
477271300,CSCL YELLOW SEA     ,Feeder Container,33.74094,-118.1974,0.0,False,False,2026-09-20 17:24:33.254548+00:00,2026-09-20,9,6,38,2026,Feeder Container,Everport,Busan,2250.0,0.9,2.0,0,95.0,1,1,0,2,0,101.9,High
338366226,V.A.POINT VICENTE   ,Feeder Container,33.72339,-118.28066,0.0,False,False,2026-09-20 17:24:33.254548+00:00,2026-09-20,9,6,38,2026,Feeder Container,APM Terminals,Hong Kong,2250.0,0.9,2.0,0,95.0,1,1,0,0,1,102.4,High
563327300,YM WORTHINESS       ,Feeder Container,33.74363,-118.19418,0.0,False,False,2026-09-20 17:24:33.254548+00:00,2026-09-20,9,6,38,2026,Feeder Container,Everport,Hong Kong,2250.0,0.9,2.0,0,95.0,1,1,0,2,1,102.4,High
441252000,KMTC NINGBO         ,Feeder Container,33.76832,-118.23334,0.0,False,False,2026-09-20 17:24:33.254548+00:00,2026-09-20,9,6,38,2026,Feeder Container,Yang Ming,Shenzhen,2250.0,0.9,2.0,0,95.0,1,1,0,4,6,102.4,High
368165820,V.A.POINT FERMIN    ,Feeder Container,33.72347,-118.28053,0.0,False,False,2026-09-20 17:24:33.254548+00:00,2026-09-20,9,6,38,2026,Feeder Container,APM Terminals,Jakarta,2250.0,0.9,2.0,0,95.0,1,1,0,0,2,102.4,High
368165030,V.A. SAN PEDRO      ,Feeder Container,33.72342,-118.28051,0.0,False,False,2026-09-20 17:24:33.254548+00:00,2026-09-20,9,6,38,2026,Feeder Container,APM Terminals,Shanghai,2250.0,0.9,2.0,0,95.0,1,1,0,0,5,102.4,High
367616090,SEA FORCE           ,Feeder Container,33.77001,-118.21254,0.0,False,False,2026-09-20 17:24:33.254548+00:00,2026-09-20,9,6,38,2026,Feeder Container,Yang Ming,Hong Kong,2250.0,0.9,2.0,0,95.0,1,1,0,4,1,102.4,High
367401030,DELTA BILLIE        ,Feeder Container,33.73978,-118.27818,0.0,False,False,2026-09-20 17:24:33.254548+00:00,2026-09-20,9,6,38,2026,Feeder Container,TraPac,Shenzhen,2250.0,0.9,2.0,0,95.0,1,1,0,3,6,102.4,High
367625810,DELTA AUDREY        ,Feeder Container,33.73977,-118.2779,0.0,False,False,2026-09-20 17:24:33.254548+00:00,2026-09-20,9,6,38,2026,Feeder Container,TraPac,Jakarta,2250.0,0.9,2.0,0,95.0,1,1,0,3,2,102.4,High
636093436,TAIGA               ,Feeder Container,33.74676,-118.20681,0.0,False,False,2026-09-20 17:24:33.254548+00:00,2026-09-20,9,6,38,2026,Feeder Container,Yang Ming,Singapore,2250.0,0.9,2.0,0,95.0,1,1,0,4,7,102.4,High
368171260,MADELINE B HAMILTON,Feeder Container,33.72761,-118.26004,7.0,False,False,2026-09-20 17:24:33.254548+00:00,2026-09-20,9,6,38,2026,Feeder Container,TraPac,Ningbo,2250.0,0.9,2.0,0,95.0,1,1,0,3,4,102.5,High
368136950,HERCULES            ,Feeder Container,33.74023,-118.27798,0.0,False,False,2026-09-20 17:24:33.254548+00:00,2026-09-20,9,6,38,2026,Feeder Container,TraPac,Hong Kong,2250.0,0.9,2.0,0,95.0,1,1,0,3,1,102.4,High
367422010,VALKYRIE ,Feeder Container,33.73432,-118.27366,0.0,False,False,2026-09-20 17:24:33.254548+00:00,2026-09-20,9,6,38,2026,Feeder Container,TraPac,Singapore,2250.0,0.9,2.0,0,95.0,1,1,0,3,7,102.4,High
367748970,BECKY T             ,Feeder Container,33.73988,-118.20457,0.3,False,False,2026-09-20 17:24:33.254548+00:00,2026-09-20,9,6,38,2026,Feeder Container,Yang Ming,Tokyo,2250.0,0.9,2.0,0,95.0,1,1,0,4,9,102.3,High
366760650,LEADER              ,Feeder Container,33.74025,-118.27811,0.0,False,False,2026-09-20 17:24:33.254548+00:00,2026-09-20,9,6,38,2026,Feeder Container,TraPac,Shenzhen,2250.0,0.9,2.0,0,95.0,1,1,0,3,6,102.4,High
338525791,AERAS-1             ,Feeder Container,33.7711,-118.21386,0.0,False,False,2026-09-20 17:24:33.254548+00:00,2026-09-20,9,6,38,2026,Feeder Container,Yang Ming,Shenzhen,2250.0,0.9,2.0,0,95.0,1,1,0,4,6,102.4,High
367034960,PONO                ,Feeder Container,33.76745,-118.217,0.0,False,False,2026-09-20 17:24:33.254548+00:00,2026-09-20,9,6,38,2026,Feeder Container,Yang Ming,Manila,2250.0,0.9,2.0,0,95.0,1,1,0,4,3,102.4,High
368024740,LB PILOT BOAT  ORION,Feeder Container,33.74723,-118.21566,0.0,False,False,2026-09-20 17:24:33.254548+00:00,2026-09-20,9,6,38,2026,Feeder Container,Yang Ming,Shanghai,2250.0,0.9,2.0,0,95.0,1,1,0,4,5,102.4,High
338118674,BAYWATCH19          ,Feeder Container,33.68512,-118.2823,22.3,False,False,2026-09-20 17:24:33.254548+00:00,2026-09-20,9,6,38,2026,Feeder Container,APM Terminals,Manila,2250.0,0.9,2.0,0,95.0,1,1,0,0,3,102.4,High
368012340,APACHE              ,Feeder Container,33.73302,-118.27285,0.0,False,False,2026-09-20 17:24:33.254548+00:00,2026-09-20,9,6,38,2026,Feeder Container,TraPac,Manila,2250.0,0.9,2.0,0,95.0,1,1,0,3,3,102.4,High
367017440,PIPER INNESS        ,Feeder Container,33.77088,-118.2117,0.0,False,False,2026-09-20 17:24:33.254548+00:00,2026-09-20,9,6,38,2026,Feeder Container,Yang Ming,Manila,2250.0,0.9,2.0,0,95.0,1,1,0,4,3,102.4,High
477189300,COSCO TAICANG       ,Feeder Container,33.73674,-118.19289,0.0,False,False,2026-09-20 17:24:33.254548+00:00,2026-09-20,9,6,38,2026,Feeder Container,Everport,Manila,2250.0,0.9,2.0,0,95.0,1,1,0,2,3,102.4,High
563226800,MAERSK YELLOWSTONE  ,Feeder Container,33.73323,-118.25269,0.0,False,False,2026-09-20 17:24:33.254548+00:00,2026-09-20,9,6,38,2026,Feeder Container,TraPac,Jakarta,2250.0,0.9,2.0,0,95.0,1,1,0,3,2,102.4,High
367507960,DB SALTA VERDE      ,Feeder Container,33.75379,-118.22387,0.0,False,False,2026-09-20 17:24:33.254548+00:00,2026-09-20,9,6,38,2026,Feeder Container,Yang Ming,Busan,2250.0,0.9,2.0,0,95.0,1,1,0,4,0,101.9,High
366998840,MILLENIUM MAVERICK  ,Feeder Container,33.76393,-118.25682,0.0,False,False,2026-09-20 17:24:33.254548+00:00,2026-09-20,9,6,38,2026,Feeder Container,TraPac,Taipei,2250.0,0.9,2.0,0,95.0,1,1,0,3,8,102.3,High
368418560,WENDY JO            ,Feeder Container,33.77089,-118.21394,0.0,False,False,2026-09-20 17:24:33.254548+00:00,2026-09-20,9,6,38,2026,Feeder Container,Yang Ming,Ningbo,2250.0,0.9,2.0,0,95.0,1,1,0,4,4,102.5,High
566482000,APL YANG SHAN,Feeder Container,33.76511,-118.27774,0.0,False,False,2026-09-20 17:24:33.254548+00:00,2026-09-20,9,6,38,2026,Feeder Container,TraPac,Tokyo,2250.0,0.9,2.0,0,95.0,1,1,0,3,9,102.3,High
366943960,CATALINA EXPRESS    ,Feeder Container,33.69848,-118.25514,25.0,True,False,2026-09-20 17:24:33.254548+00:00,2026-09-20,9,6,38,2026,Feeder Container,TraPac,Jakarta,2250.0,0.9,2.0,0,95.0,1,1,0,3,2,102.4,High
367513170,LASSEN              ,Feeder Container,33.7436,-118.19899,0.0,False,False,2026-09-20 17:24:33.254548+00:00,2026-09-20,9,6,38,2026,Feeder Container,Everport,Shanghai,2250.0,0.9,2.0,0,95.0,1,1,0,2,5,102.4,High
366892000,JAMIE ANN           ,Feeder Container,33.7708,-118.21221,0.0,False,False,2026-09-20 17:24:33.254548+00:00,2026-09-20,9,6,38,2026,Feeder Container,Yang Ming,Shenzhen,2250.0,0.9,2.0,0,95.0,1,1,0,4,6,102.4,High
367004260,CABRILLO            ,Feeder Container,33.73408,-118.26859,0.0,False,False,2026-09-20 17:24:33.254548+00:00,2026-09-20,9,6,38,2026,Feeder Container,TraPac,Hong Kong,2250.0,0.9,2.0,0,95.0,1,1,0,3,1,102.4,High
338921000,CG GEORGE COBB,Feeder Container,33.72836,-118.27043,0.1,False,False,2026-09-20 17:24:33.254548+00:00,2026-09-20,9,6,38,2026,Feeder Container,TraPac,Jakarta,2250.0,0.9,2.0,0,95.0,1,1,0,3,2,102.4,High
368431790,OCEAN WARRIOR       ,Feeder Container,33.73516,-118.27112,0.0,False,False,2026-09-20 17:24:33.254548+00:00,2026-09-20,9,6,38,2026,Feeder Container,TraPac,Tokyo,2250.0,0.9,2.0,0,95.0,1,1,0,3,9,102.3,High
368010330,LILLIAN FOSS        ,Feeder Container,33.77094,-118.21135,0.0,False,False,2026-09-20 17:24:33.254548+00:00,2026-09-20,9,6,38,2026,Feeder Container,Yang Ming,Shanghai,2250.0,0.9,2.0,0,95.0,1,1,0,4,5,102.4,High
368084540,DELTA TERESA        ,Feeder Container,33.73988,-118.27803,0.0,False,False,2026-09-20 17:24:33.254548+00:00,2026-09-20,9,6,38,2026,Feeder Container,TraPac,Shenzhen,2250.0,0.9,2.0,0,95.0,1,1,0,3,6,102.4,High
368133450,DARRELL HIATT,Feeder Container,33.73313,-118.26778,0.0,False,False,2026-09-20 17:24:33.254548+00:00,2026-09-20,9,6,38,2026,Feeder Container,TraPac,Shanghai,2250.0,0.9,2.0,0,95.0,1,1,0,3,5,102.4,High
367396670,Z-THREE,Feeder Container,33.76371,-118.25699,0.0,False,False,2026-09-20 17:24:33.254548+00:00,2026-09-20,9,6,38,2026,Feeder Container,TraPac,Manila,2250.0,0.9,2.0,0,95.0,1,1,0,3,3,102.4,High
367109000,OVERSEAS HOUSTON    ,Feeder Container,33.77587,-118.21237,0.0,False,False,2026-09-20 17:24:33.254548+00:00,2026-09-20,9,6,38,2026,Feeder Container,Yang Ming,Shenzhen,2250.0,0.9,2.0,0,95.0,1,1,0,4,6,102.4,High
368171390,BROOKS M HAMILTON   ,Feeder Container,33.73074,-118.26237,0.0,False,False,2026-09-20 17:24:33.254548+00:00,2026-09-20,9,6,38,2026,Feeder Container,TraPac,Shenzhen,2250.0,0.9,2.0,0,95.0,1,1,0,3,6,102.4,High
303200000, COLLETTE C,Feeder Container,33.7533,-118.22383,0.0,False,False,2026-09-20 17:24:33.254548+00:00,2026-09-20,9,6,38,2026,Feeder Container,Yang Ming,Singapore,2250.0,0.9,2.0,0,95.0,1,1,0,4,7,102.4,High
367308610,SARAH C.            ,Feeder Container,33.75324,-118.22378,0.0,False,False,2026-09-20 17:24:33.254548+00:00,2026-09-20,9,6,38,2026,Feeder Container,Yang Ming,Ningbo,2250.0,0.9,2.0,0,95.0,1,1,0,4,4,102.5,High
368159190,LB PILOT POLARIS 3  ,Feeder Container,33.74733,-118.21565,0.1,False,False,2026-09-20 17:24:33.254548+00:00,2026-09-20,9,6,38,2026,Feeder Container,Yang Ming,Jakarta,2250.0,0.9,2.0,0,95.0,1,1,0,4,2,102.4,High
366926740,TIM QUIGG,Feeder Container,33.76373,-118.25673,0.0,False,False,2026-09-20 17:24:33.254548+00:00,2026-09-20,9,6,38,2026,Feeder Container,TraPac,Singapore,2250.0,0.9,2.0,0,95.0,1,1,0,3,7,102.4,High
636021666,MSC DARLENE         ,Feeder Container,33.75157,-118.24138,0.0,False,False,2026-09-20 17:24:33.254548+00:00,2026-09-20,9,6,38,2026,Feeder Container,TraPac,Ningbo,2250.0,0.9,2.0,0,95.0,1,1,0,3,4,102.5,High
249113000,MRC LIVA            ,Feeder Container,33.68062,-118.12125,0.0,False,False,2026-09-20 17:24:33.254548+00:00,2026-09-20,9,6,38,2026,Feeder Container,China Shipping,Ningbo,2250.0,0.9,2.0,0,95.0,1,1,0,1,4,102.5,High
368088820,MORTY               ,Feeder Container,33.73972,-118.20456,0.0,False,False,2026-09-20 17:24:33.254548+00:00,2026-09-20,9,6,38,2026,Feeder Container,Yang Ming,Manila,2250.0,0.9,2.0,0,95.0,1,1,0,4,3,102.4,High
367569830,BARBARA J MULHOLLAND,Feeder Container,33.76349,-118.25698,0.0,False,False,2026-09-20 17:24:33.254548+00:00,2026-09-20,9,6,38,2026,Feeder Container,TraPac,Shenzhen,2250.0,0.9,2.0,0,95.0,1,1,0,3,6,102.4,High
367311590,MISS CHRISTI        ,Feeder Container,33.73592,-118.2694,0.2,False,False,2026-09-20 17:24:33.254548+00:00,2026-09-20,9,6,38,2026,Feeder Container,TraPac,Singapore,2250.0,0.9,2.0,0,95.0,1,1,0,3,7,102.4,High
367395280,CLEAN OCEAN         ,Feeder Container,33.73183,-118.26415,0.0,False,False,2026-09-20 17:24:33.254548+00:00,2026-09-20,9,6,38,2026,Feeder Container,TraPac,Singapore,2250.0,0.9,2.0,0,95.0,1,1,0,3,7,102.4,High
367672140,MAURETANIA          ,Feeder Container,33.72353,-118.28045,0.0,False,False,2026-09-21 19:16:26.260136+00:00,2026-09-21,9,0,39,2026,Feeder Container,APM Terminals,Taipei,2250.0,0.9,2.0,0,95.0,1,0,0,0,8,102.4,High
338366226,V.A.POINT VICENTE   ,Feeder Container,33.72339,-118.28066,0.0,False,False,2026-09-21 19:16:26.260136+00:00,2026-09-21,9,0,39,2026,Feeder Container,APM Terminals,Singapore,2250.0,0.9,2.0,0,95.0,1,0,0,0,7,102.5,High
367507960,DB SALTA VERDE      ,Feeder Container,33.7538,-118.2239,0.0,False,False,2026-09-21 19:16:26.260136+00:00,2026-09-21,9,0,39,2026,Feeder Container,Yang Ming,Singapore,2250.0,0.9,2.0,0,95.0,1,0,0,4,7,102.5,High
338921000,CG GEORGE COBB,Feeder Container,33.72836,-118.27043,0.1,False,False,2026-09-21 19:16:26.260136+00:00,2026-09-21,9,0,39,2026,Feeder Container,TraPac,Jakarta,2250.0,0.9,2.0,0,95.0,1,0,0,3,2,102.5,High
367366670,VULCAN              ,Feeder Container,33.72457,-118.21972,0.1,False,False,2026-09-21 19:16:26.260136+00:00,2026-09-21,9,0,39,2026,Feeder Container,Yang Ming,Taipei,2250.0,0.9,2.0,0,95.0,1,0,0,4,8,102.4,High
367133910,FIREBOAT 4          ,Feeder Container,33.76541,-118.25552,0.0,False,False,2026-09-21 19:16:26.260136+00:00,2026-09-21,9,0,39,2026,Feeder Container,TraPac,Taipei,2250.0,0.9,2.0,0,95.0,1,0,0,3,8,102.4,High
368024740,LB PILOT BOAT  ORION,Feeder Container,33.74723,-118.21567,0.1,False,False,2026-09-21 19:16:26.260136+00:00,2026-09-21,9,0,39,2026,Feeder Container,Yang Ming,Busan,2250.0,0.9,2.0,0,95.0,1,0,0,4,0,102.1,High
367330510,PATRICIA ANN,Feeder Container,33.72894,-118.27545,0.0,False,False,2026-09-21 19:16:26.260136+00:00,2026-09-21,9,0,39,2026,Feeder Container,TraPac,Ningbo,2250.0,0.9,2.0,0,95.0,1,0,0,3,4,102.6,High
368164530,ANGELS PILOT,Feeder Container,33.72139,-118.27126,0.3,False,False,2026-09-21 19:16:26.260136+00:00,2026-09-21,9,0,39,2026,Feeder Container,TraPac,Hong Kong,2250.0,0.9,2.0,0,95.0,1,0,0,3,1,102.5,High
367401030,DELTA BILLIE        ,Feeder Container,33.73983,-118.27818,0.0,False,False,2026-09-21 19:16:26.260136+00:00,2026-09-21,9,0,39,2026,Feeder Container,TraPac,Busan,2250.0,0.9,2.0,0,95.0,1,0,0,3,0,102.1,High
368159190,LB PILOT POLARIS 3  ,Feeder Container,33.74732,-118.21565,0.0,False,False,2026-09-21 19:16:26.260136+00:00,2026-09-21,9,0,39,2026,Feeder Container,Yang Ming,Jakarta,2250.0,0.9,2.0,0,95.0,1,0,0,4,2,102.5,High
368084540,DELTA TERESA        ,Feeder Container,33.73666,-118.18598,0.0,False,False,2026-09-21 19:16:26.260136+00:00,2026-09-21,9,0,39,2026,Feeder Container,Everport,Jakarta,2250.0,0.9,2.0,0,95.0,1,0,0,2,2,102.5,High
367569830,BARBARA J MULHOLLAND,Feeder Container,33.75921,-118.25986,7.4,False,False,2026-09-21 19:16:26.260136+00:00,2026-09-21,9,0,39,2026,Feeder Container,TraPac,Ningbo,2250.0,0.9,2.0,0,95.0,1,0,0,3,4,102.6,High
367580930,TRIUMPHANT          ,Feeder Container,33.73744,-118.27813,0.0,False,False,2026-09-21 19:16:26.260136+00:00,2026-09-21,9,0,39,2026,Feeder Container,TraPac,Jakarta,2250.0,0.9,2.0,0,95.0,1,0,0,3,2,102.5,High
338093828,LA FIREBOAT 5,Feeder Container,33.71707,-118.27664,0.0,False,False,2026-09-21 19:16:26.260136+00:00,2026-09-21,9,0,39,2026,Feeder Container,TraPac,Ningbo,2250.0,0.9,2.0,0,95.0,1,0,0,3,4,102.6,High
368351350,MARMAC 304,Feeder Container,33.74515,-118.22435,0.0,False,False,2026-09-21 19:16:26.260136+00:00,2026-09-21,9,0,39,2026,Feeder Container,Yang Ming,Ningbo,2250.0,0.9,2.0,0,95.0,1,0,0,4,4,102.6,High
367308610,SARAH C.            ,Feeder Container,33.75324,-118.22375,0.0,False,False,2026-09-21 19:16:26.260136+00:00,2026-09-21,9,0,39,2026,Feeder Container,Yang Ming,Tokyo,2250.0,0.9,2.0,0,95.0,1,0,0,4,9,102.4,High
367395280,CLEAN OCEAN         ,Feeder Container,33.73183,-118.26417,0.0,False,False,2026-09-21 19:16:26.260136+00:00,2026-09-21,9,0,39,2026,Feeder Container,TraPac,Taipei,2250.0,0.9,2.0,0,95.0,1,0,0,3,8,102.4,High
368171260,MADELINE B HAMILTON ,Feeder Container,33.76958,-118.21644,0.0,False,False,2026-09-21 19:16:26.260136+00:00,2026-09-21,9,0,39,2026,Feeder Container,Yang Ming,Tokyo,2250.0,0.9,2.0,0,95.0,1,0,0,4,9,102.4,High
367724740,LA ESPADA ,Feeder Container,33.76242,-118.19495,0.0,False,False,2026-09-21 19:16:26.260136+00:00,2026-09-21,9,0,39,2026,Feeder Container,Everport,Hong Kong,2250.0,0.9,2.0,0,95.0,1,0,0,2,1,102.5,High
366926740,TIM QUIGG,Feeder Container,33.76373,-118.25673,0.0,False,False,2026-09-21 19:16:26.260136+00:00,2026-09-21,9,0,39,2026,Feeder Container,TraPac,Shanghai,2250.0,0.9,2.0,0,95.0,1,0,0,3,5,102.5,High
368133450,DARRELL HIATT       ,Feeder Container,33.73318,-118.26782,0.1,False,False,2026-09-21 19:16:26.260136+00:00,2026-09-21,9,0,39,2026,Feeder Container,TraPac,Singapore,2250.0,0.9,2.0,0,95.0,1,0,0,3,7,102.5,High
367006770,ROBYN J             ,Feeder Container,33.72957,-118.27642,0.0,False,False,2026-09-21 19:16:26.260136+00:00,2026-09-21,9,0,39,2026,Feeder Container,TraPac,Jakarta,2250.0,0.9,2.0,0,95.0,1,0,0,3,2,102.5,High
367754810,S BASS              ,Feeder Container,33.72234,-118.22019,0.0,False,False,2026-09-21 19:16:26.260136+00:00,2026-09-21,9,0,39,2026,Feeder Container,Yang Ming,Tokyo,2250.0,0.9,2.0,0,95.0,1,0,0,4,9,102.4,High
368237190,GO BEYOND           ,Feeder Container,33.74604,-118.22471,0.0,False,False,2026-09-21 19:16:26.260136+00:00,2026-09-21,9,0,39,2026,Feeder Container,Yang Ming,Shanghai,2250.0,0.9,2.0,0,95.0,1,0,0,4,5,102.5,High
249113000,MRC LIVA            ,Feeder Container,33.68167,-118.12176,0.1,False,False,2026-09-21 19:16:26.260136+00:00,2026-09-21,9,0,39,2026,Feeder Container,China Shipping,Jakarta,2250.0,0.9,2.0,0,95.0,1,0,0,1,2,102.5,High
368418560,WENDY JO            ,Feeder Container,33.77095,-118.21337,1.7,False,False,2026-09-21 19:16:26.260136+00:00,2026-09-21,9,0,39,2026,Feeder Container,Yang Ming,Jakarta,2250.0,0.9,2.0,0,95.0,1,0,0,4,2,102.5,High
367625810,DELTA AUDREY        ,Feeder Container,33.73986,-118.27808,0.0,False,False,2026-09-21 19:16:26.260136+00:00,2026-09-21,9,0,39,2026,Feeder Container,TraPac,Shenzhen,2250.0,0.9,2.0,0,95.0,1,0,0,3,6,102.5,High
367732430,DENISE FOSS         ,Feeder Container,33.72999,-118.27688,0.0,False,False,2026-09-21 19:16:26.260136+00:00,2026-09-21,9,0,39,2026,Feeder Container,TraPac,Busan,2250.0,0.9,2.0,0,95.0,1,0,0,3,0,102.1,High
367017440,PIPER INNESS        ,Feeder Container,33.77088,-118.21171,0.0,False,False,2026-09-21 19:16:26.260136+00:00,2026-09-21,9,0,39,2026,Feeder Container,Yang Ming,Hong Kong,2250.0,0.9,2.0,0,95.0,1,0,0,4,1,102.5,High
367704150,KRISTINA            ,Feeder Container,33.75337,-118.17439,9.3,False,False,2026-09-21 19:16:26.260136+00:00,2026-09-21,9,0,39,2026,Feeder Container,Everport,Ningbo,2250.0,0.9,2.0,0,95.0,1,0,0,2,4,102.6,High
368165030,V.A. SAN PEDRO      ,Feeder Container,33.72342,-118.2805,0.0,False,False,2026-09-21 19:16:26.260136+00:00,2026-09-21,9,0,39,2026,Feeder Container,APM Terminals,Busan,2250.0,0.9,2.0,0,95.0,1,0,0,0,0,102.1,High
368136950,HERCULES            ,Feeder Container,33.74022,-118.27812,0.0,False,False,2026-09-21 19:16:26.260136+00:00,2026-09-21,9,0,39,2026,Feeder Container,TraPac,Shenzhen,2250.0,0.9,2.0,0,95.0,1,0,0,3,6,102.5,High
368225560,MARLEY C            ,Feeder Container,33.72554,-118.2275,7.9,False,False,2026-09-21 19:16:26.260136+00:00,2026-09-21,9,0,39,2026,Feeder Container,Yang Ming,Singapore,2250.0,0.9,2.0,0,95.0,1,0,0,4,7,102.5,High
368165820,V.A.POINT FERMIN    ,Feeder Container,33.72347,-118.2805,0.0,False,False,2026-09-21 19:16:26.260136+00:00,2026-09-21,9,0,39,2026,Feeder Container,APM Terminals,Busan,2250.0,0.9,2.0,0,95.0,1,0,0,0,0,102.1,High
368088820,MORTY               ,Feeder Container,33.73976,-118.20428,0.0,False,False,2026-09-21 19:16:26.260136+00:00,2026-09-21,9,0,39,2026,Feeder Container,Yang Ming,Shanghai,2250.0,0.9,2.0,0,95.0,1,0,0,4,5,102.5,High
367019310,QUIN DELTA          ,Feeder Container,33.73406,-118.23873,0.0,False,False,2026-09-21 19:16:26.260136+00:00,2026-09-21,9,0,39,2026,Feeder Container,Yang Ming,Hong Kong,2250.0,0.9,2.0,0,95.0,1,0,0,4,1,102.5,High
367034960,PONO                ,Feeder Container,33.76745,-118.21697,0.0,False,False,2026-09-21 19:16:26.260136+00:00,2026-09-21,9,0,39,2026,Feeder Container,Yang Ming,Shanghai,2250.0,0.9,2.0,0,95.0,1,0,0,4,5,102.5,High
232018919,HYUNDAI JUPITER     ,Feeder Container,33.76307,-118.27241,0.0,False,False,2026-09-21 19:16:26.260136+00:00,2026-09-21,9,0,39,2026,Feeder Container,TraPac,Jakarta,2250.0,0.9,2.0,0,95.0,1,0,0,3,2,102.5,High
538003274,MATSON OAHU         ,Feeder Container,33.76779,-118.23642,0.1,False,False,2026-09-21 19:16:26.260136+00:00,2026-09-21,9,0,39,2026,Feeder Container,Yang Ming,Tokyo,2250.0,0.9,2.0,0,95.0,1,0,0,4,9,102.4,High
368431790,OCEAN WARRIOR       ,Feeder Container,33.73513,-118.27109,0.0,False,False,2026-09-21 19:16:26.260136+00:00,2026-09-21,9,0,39,2026,Feeder Container,TraPac,Manila,2250.0,0.9,2.0,0,95.0,1,0,0,3,3,102.5,High
368012340,APACHE              ,Feeder Container,33.71995,-118.23274,6.2,True,False,2026-09-21 19:16:26.260136+00:00,2026-09-21,9,0,39,2026,Feeder Container,Yang Ming,Tokyo,2250.0,0.9,2.0,0,95.0,1,0,0,4,9,102.4,High
366503000,CURTISS             ,Feeder Container,33.74464,-118.22669,0.0,False,False,2026-09-21 19:16:26.260136+00:00,2026-09-21,9,0,39,2026,Feeder Container,Yang Ming,Manila,2250.0,0.9,2.0,0,95.0,1,0,0,4,3,102.5,High
367004260,CABRILLO            ,Feeder Container,33.73404,-118.2686,0.0,False,False,2026-09-21 19:16:26.260136+00:00,2026-09-21,9,0,39,2026,Feeder Container,TraPac,Busan,2250.0,0.9,2.0,0,95.0,1,0,0,3,0,102.1,High
338118674,BAYWATCH19          ,Feeder Container,33.72625,-118.26904,0.1,False,False,2026-09-21 19:16:26.260136+00:00,2026-09-21,9,0,39,2026,Feeder Container,TraPac,Taipei,2250.0,0.9,2.0,0,95.0,1,0,0,3,8,102.4,High
367422010,VALKYRIE ,Feeder Container,33.73416,-118.27353,0.0,False,False,2026-09-21 19:16:26.260136+00:00,2026-09-21,9,0,39,2026,Feeder Container,TraPac,Ningbo,2250.0,0.9,2.0,0,95.0,1,0,0,3,4,102.6,High
538005624,WIDE ALPHA          ,Feeder Container,33.75359,-118.26421,0.0,False,False,2026-09-21 19:16:26.260136+00:00,2026-09-21,9,0,39,2026,Feeder Container,TraPac,Singapore,2250.0,0.9,2.0,0,95.0,1,0,0,3,7,102.5,High
368010330,LILLIAN FOSS        ,Feeder Container,33.77097,-118.21133,0.0,False,False,2026-09-21 19:16:26.260136+00:00,2026-09-21,9,0,39,2026,Feeder Container,Yang Ming,Manila,2250.0,0.9,2.0,0,95.0,1,0,0,4,3,102.5,High
368121190,ASSIST SEAL BEACH   ,Feeder Container,33.7545,-118.17297,7.7,False,False,2026-09-21 19:16:26.260136+00:00,2026-09-21,9,0,39,2026,Feeder Container,Everport,Busan,2250.0,0.9,2.0,0,95.0,1,0,0,2,0,102.1,High
367760290,FIREBOAT 15         ,Feeder Container,33.74808,-118.21556,0.3,False,False,2026-09-21 19:16:26.260136+00:00,2026-09-21,9,0,39,2026,Feeder Container,Yang Ming,Jakarta,2250.0,0.9,2.0,0,95.0,1,0,0,4,2,102.5,High
338121000,LURLINE             ,Feeder Container,33.76969,-118.21729,0.0,False,False,2026-09-22 18:03:17.492742+00:00,2026-09-22,9,1,39,2026,Feeder Container,Yang Ming,Tokyo,2250.0,0.9,2.0,0,95.0,1,0,0,4,9,102.3,High
235098383,EVER LINKING        ,Feeder Container,33.72635,-118.25961,0.0,False,False,2026-09-22 18:03:17.492742+00:00,2026-09-22,9,1,39,2026,Feeder Container,TraPac,Taipei,2250.0,0.9,2.0,0,95.0,1,0,0,3,8,102.3,High
368164540,ANGELS NAVIGATOR    ,Feeder Container,33.76262,-118.26572,0.0,False,False,2026-09-22 18:03:17.492742+00:00,2026-09-22,9,1,39,2026,Feeder Container,TraPac,Busan,2250.0,0.9,2.0,0,95.0,1,0,0,3,0,101.9,High
366998840,MILLENIUM MAVERICK,Feeder Container,33.76392,-118.25682,0.2,False,False,2026-09-22 18:03:17.492742+00:00,2026-09-22,9,1,39,2026,Feeder Container,TraPac,Shanghai,2250.0,0.9,2.0,0,95.0,1,0,0,3,5,102.4,High
368012340,APACHE              ,Feeder Container,33.73918,-118.22445,0.0,False,False,2026-09-22 18:03:17.492742+00:00,2026-09-22,9,1,39,2026,Feeder Container,Yang Ming,Busan,2250.0,0.9,2.0,0,95.0,1,0,0,4,0,101.9,High
368171390,BROOKS M HAMILTON   ,Feeder Container,33.72242,-118.2193,8.2,False,False,2026-09-22 18:03:17.492742+00:00,2026-09-22,9,1,39,2026,Feeder Container,Yang Ming,Tokyo,2250.0,0.9,2.0,0,95.0,1,0,0,4,9,102.3,High
367672140,MAURETANIA          ,Feeder Container,33.72355,-118.28044,0.0,False,False,2026-09-22 18:03:17.492742+00:00,2026-09-22,9,1,39,2026,Feeder Container,APM Terminals,Manila,2250.0,0.9,2.0,0,95.0,1,0,0,0,3,102.4,High
368133450,DARRELL HIATT       ,Feeder Container,33.73316,-118.26778,0.1,False,False,2026-09-22 18:03:17.492742+00:00,2026-09-22,9,1,39,2026,Feeder Container,TraPac,Shenzhen,2250.0,0.9,2.0,0,95.0,1,0,0,3,6,102.4,High
477271300,CSCL YELLOW SEA     ,Feeder Container,33.74092,-118.19738,0.1,False,False,2026-09-22 18:03:17.492742+00:00,2026-09-22,9,1,39,2026,Feeder Container,Everport,Shanghai,2250.0,0.9,2.0,0,95.0,1,0,0,2,5,102.4,High
563327300,YM WORTHINESS       ,Feeder Container,33.74362,-118.1942,0.0,False,False,2026-09-22 18:03:17.492742+00:00,2026-09-22,9,1,39,2026,Feeder Container,Everport,Shenzhen,2250.0,0.9,2.0,0,95.0,1,0,0,2,6,102.4,High
368351350,MARMAC 304          ,Feeder Container,33.74517,-118.22436,0.0,False,False,2026-09-22 18:03:17.492742+00:00,2026-09-22,9,1,39,2026,Feeder Container,Yang Ming,Tokyo,2250.0,0.9,2.0,0,95.0,1,0,0,4,9,102.3,High
368418560,WENDY JO            ,Feeder Container,33.77094,-118.21392,0.0,False,False,2026-09-22 18:03:17.492742+00:00,2026-09-22,9,1,39,2026,Feeder Container,Yang Ming,Singapore,2250.0,0.9,2.0,0,95.0,1,0,0,4,7,102.3,High
367513170,LASSEN              ,Feeder Container,33.75297,-118.22353,0.0,False,False,2026-09-22 18:03:17.492742+00:00,2026-09-22,9,1,39,2026,Feeder Container,Yang Ming,Shanghai,2250.0,0.9,2.0,0,95.0,1,0,0,4,5,102.4,High
368165030,V.A. SAN PEDRO      ,Feeder Container,33.72341,-118.28052,0.0,False,False,2026-09-22 18:03:17.492742+00:00,2026-09-22,9,1,39,2026,Feeder Container,APM Terminals,Busan,2250.0,0.9,2.0,0,95.0,1,0,0,0,0,101.9,High
367396670,Z-THREE             ,Feeder Container,33.76369,-118.25701,0.0,False,False,2026-09-22 18:03:17.492742+00:00,2026-09-22,9,1,39,2026,Feeder Container,TraPac,Shenzhen,2250.0,0.9,2.0,0,95.0,1,0,0,3,6,102.4,High
366904000,VISION              ,Feeder Container,33.73909,-118.22432,0.0,False,False,2026-09-22 18:03:17.492742+00:00,2026-09-22,9,1,39,2026,Feeder Container,Yang Ming,Jakarta,2250.0,0.9,2.0,0,95.0,1,0,0,4,2,102.4,High
368000890,ELIZABETH C         ,Feeder Container,33.74442,-118.22449,0.0,False,False,2026-09-22 18:03:17.492742+00:00,2026-09-22,9,1,39,2026,Feeder Container,Yang Ming,Hong Kong,2250.0,0.9,2.0,0,95.0,1,0,0,4,1,102.4,High
367616090,SEA FORCE           ,Feeder Container,33.77005,-118.21251,0.0,False,False,2026-09-22 18:03:17.492742+00:00,2026-09-22,9,1,39,2026,Feeder Container,Yang Ming,Ningbo,2250.0,0.9,2.0,0,95.0,1,0,0,4,4,102.5,High
367698890,LBFD FB20           ,Feeder Container,33.77025,-118.2097,0.0,False,False,2026-09-22 18:03:17.492742+00:00,2026-09-22,9,1,39,2026,Feeder Container,Yang Ming,Hong Kong,2250.0,0.9,2.0,0,95.0,1,0,0,4,1,102.4,High
368024740,LB PILOT BOAT  ORION,Feeder Container,33.74723,-118.21566,0.1,False,False,2026-09-22 18:03:17.492742+00:00,2026-09-22,9,1,39,2026,Feeder Container,Yang Ming,Tokyo,2250.0,0.9,2.0,0,95.0,1,0,0,4,9,102.3,High
367019310,QUIN DELTA          ,Feeder Container,33.73533,-118.23935,0.0,False,False,2026-09-22 18:03:17.492742+00:00,2026-09-22,9,1,39,2026,Feeder Container,Yang Ming,Shenzhen,2250.0,0.9,2.0,0,95.0,1,0,0,4,6,102.4,High
367533290,MARIE CHERAMIE,Feeder Container,33.73449,-118.27075,0.0,False,False,2026-09-22 18:03:17.492742+00:00,2026-09-22,9,1,39,2026,Feeder Container,TraPac,Busan,2250.0,0.9,2.0,0,95.0,1,0,0,3,0,101.9,High
311000111,PEGASUS VOYAGER,Feeder Container,33.694,-118.14065,0.0,False,False,2026-09-22 18:03:17.492742+00:00,2026-09-22,9,1,39,2026,Feeder Container,China Shipping,Manila,2250.0,0.9,2.0,0,95.0,1,0,0,1,3,102.4,High
367017440,PIPER INNESS        ,Feeder Container,33.73376,-118.26861,0.0,False,False,2026-09-22 18:03:17.492742+00:00,2026-09-22,9,1,39,2026,Feeder Container,TraPac,Shanghai,2250.0,0.9,2.0,0,95.0,1,0,0,3,5,102.4,High
367006770,ROBYN J             ,Feeder Container,33.72956,-118.27642,0.0,False,False,2026-09-22 18:03:17.492742+00:00,2026-09-22,9,1,39,2026,Feeder Container,TraPac,Ningbo,2250.0,0.9,2.0,0,95.0,1,0,0,3,4,102.5,High
338525791,AERAS-1,Feeder Container,33.76751,-118.23625,0.0,False,False,2026-09-22 18:03:17.492742+00:00,2026-09-22,9,1,39,2026,Feeder Container,Yang Ming,Busan,2250.0,0.9,2.0,0,95.0,1,0,0,4,0,101.9,High
338525147,DEFIANT             ,Feeder Container,33.72358,-118.28069,0.0,False,False,2026-09-22 18:03:17.492742+00:00,2026-09-22,9,1,39,2026,Feeder Container,APM Terminals,Jakarta,2250.0,0.9,2.0,0,95.0,1,0,0,0,2,102.4,High
368159190,LB PILOT POLARIS 3  ,Feeder Container,33.74733,-118.21565,0.0,False,False,2026-09-22 18:03:17.492742+00:00,2026-09-22,9,1,39,2026,Feeder Container,Yang Ming,Tokyo,2250.0,0.9,2.0,0,95.0,1,0,0,4,9,102.3,High
563265600,EVER MATCH          ,Feeder Container,33.74575,-118.27196,0.0,False,False,2026-09-22 18:03:17.492742+00:00,2026-09-22,9,1,39,2026,Feeder Container,TraPac,Ningbo,2250.0,0.9,2.0,0,95.0,1,0,0,3,4,102.5,High
366943940,SUPER EXPRESS       ,Feeder Container,33.74875,-118.27396,0.0,False,False,2026-09-22 18:03:17.492742+00:00,2026-09-22,9,1,39,2026,Feeder Container,TraPac,Hong Kong,2250.0,0.9,2.0,0,95.0,1,0,0,3,1,102.4,High
368165820,V.A.POINT FERMIN    ,Feeder Container,33.72117,-118.27407,5.7,False,False,2026-09-22 18:03:17.492742+00:00,2026-09-22,9,1,39,2026,Feeder Container,TraPac,Shenzhen,2250.0,0.9,2.0,0,95.0,1,0,0,3,6,102.4,High
367704150,KRISTINA            ,Feeder Container,33.74611,-118.17533,8.2,False,False,2026-09-22 18:03:17.492742+00:00,2026-09-22,9,1,39,2026,Feeder Container,Everport,Ningbo,2250.0,0.9,2.0,0,95.0,1,0,0,2,4,102.5,High
367641230,MARJORIE C.         ,Feeder Container,33.76944,-118.22912,0.0,False,False,2026-09-22 18:03:17.492742+00:00,2026-09-22,9,1,39,2026,Feeder Container,Yang Ming,Singapore,2250.0,0.9,2.0,0,95.0,1,0,0,4,7,102.3,High
563289600,ONE PREMIUM         ,Feeder Container,33.7276,-118.16797,0.0,False,False,2026-09-22 18:03:17.492742+00:00,2026-09-22,9,1,39,2026,Feeder Container,Everport,Shenzhen,2250.0,0.9,2.0,0,95.0,1,0,0,2,6,102.4,High
368431790,OCEAN WARRIOR,Feeder Container,33.73513,-118.27107,0.0,False,False,2026-09-22 18:03:17.492742+00:00,2026-09-22,9,1,39,2026,Feeder Container,TraPac,Singapore,2250.0,0.9,2.0,0,95.0,1,0,0,3,7,102.3,High
367754810,S BASS              ,Feeder Container,33.73911,-118.21712,6.7,False,False,2026-09-22 18:03:17.492742+00:00,2026-09-22,9,1,39,2026,Feeder Container,Yang Ming,Shenzhen,2250.0,0.9,2.0,0,95.0,1,0,0,4,6,102.4,High
368010330,LILLIAN FOSS        ,Feeder Container,33.77098,-118.21134,0.0,False,False,2026-09-22 18:03:17.492742+00:00,2026-09-22,9,1,39,2026,Feeder Container,Yang Ming,Manila,2250.0,0.9,2.0,0,95.0,1,0,0,4,3,102.4,High
538004071,CABO DESEADO        ,Feeder Container,33.73625,-118.16142,0.2,False,False,2026-09-22 18:03:17.492742+00:00,2026-09-22,9,1,39,2026,Feeder Container,Everport,Jakarta,2250.0,0.9,2.0,0,95.0,1,0,0,2,2,102.4,High
566482000,APL YANG SHAN,Feeder Container,33.76511,-118.27774,0.0,False,False,2026-09-22 18:03:17.492742+00:00,2026-09-22,9,1,39,2026,Feeder Container,TraPac,Singapore,2250.0,0.9,2.0,0,95.0,1,0,0,3,7,102.3,High
366892000,JAMIE ANN           ,Feeder Container,33.77081,-118.21222,0.0,False,False,2026-09-22 18:03:17.492742+00:00,2026-09-22,9,1,39,2026,Feeder Container,Yang Ming,Tokyo,2250.0,0.9,2.0,0,95.0,1,0,0,4,9,102.3,High
338256000,BLAIR C   ,Feeder Container,33.75341,-118.22608,0.0,False,False,2026-09-22 18:03:17.492742+00:00,2026-09-22,9,1,39,2026,Feeder Container,Yang Ming,Shenzhen,2250.0,0.9,2.0,0,95.0,1,0,0,4,6,102.4,High
338921000,CG GEORGE COBB,Feeder Container,33.72836,-118.27043,0.1,False,False,2026-09-22 18:03:17.492742+00:00,2026-09-22,9,1,39,2026,Feeder Container,TraPac,Jakarta,2250.0,0.9,2.0,0,95.0,1,0,0,3,2,102.4,High
367422010,VALKYRIE ,Feeder Container,33.73413,-118.2735,0.0,False,False,2026-09-22 18:03:17.492742+00:00,2026-09-22,9,1,39,2026,Feeder Container,TraPac,Tokyo,2250.0,0.9,2.0,0,95.0,1,0,0,3,9,102.3,High
369008000,ELIZABETH ANNE      ,Feeder Container,33.76485,-118.22109,7.6,False,False,2026-09-22 18:03:17.492742+00:00,2026-09-22,9,1,39,2026,Feeder Container,Yang Ming,Ningbo,2250.0,0.9,2.0,0,95.0,1,0,0,4,4,102.5,High
368136950,HERCULES            ,Feeder Container,33.74022,-118.27813,0.0,False,False,2026-09-22 18:03:17.492742+00:00,2026-09-22,9,1,39,2026,Feeder Container,TraPac,Busan,2250.0,0.9,2.0,0,95.0,1,0,0,3,0,101.9,High
367625810,DELTA AUDREY        ,Feeder Container,33.73972,-118.27811,0.0,False,False,2026-09-22 18:03:17.492742+00:00,2026-09-22,9,1,39,2026,Feeder Container,TraPac,Ningbo,2250.0,0.9,2.0,0,95.0,1,0,0,3,4,102.5,High
338366226,V.A.POINT VICENTE   ,Feeder Container,33.72337,-118.28068,0.0,False,False,2026-09-22 18:03:17.492742+00:00,2026-09-22,9,1,39,2026,Feeder Container,APM Terminals,Jakarta,2250.0,0.9,2.0,0,95.0,1,0,0,0,2,102.4,High
367580930,TRIUMPHANT          ,Feeder Container,33.75593,-118.18812,7.7,False,False,2026-09-23 18:23:02.582976+00:00,2026-09-23,9,2,39,2026,Feeder Container,Everport,Taipei,2250.0,0.9,2.0,0,95.0,1,0,0,2,8,102.3,High
367754810,S BASS              ,Feeder Container,33.72459,-118.21949,0.0,False,False,2026-09-23 18:23:02.582976+00:00,2026-09-23,9,2,39,2026,Feeder Container,Yang Ming,Shanghai,2250.0,0.9,2.0,0,95.0,1,0,0,4,5,102.4,High
366760650,LEADER              ,Feeder Container,33.74025,-118.27809,0.0,False,False,2026-09-23 18:23:02.582976+00:00,2026-09-23,9,2,39,2026,Feeder Container,TraPac,Jakarta,2250.0,0.9,2.0,0,95.0,1,0,0,3,2,102.4,High
367019310,QUIN DELTA          ,Feeder Container,33.73179,-118.23218,0.0,False,False,2026-09-23 18:23:02.582976+00:00,2026-09-23,9,2,39,2026,Feeder Container,Yang Ming,Taipei,2250.0,0.9,2.0,0,95.0,1,0,0,4,8,102.3,High
367533290,MARIE CHERAMIE,Feeder Container,33.73448,-118.27075,0.0,False,False,2026-09-23 18:23:02.582976+00:00,2026-09-23,9,2,39,2026,Feeder Container,TraPac,Taipei,2250.0,0.9,2.0,0,95.0,1,0,0,3,8,102.3,High
366921510,SUN SPIRIT          ,Feeder Container,33.73092,-118.26185,0.0,False,False,2026-09-23 18:23:02.582976+00:00,2026-09-23,9,2,39,2026,Feeder Container,TraPac,Tokyo,2250.0,0.9,2.0,0,95.0,1,0,0,3,9,102.3,High
367308610,SARAH C.            ,Feeder Container,33.75324,-118.22377,0.0,False,False,2026-09-23 18:23:02.582976+00:00,2026-09-23,9,2,39,2026,Feeder Container,Yang Ming,Shenzhen,2250.0,0.9,2.0,0,95.0,1,0,0,4,6,102.4,High
367004260,CABRILLO            ,Feeder Container,33.73413,-118.2686,0.0,False,False,2026-09-23 18:23:02.582976+00:00,2026-09-23,9,2,39,2026,Feeder Container,TraPac,Singapore,2250.0,0.9,2.0,0,95.0,1,0,0,3,7,102.3,High
368418560,WENDY JO            ,Feeder Container,33.77094,-118.21395,0.0,False,False,2026-09-23 18:23:02.582976+00:00,2026-09-23,9,2,39,2026,Feeder Container,Yang Ming,Manila,2250.0,0.9,2.0,0,95.0,1,0,0,4,3,102.4,High
367616090,SEA FORCE           ,Feeder Container,33.77002,-118.21249,0.0,False,False,2026-09-23 18:23:02.582976+00:00,2026-09-23,9,2,39,2026,Feeder Container,Yang Ming,Shanghai,2250.0,0.9,2.0,0,95.0,1,0,0,4,5,102.4,High
366998840,MILLENIUM MAVERICK  ,Feeder Container,33.76395,-118.25682,0.0,False,False,2026-09-23 18:23:02.582976+00:00,2026-09-23,9,2,39,2026,Feeder Container,TraPac,Jakarta,2250.0,0.9,2.0,0,95.0,1,0,0,3,2,102.4,High
636021666,MSC DARLENE         ,Feeder Container,33.75157,-118.2414,0.0,False,False,2026-09-23 18:23:02.582976+00:00,2026-09-23,9,2,39,2026,Feeder Container,TraPac,Ningbo,2250.0,0.9,2.0,0,95.0,1,0,0,3,4,102.5,High
477136800,COSCO KAOHSIUNG     ,Feeder Container,33.73678,-118.19269,0.0,False,False,2026-09-23 18:23:02.582976+00:00,2026-09-23,9,2,39,2026,Feeder Container,Everport,Manila,2250.0,0.9,2.0,0,95.0,1,0,0,2,3,102.4,High
366857070,JET CAT EXPRESS     ,Feeder Container,33.76177,-118.19969,3.3,False,False,2026-09-23 18:23:02.582976+00:00,2026-09-23,9,2,39,2026,Feeder Container,Everport,Busan,2250.0,0.9,2.0,0,95.0,1,0,0,2,0,101.9,High
368237190,GO BEYOND           ,Feeder Container,33.74603,-118.22473,0.0,False,False,2026-09-23 18:23:02.582976+00:00,2026-09-23,9,2,39,2026,Feeder Container,Yang Ming,Busan,2250.0,0.9,2.0,0,95.0,1,0,0,4,0,101.9,High
367396670,Z-THREE             ,Feeder Container,33.76368,-118.25697,0.0,False,False,2026-09-23 18:23:02.582976+00:00,2026-09-23,9,2,39,2026,Feeder Container,TraPac,Shenzhen,2250.0,0.9,2.0,0,95.0,1,0,0,3,6,102.4,High
367748970,BECKY T             ,Feeder Container,33.74935,-118.2308,0.1,False,False,2026-09-23 18:23:02.582976+00:00,2026-09-23,9,2,39,2026,Feeder Container,Yang Ming,Busan,2250.0,0.9,2.0,0,95.0,1,0,0,4,0,101.9,High
636019407,GSL NINGBO          ,Feeder Container,33.70482,-118.13664,0.1,False,False,2026-09-23 18:23:02.582976+00:00,2026-09-23,9,2,39,2026,Feeder Container,China Shipping,Shenzhen,2250.0,0.9,2.0,0,95.0,1,0,0,1,6,102.4,High
366943940,SUPER EXPRESS       ,Feeder Container,33.74982,-118.27374,0.0,False,False,2026-09-23 18:23:02.582976+00:00,2026-09-23,9,2,39,2026,Feeder Container,TraPac,Tokyo,2250.0,0.9,2.0,0,95.0,1,0,0,3,9,102.3,High
367707820,MISS MAYA           ,Feeder Container,33.73419,-118.26356,0.0,False,False,2026-09-23 18:23:02.582976+00:00,2026-09-23,9,2,39,2026,Feeder Container,TraPac,Manila,2250.0,0.9,2.0,0,95.0,1,0,0,3,3,102.4,High
367366670,VULCAN              ,Feeder Container,33.72461,-118.21923,0.1,False,False,2026-09-23 18:23:02.582976+00:00,2026-09-23,9,2,39,2026,Feeder Container,Yang Ming,Tokyo,2250.0,0.9,2.0,0,95.0,1,0,0,4,9,102.3,High
367704150,KRISTINA            ,Feeder Container,33.76225,-118.19548,0.0,False,False,2026-09-23 18:23:02.582976+00:00,2026-09-23,9,2,39,2026,Feeder Container,Everport,Singapore,2250.0,0.9,2.0,0,95.0,1,0,0,2,7,102.3,High
366978690,EAGLE               ,Feeder Container,33.73129,-118.26093,0.0,False,False,2026-09-23 18:23:02.582976+00:00,2026-09-23,9,2,39,2026,Feeder Container,TraPac,Shenzhen,2250.0,0.9,2.0,0,95.0,1,0,0,3,6,102.4,High
338118674,BAYWATCH19          ,Feeder Container,33.72625,-118.26904,0.1,False,False,2026-09-23 18:23:02.582976+00:00,2026-09-23,9,2,39,2026,Feeder Container,TraPac,Busan,2250.0,0.9,2.0,0,95.0,1,0,0,3,0,101.9,High
477652300,COSCO ENGLAND       ,Feeder Container,33.73162,-118.25817,0.0,False,False,2026-09-23 18:23:02.582976+00:00,2026-09-23,9,2,39,2026,Feeder Container,TraPac,Manila,2250.0,0.9,2.0,0,95.0,1,0,0,3,3,102.4,High
367422010,VALKYRIE ,Feeder Container,33.73411,-118.27352,0.0,False,False,2026-09-23 18:23:02.582976+00:00,2026-09-23,9,2,39,2026,Feeder Container,TraPac,Hong Kong,2250.0,0.9,2.0,0,95.0,1,0,0,3,1,102.4,High
367175860,INDEPENDENCE,Feeder Container,33.72875,-118.27515,0.0,False,False,2026-09-23 18:23:02.582976+00:00,2026-09-23,9,2,39,2026,Feeder Container,TraPac,Busan,2250.0,0.9,2.0,0,95.0,1,0,0,3,0,101.9,High
367034960,PONO,Feeder Container,33.76743,-118.21697,0.0,False,False,2026-09-23 18:23:02.582976+00:00,2026-09-23,9,2,39,2026,Feeder Container,Yang Ming,Hong Kong,2250.0,0.9,2.0,0,95.0,1,0,0,4,1,102.4,High
368084540,DELTA TERESA        ,Feeder Container,33.73988,-118.27818,0.0,False,False,2026-09-23 18:23:02.582976+00:00,2026-09-23,9,2,39,2026,Feeder Container,TraPac,Hong Kong,2250.0,0.9,2.0,0,95.0,1,0,0,3,1,102.4,High
368165820,V.A.POINT FERMIN    ,Feeder Container,33.72349,-118.28053,0.0,False,False,2026-09-23 18:23:02.582976+00:00,2026-09-23,9,2,39,2026,Feeder Container,APM Terminals,Tokyo,2250.0,0.9,2.0,0,95.0,1,0,0,0,9,102.3,High
368453350,DIVE BOAT II,Feeder Container,33.73627,-118.26943,0.0,False,False,2026-09-23 18:23:02.582976+00:00,2026-09-23,9,2,39,2026,Feeder Container,TraPac,Tokyo,2250.0,0.9,2.0,0,95.0,1,0,0,3,9,102.3,High
368351350,MARMAC 304          ,Feeder Container,33.74419,-118.22457,0.0,False,False,2026-09-23 18:23:02.582976+00:00,2026-09-23,9,2,39,2026,Feeder Container,Yang Ming,Shanghai,2250.0,0.9,2.0,0,95.0,1,0,0,4,5,102.4,High
367044560,PILOT BOAT BANNING  ,Feeder Container,33.76277,-118.26561,0.0,False,False,2026-09-23 18:23:02.582976+00:00,2026-09-23,9,2,39,2026,Feeder Container,TraPac,Shenzhen,2250.0,0.9,2.0,0,95.0,1,0,0,3,6,102.4,High
538005624,WIDE ALPHA          ,Feeder Container,33.75357,-118.26418,0.0,False,False,2026-09-23 18:23:02.582976+00:00,2026-09-23,9,2,39,2026,Feeder Container,TraPac,Shanghai,2250.0,0.9,2.0,0,95.0,1,0,0,3,5,102.4,High
563265100,WAN HAI A19         ,Feeder Container,33.75863,-118.25918,0.0,False,False,2026-09-23 18:23:02.582976+00:00,2026-09-23,9,2,39,2026,Feeder Container,TraPac,Manila,2250.0,0.9,2.0,0,95.0,1,0,0,3,3,102.4,High
368225570,MACKENZIE C         ,Feeder Container,33.74216,-118.21837,6.7,False,False,2026-09-23 18:23:02.582976+00:00,2026-09-23,9,2,39,2026,Feeder Container,Yang Ming,Taipei,2250.0,0.9,2.0,0,95.0,1,0,0,4,8,102.3,High
441058000,HMM MIR             ,Feeder Container,33.73361,-118.24349,0.0,False,False,2026-09-23 18:23:02.582976+00:00,2026-09-23,9,2,39,2026,Feeder Container,TraPac,Shenzhen,2250.0,0.9,2.0,0,95.0,1,0,0,3,6,102.4,High
367401030,DELTA BILLIE        ,Feeder Container,33.7565,-118.21763,0.0,False,False,2026-09-23 18:23:02.582976+00:00,2026-09-23,9,2,39,2026,Feeder Container,Yang Ming,Shanghai,2250.0,0.9,2.0,0,95.0,1,0,0,4,5,102.4,High
636025763,MSC FIRENZE         ,Feeder Container,33.70366,-118.15292,0.0,False,False,2026-09-23 18:23:02.582976+00:00,2026-09-23,9,2,39,2026,Feeder Container,China Shipping,Taipei,2250.0,0.9,2.0,0,95.0,1,0,0,1,8,102.3,High
367625810,DELTA AUDREY,Feeder Container,33.73293,-118.21558,0.1,False,False,2026-09-23 18:23:02.582976+00:00,2026-09-23,9,2,39,2026,Feeder Container,Yang Ming,Manila,2250.0,0.9,2.0,0,95.0,1,0,0,4,3,102.4,High
368000890,ELIZABETH C         ,Feeder Container,33.73778,-118.21707,8.2,False,False,2026-09-23 18:23:02.582976+00:00,2026-09-23,9,2,39,2026,Feeder Container,Yang Ming,Manila,2250.0,0.9,2.0,0,95.0,1,0,0,4,3,102.4,High
367569830,BARBARA J MULHOLLAND,Feeder Container,33.76359,-118.25695,0.0,False,False,2026-09-23 18:23:02.582976+00:00,2026-09-23,9,2,39,2026,Feeder Container,TraPac,Ningbo,2250.0,0.9,2.0,0,95.0,1,0,0,3,4,102.5,High
367513170,LASSEN              ,Feeder Container,33.75297,-118.22353,0.0,False,False,2026-09-23 18:23:02.582976+00:00,2026-09-23,9,2,39,2026,Feeder Container,Yang Ming,Manila,2250.0,0.9,2.0,0,95.0,1,0,0,4,3,102.4,High
636024654,ZIM ALBATROSS       ,Feeder Container,33.74373,-118.20225,0.0,False,False,2026-09-23 18:23:02.582976+00:00,2026-09-23,9,2,39,2026,Feeder Container,Yang Ming,Manila,2250.0,0.9,2.0,0,95.0,1,0,0,4,3,102.4,High
477946000,OOCL ROTTERDAM      ,Feeder Container,33.75996,-118.21421,0.0,False,False,2026-09-23 18:23:02.582976+00:00,2026-09-23,9,2,39,2026,Feeder Container,Yang Ming,Jakarta,2250.0,0.9,2.0,0,95.0,1,0,0,4,2,102.4,High
366886630,EXY JOHNSON,Feeder Container,33.73654,-118.27791,0.0,False,False,2026-09-23 18:23:02.582976+00:00,2026-09-23,9,2,39,2026,Feeder Container,TraPac,Shenzhen,2250.0,0.9,2.0,0,95.0,1,0,0,3,6,102.4,High
368171260,MADELINE B HAMILTON ,Feeder Container,33.74177,-118.19414,0.0,False,False,2026-09-23 18:23:02.582976+00:00,2026-09-23,9,2,39,2026,Feeder Container,Everport,Tokyo,2250.0,0.9,2.0,0,95.0,1,0,0,2,9,102.3,High
366979370,EDITH FOSS          ,Feeder Container,33.71483,-118.24139,4.4,True,False,2026-09-23 18:23:02.582976+00:00,2026-09-23,9,2,39,2026,Feeder Container,TraPac,Singapore,2250.0,0.9,2.0,0,95.0,1,0,0,3,7,102.3,High
368024740,LB PILOT BOAT  ORION,Feeder Container,33.74721,-118.21565,0.0,False,False,2026-09-23 18:23:02.582976+00:00,2026-09-23,9,2,39,2026,Feeder Container,Yang Ming,Taipei,2250.0,0.9,2.0,0,95.0,1,0,0,4,8,102.3,High
636092786,CAUQUENES           ,Feeder Container,33.73205,-118.24817,0.0,False,False,2026-09-23 18:23:02.582976+00:00,2026-09-23,9,2,39,2026,Feeder Container,TraPac,Tokyo,2250.0,0.9,2.0,0,95.0,1,0,0,3,9,102.3,High
368010330,LILLIAN FOSS        ,Feeder Container,33.77098,-118.21133,0.0,False,False,2026-09-23 18:23:02.582976+00:00,2026-09-23,9,2,39,2026,Feeder Container,Yang Ming,Busan,2250.0,0.9,2.0,0,95.0,1,0,0,4,0,101.9,High
218834000,POSEN               ,Feeder Container,33.76294,-118.27654,0.0,False,False,2026-09-23 18:23:02.582976+00:00,2026-09-23,9,2,39,2026,Feeder Container,TraPac,Tokyo,2250.0,0.9,2.0,0,95.0,1,0,0,3,9,102.3,High
477156900,COSCOSHIPPING PANAMA,Feeder Container,33.75757,-118.21426,0.0,False,False,2026-09-23 18:23:02.582976+00:00,2026-09-23,9,2,39,2026,Feeder Container,Yang Ming,Singapore,2250.0,0.9,2.0,0,95.0,1,0,0,4,7,102.3,High
366888850,LINDSAY C           ,Feeder Container,33.75361,-118.22412,0.0,False,False,2026-09-23 18:23:02.582976+00:00,2026-09-23,9,2,39,2026,Feeder Container,Yang Ming,Tokyo,2250.0,0.9,2.0,0,95.0,1,0,0,4,9,102.3,High
338366226,V.A.POINT VICENTE   ,Feeder Container,33.72339,-118.28068,0.0,False,False,2026-09-23 18:23:02.582976+00:00,2026-09-23,9,2,39,2026,Feeder Container,APM Terminals,Hong Kong,2250.0,0.9,2.0,0,95.0,1,0,0,0,1,102.4,High
441058000,HMM MIR             ,Feeder Container,33.73354,-118.24345,0.0,False,False,2026-09-24 18:23:55.648845+00:00,2026-09-24,9,3,39,2026,Feeder Container,TraPac,Ningbo,2250.0,0.9,2.0,0,95.0,1,0,0,3,4,102.5,High
367401030,DELTA BILLIE,Feeder Container,33.7399,-118.27819,0.0,False,False,2026-09-24 18:23:55.648845+00:00,2026-09-24,9,3,39,2026,Feeder Container,TraPac,Shanghai,2250.0,0.9,2.0,0,95.0,1,0,0,3,5,102.4,High
636013692,YM UTILITY          ,Feeder Container,33.75429,-118.27551,0.0,False,False,2026-09-24 18:23:55.648845+00:00,2026-09-24,9,3,39,2026,Feeder Container,TraPac,Hong Kong,2250.0,0.9,2.0,0,95.0,1,0,0,3,1,102.3,High
367689990,HARBOR KING         ,Feeder Container,33.72122,-118.26689,7.4,False,False,2026-09-24 18:23:55.648845+00:00,2026-09-24,9,3,39,2026,Feeder Container,TraPac,Jakarta,2250.0,0.9,2.0,0,95.0,1,0,0,3,2,102.3,High
368136950,HERCULES            ,Feeder Container,33.74023,-118.278,0.0,False,False,2026-09-24 18:23:55.648845+00:00,2026-09-24,9,3,39,2026,Feeder Container,TraPac,Tokyo,2250.0,0.9,2.0,0,95.0,1,0,0,3,9,102.2,High
367330510,PATRICIA ANN,Feeder Container,33.72894,-118.27547,0.0,False,False,2026-09-24 18:23:55.648845+00:00,2026-09-24,9,3,39,2026,Feeder Container,TraPac,Ningbo,2250.0,0.9,2.0,0,95.0,1,0,0,3,4,102.5,High
368171390,BROOKS M HAMILTON   ,Feeder Container,33.75827,-118.26102,5.6,False,False,2026-09-24 18:23:55.648845+00:00,2026-09-24,9,3,39,2026,Feeder Container,TraPac,Taipei,2250.0,0.9,2.0,0,95.0,1,0,0,3,8,102.2,High
636015706,PACIFIC ONYX,Ultra Large Container,33.74853,-118.21094,0.0,False,False,2026-09-24 18:23:55.648845+00:00,2026-09-24,9,3,39,2026,Ultra Large Container,Yang Ming,Shenzhen,16200.0,0.9,2.0,0,95.0,1,0,4,4,6,102.3,High
367017440,PIPER INNESS        ,Feeder Container,33.73379,-118.26857,0.0,False,False,2026-09-24 18:23:55.648845+00:00,2026-09-24,9,3,39,2026,Feeder Container,TraPac,Jakarta,2250.0,0.9,2.0,0,95.0,1,0,0,3,2,102.3,High
367616090,SEA FORCE           ,Feeder Container,33.77001,-118.21249,0.0,False,False,2026-09-24 18:23:55.648845+00:00,2026-09-24,9,3,39,2026,Feeder Container,Yang Ming,Singapore,2250.0,0.9,2.0,0,95.0,1,0,0,4,7,102.3,High
366926740,TIM QUIGG,Feeder Container,33.76375,-118.25673,0.0,False,False,2026-09-24 18:23:55.648845+00:00,2026-09-24,9,3,39,2026,Feeder Container,TraPac,Busan,2250.0,0.9,2.0,0,95.0,1,0,0,3,0,101.9,High
367004260,CABRILLO            ,Feeder Container,33.73411,-118.26857,0.0,False,False,2026-09-24 18:23:55.648845+00:00,2026-09-24,9,3,39,2026,Feeder Container,TraPac,Ningbo,2250.0,0.9,2.0,0,95.0,1,0,0,3,4,102.5,High
636092786,CAUQUENES           ,Feeder Container,33.7321,-118.24816,0.0,False,False,2026-09-24 18:23:55.648845+00:00,2026-09-24,9,3,39,2026,Feeder Container,TraPac,Singapore,2250.0,0.9,2.0,0,95.0,1,0,0,3,7,102.3,High
366943940,SUPER EXPRESS       ,Feeder Container,33.74988,-118.27382,0.0,False,False,2026-09-24 18:23:55.648845+00:00,2026-09-24,9,3,39,2026,Feeder Container,TraPac,Singapore,2250.0,0.9,2.0,0,95.0,1,0,0,3,7,102.3,High
366951720,ELMER M             ,Feeder Container,33.75316,-118.2202,0.0,False,False,2026-09-24 18:23:55.648845+00:00,2026-09-24,9,3,39,2026,Feeder Container,Yang Ming,Ningbo,2250.0,0.9,2.0,0,95.0,1,0,0,4,4,102.5,High
368165030,V.A. SAN PEDRO      ,Feeder Container,33.72344,-118.2805,0.0,False,False,2026-09-24 18:23:55.648845+00:00,2026-09-24,9,3,39,2026,Feeder Container,APM Terminals,Taipei,2250.0,0.9,2.0,0,95.0,1,0,0,0,8,102.2,High
218834000,POSEN,Large Container,33.76295,-118.27655,0.0,False,False,2026-09-24 18:23:55.648845+00:00,2026-09-24,9,3,39,2026,Large Container,TraPac,Jakarta,10800.0,0.9,2.0,0,95.0,1,0,1,3,2,102.6,High
369008000,ELIZABETH ANNE      ,Feeder Container,33.76387,-118.22054,6.6,False,False,2026-09-24 18:23:55.648845+00:00,2026-09-24,9,3,39,2026,Feeder Container,Yang Ming,Busan,2250.0,0.9,2.0,0,95.0,1,0,0,4,0,101.9,High
477271300,CSCL YELLOW SEA     ,Feeder Container,33.74092,-118.19733,0.0,False,False,2026-09-24 18:23:55.648845+00:00,2026-09-24,9,3,39,2026,Feeder Container,Everport,Ningbo,2250.0,0.9,2.0,0,95.0,1,0,0,2,4,102.5,High
367422010,VALKYRIE ,Feeder Container,33.73416,-118.27351,0.0,False,False,2026-09-24 18:23:55.648845+00:00,2026-09-24,9,3,39,2026,Feeder Container,TraPac,Hong Kong,2250.0,0.9,2.0,0,95.0,1,0,0,3,1,102.3,High
367550000,SHANNON             ,Feeder Container,33.74549,-118.22487,0.0,False,False,2026-09-24 18:23:55.648845+00:00,2026-09-24,9,3,39,2026,Feeder Container,Yang Ming,Tokyo,2250.0,0.9,2.0,0,95.0,1,0,0,4,9,102.2,High
367724740,LA ESPADA ,Feeder Container,33.73345,-118.1823,10.7,False,False,2026-09-24 18:23:55.648845+00:00,2026-09-24,9,3,39,2026,Feeder Container,Everport,Manila,2250.0,0.9,2.0,0,95.0,1,0,0,2,3,102.3,High
368165820,V.A.POINT FERMIN    ,Feeder Container,33.72351,-118.28053,0.0,False,False,2026-09-24 18:23:55.648845+00:00,2026-09-24,9,3,39,2026,Feeder Container,APM Terminals,Shanghai,2250.0,0.9,2.0,0,95.0,1,0,0,0,5,102.4,High
368024740,LB PILOT BOAT  ORION,Feeder Container,33.74722,-118.21566,0.1,False,False,2026-09-24 18:23:55.648845+00:00,2026-09-24,9,3,39,2026,Feeder Container,Yang Ming,Shenzhen,2250.0,0.9,2.0,0,95.0,1,0,0,4,6,102.4,High
368088820,MORTY               ,Feeder Container,33.74856,-118.23065,0.0,False,False,2026-09-24 18:23:55.648845+00:00,2026-09-24,9,3,39,2026,Feeder Container,Yang Ming,Singapore,2250.0,0.9,2.0,0,95.0,1,0,0,4,7,102.3,High
367569830,BARBARA J MULHOLLAND,Feeder Container,33.76347,-118.2569,0.0,False,False,2026-09-24 18:23:55.648845+00:00,2026-09-24,9,3,39,2026,Feeder Container,TraPac,Singapore,2250.0,0.9,2.0,0,95.0,1,0,0,3,7,102.3,High
636019407,GSL NINGBO,Large Container,33.75431,-118.23213,0.0,False,False,2026-09-24 18:23:55.648845+00:00,2026-09-24,9,3,39,2026,Large Container,Yang Ming,Manila,10800.0,0.9,2.0,0,95.0,1,0,1,4,3,102.6,High
367199310,CATALINA JET        ,Feeder Container,33.76305,-118.19946,0.0,False,False,2026-09-24 18:23:55.648845+00:00,2026-09-24,9,3,39,2026,Feeder Container,Everport,Ningbo,2250.0,0.9,2.0,0,95.0,1,0,0,2,4,102.5,High
369725000,IRVING JOHNSON,Feeder Container,33.73607,-118.27781,0.0,False,False,2026-09-24 18:23:55.648845+00:00,2026-09-24,9,3,39,2026,Feeder Container,TraPac,Shanghai,2250.0,0.9,2.0,0,95.0,1,0,0,3,5,102.4,High
366979370,EDITH FOSS          ,Feeder Container,33.72927,-118.27572,0.2,False,False,2026-09-24 18:23:55.648845+00:00,2026-09-24,9,3,39,2026,Feeder Container,TraPac,Taipei,2250.0,0.9,2.0,0,95.0,1,0,0,3,8,102.2,High
338366226,V.A.POINT VICENTE   ,Feeder Container,33.7286,-118.2746,0.0,False,False,2026-09-24 18:23:55.648845+00:00,2026-09-24,9,3,39,2026,Feeder Container,TraPac,Jakarta,2250.0,0.9,2.0,0,95.0,1,0,0,3,2,102.3,High
367754810,S BASS              ,Feeder Container,33.73544,-118.21501,8.0,False,False,2026-09-24 18:23:55.648845+00:00,2026-09-24,9,3,39,2026,Feeder Container,Yang Ming,Ningbo,2250.0,0.9,2.0,0,95.0,1,0,0,4,4,102.5,High
352005013,GRAND AMBROSE       ,Feeder Container,33.73291,-118.21339,5.1,False,False,2026-09-24 18:23:55.648845+00:00,2026-09-24,9,3,39,2026,Feeder Container,Yang Ming,Busan,2250.0,0.9,2.0,0,95.0,1,0,0,4,0,101.9,High
566482000,APL YANG SHAN,Feeder Container,33.76512,-118.27775,0.0,False,False,2026-09-24 18:23:55.648845+00:00,2026-09-24,9,3,39,2026,Feeder Container,TraPac,Manila,2250.0,0.9,2.0,0,95.0,1,0,0,3,3,102.3,High
367175860,INDEPENDENCE,Feeder Container,33.76139,-118.26039,4.1,False,False,2026-09-24 18:23:55.648845+00:00,2026-09-24,9,3,39,2026,Feeder Container,TraPac,Ningbo,2250.0,0.9,2.0,0,95.0,1,0,0,3,4,102.5,High
368457180,EL ESCUDO           ,Feeder Container,33.71415,-118.25634,10.4,True,False,2026-09-25 18:28:41.014181+00:00,2026-09-25,9,4,39,2026,Feeder Container,TraPac,Busan,2250.0,0.9,2.0,0,95.0,1,0,0,3,0,101.9,High
367006770,ROBYN J,Feeder Container,33.72254,-118.26965,7.0,False,False,2026-09-25 18:28:41.014181+00:00,2026-09-25,9,4,39,2026,Feeder Container,TraPac,Singapore,2250.0,0.9,2.0,0,95.0,1,0,0,3,7,102.3,High
367550000,SHANNON             ,Feeder Container,33.74548,-118.22487,0.0,False,False,2026-09-25 18:28:41.014181+00:00,2026-09-25,9,4,39,2026,Feeder Container,Yang Ming,Manila,2250.0,0.9,2.0,0,95.0,1,0,0,4,3,102.3,High
367507960,DB SALTA VERDE      ,Feeder Container,33.7538,-118.22387,0.0,False,False,2026-09-25 18:28:41.014181+00:00,2026-09-25,9,4,39,2026,Feeder Container,Yang Ming,Ningbo,2250.0,0.9,2.0,0,95.0,1,0,0,4,4,102.5,High
366979370,EDITH FOSS          ,Feeder Container,33.77055,-118.21254,0.0,False,False,2026-09-25 18:28:41.014181+00:00,2026-09-25,9,4,39,2026,Feeder Container,Yang Ming,Shenzhen,2250.0,0.9,2.0,0,95.0,1,0,0,4,6,102.4,High
367396670,Z-THREE             ,Feeder Container,33.76369,-118.257,0.0,False,False,2026-09-25 18:28:41.014181+00:00,2026-09-25,9,4,39,2026,Feeder Container,TraPac,Busan,2250.0,0.9,2.0,0,95.0,1,0,0,3,0,101.9,High
368136950,HERCULES            ,Feeder Container,33.72803,-118.27398,0.0,False,False,2026-09-25 18:28:41.014181+00:00,2026-09-25,9,4,39,2026,Feeder Container,TraPac,Taipei,2250.0,0.9,2.0,0,95.0,1,0,0,3,8,102.2,High
367580930,TRIUMPHANT          ,Feeder Container,33.76243,-118.1954,0.0,False,False,2026-09-25 18:28:41.014181+00:00,2026-09-25,9,4,39,2026,Feeder Container,Everport,Singapore,2250.0,0.9,2.0,0,95.0,1,0,0,2,7,102.3,High
367004260,CABRILLO            ,Feeder Container,33.73411,-118.26856,0.0,False,False,2026-09-25 18:28:41.014181+00:00,2026-09-25,9,4,39,2026,Feeder Container,TraPac,Shanghai,2250.0,0.9,2.0,0,95.0,1,0,0,3,5,102.4,High
367754810,S BASS              ,Feeder Container,33.72488,-118.21956,0.0,False,False,2026-09-25 18:28:41.014181+00:00,2026-09-25,9,4,39,2026,Feeder Container,Yang Ming,Taipei,2250.0,0.9,2.0,0,95.0,1,0,0,4,8,102.2,High
636020916,PACIFIC RUBY        ,Feeder Container,33.7334,-118.2212,0.0,False,False,2026-09-25 18:28:41.014181+00:00,2026-09-25,9,4,39,2026,Feeder Container,Yang Ming,Jakarta,2250.0,0.9,2.0,0,95.0,1,0,0,4,2,102.3,High
311000111,PEGASUS VOYAGER,Feeder Container,33.72962,-118.1583,0.1,False,False,2026-09-25 18:28:41.014181+00:00,2026-09-25,9,4,39,2026,Feeder Container,China Shipping,Tokyo,2250.0,0.9,2.0,0,95.0,1,0,0,1,9,102.2,High
367704150,KRISTINA            ,Feeder Container,33.76225,-118.19549,0.0,False,False,2026-09-25 18:28:41.014181+00:00,2026-09-25,9,4,39,2026,Feeder Container,Everport,Busan,2250.0,0.9,2.0,0,95.0,1,0,0,2,0,101.9,High
368164540,,Feeder Container,33.72163,-118.27136,0.1,False,False,2026-09-25 18:28:41.014181+00:00,2026-09-25,9,4,39,2026,Feeder Container,TraPac,Shenzhen,2250.0,0.9,2.0,0,95.0,1,0,0,3,6,102.4,High
368088820,MORTY               ,Feeder Container,33.74891,-118.23096,0.1,False,False,2026-09-25 18:28:41.014181+00:00,2026-09-25,9,4,39,2026,Feeder Container,Yang Ming,Shanghai,2250.0,0.9,2.0,0,95.0,1,0,0,4,5,102.4,High
368226970,LA FIREBOAT 2       ,Feeder Container,33.73435,-118.26832,0.0,False,False,2026-09-25 18:28:41.014181+00:00,2026-09-25,9,4,39,2026,Feeder Container,TraPac,Singapore,2250.0,0.9,2.0,0,95.0,1,0,0,3,7,102.3,High
367616090,SEA FORCE           ,Feeder Container,33.77,-118.21246,0.0,False,False,2026-09-25 18:28:41.014181+00:00,2026-09-25,9,4,39,2026,Feeder Container,Yang Ming,Ningbo,2250.0,0.9,2.0,0,95.0,1,0,0,4,4,102.5,High
366998840,MILLENIUM MAVERICK  ,Feeder Container,33.76393,-118.25682,0.0,False,False,2026-09-25 18:28:41.014181+00:00,2026-09-25,9,4,39,2026,Feeder Container,TraPac,Busan,2250.0,0.9,2.0,0,95.0,1,0,0,3,0,101.9,High
368010330,LILLIAN FOSS        ,Feeder Container,33.75159,-118.21851,6.5,False,False,2026-09-25 18:28:41.014181+00:00,2026-09-25,9,4,39,2026,Feeder Container,Yang Ming,Manila,2250.0,0.9,2.0,0,95.0,1,0,0,4,3,102.3,High
368024740,LB PILOT BOAT  ORION,Feeder Container,33.74759,-118.21576,0.0,False,False,2026-09-25 18:28:41.014181+00:00,2026-09-25,9,4,39,2026,Feeder Container,Yang Ming,Singapore,2250.0,0.9,2.0,0,95.0,1,0,0,4,7,102.3,High
368032550,IBIZA,Feeder Container,33.73207,-118.19257,6.9,False,False,2026-09-25 18:28:41.014181+00:00,2026-09-25,9,4,39,2026,Feeder Container,Everport,Hong Kong,2250.0,0.9,2.0,0,95.0,1,0,0,2,1,102.3,High
477136800,COSCO KAOHSIUNG     ,Feeder Container,33.73682,-118.19285,0.0,False,False,2026-09-25 18:28:41.014181+00:00,2026-09-25,9,4,39,2026,Feeder Container,Everport,Taipei,2250.0,0.9,2.0,0,95.0,1,0,0,2,8,102.2,High
368431790,OCEAN WARRIOR       ,Feeder Container,33.7351,-118.27105,0.0,False,False,2026-09-25 18:28:41.014181+00:00,2026-09-25,9,4,39,2026,Feeder Container,TraPac,Shanghai,2250.0,0.9,2.0,0,95.0,1,0,0,3,5,102.4,High
636024299,HMM PEARL           ,Feeder Container,33.74376,-118.19467,0.0,False,False,2026-09-25 18:28:41.014181+00:00,2026-09-25,9,4,39,2026,Feeder Container,Everport,Manila,2250.0,0.9,2.0,0,95.0,1,0,0,2,3,102.3,High
338110000,LOUISIANA           ,Feeder Container,33.77577,-118.21234,0.0,False,False,2026-09-25 18:28:41.014181+00:00,2026-09-25,9,4,39,2026,Feeder Container,Yang Ming,Jakarta,2250.0,0.9,2.0,0,95.0,1,0,0,4,2,102.3,High
367565520,LANA                ,Feeder Container,33.75612,-118.21778,8.2,False,False,2026-09-25 18:28:41.014181+00:00,2026-09-25,9,4,39,2026,Feeder Container,Yang Ming,Taipei,2250.0,0.9,2.0,0,95.0,1,0,0,4,8,102.2,High
538006313,SEAWAYS CAPE HENRY,Feeder Container,33.68433,-118.13712,0.0,False,False,2026-09-25 18:28:41.014181+00:00,2026-09-25,9,4,39,2026,Feeder Container,China Shipping,Manila,2250.0,0.9,2.0,0,95.0,1,0,0,1,3,102.3,High
367366670,VULCAN              ,Feeder Container,33.72466,-118.21957,0.2,False,False,2026-09-25 18:28:41.014181+00:00,2026-09-25,9,4,39,2026,Feeder Container,Yang Ming,Shanghai,2250.0,0.9,2.0,0,95.0,1,0,0,4,5,102.4,High
366951720,ELMER M             ,Feeder Container,33.75315,-118.22018,0.0,False,False,2026-09-25 18:28:41.014181+00:00,2026-09-25,9,4,39,2026,Feeder Container,Yang Ming,Hong Kong,2250.0,0.9,2.0,0,95.0,1,0,0,4,1,102.3,High
367672140,MAURETANIA          ,Feeder Container,33.72353,-118.28044,0.0,False,False,2026-09-25 18:28:41.014181+00:00,2026-09-25,9,4,39,2026,Feeder Container,APM Terminals,Hong Kong,2250.0,0.9,2.0,0,95.0,1,0,0,0,1,102.3,High
368171390,BROOKS M HAMILTON   ,Feeder Container,33.74788,-118.20754,3.1,False,False,2026-09-25 18:28:41.014181+00:00,2026-09-25,9,4,39,2026,Feeder Container,Yang Ming,Manila,2250.0,0.9,2.0,0,95.0,1,0,0,4,3,102.3,High
366886630,EXY JOHNSON,Feeder Container,33.73654,-118.27791,0.0,False,False,2026-09-25 18:28:41.014181+00:00,2026-09-25,9,4,39,2026,Feeder Container,TraPac,Ningbo,2250.0,0.9,2.0,0,95.0,1,0,0,3,4,102.5,High
431522000,ONE MAXIM           ,Feeder Container,33.76066,-118.27344,0.0,False,False,2026-09-25 18:28:41.014181+00:00,2026-09-25,9,4,39,2026,Feeder Container,TraPac,Manila,2250.0,0.9,2.0,0,95.0,1,0,0,3,3,102.3,High
367748970,BECKY T             ,Feeder Container,33.74902,-118.23088,0.1,False,False,2026-09-25 18:28:41.014181+00:00,2026-09-25,9,4,39,2026,Feeder Container,Yang Ming,Manila,2250.0,0.9,2.0,0,95.0,1,0,0,4,3,102.3,High
368084540,DELTA TERESA        ,Feeder Container,33.73989,-118.27818,0.0,False,False,2026-09-25 18:28:41.014181+00:00,2026-09-25,9,4,39,2026,Feeder Container,TraPac,Shanghai,2250.0,0.9,2.0,0,95.0,1,0,0,3,5,102.4,High
367513170,LASSEN              ,Feeder Container,33.75298,-118.22353,0.0,False,False,2026-09-25 18:28:41.014181+00:00,2026-09-25,9,4,39,2026,Feeder Container,Yang Ming,Manila,2250.0,0.9,2.0,0,95.0,1,0,0,4,3,102.3,High
636024289,PELICAN I,Large Container,33.76654,-118.27364,0.0,False,False,2026-09-25 18:28:41.014181+00:00,2026-09-25,9,4,39,2026,Large Container,TraPac,Shanghai,10800.0,0.9,2.0,0,95.0,1,0,1,3,5,102.5,High
366760650,LEADER              ,Feeder Container,33.7751,-118.21349,0.0,False,False,2026-09-25 18:28:41.014181+00:00,2026-09-25,9,4,39,2026,Feeder Container,Yang Ming,Shenzhen,2250.0,0.9,2.0,0,95.0,1,0,0,4,6,102.4,High
367044560,PILOT BOAT BANNING  ,Feeder Container,33.76278,-118.26561,0.1,False,False,2026-09-25 18:28:41.014181+00:00,2026-09-25,9,4,39,2026,Feeder Container,TraPac,Taipei,2250.0,0.9,2.0,0,95.0,1,0,0,3,8,102.2,High
367034960,PONO                ,Feeder Container,33.76745,-118.21698,0.0,False,False,2026-09-25 18:28:41.014181+00:00,2026-09-25,9,4,39,2026,Feeder Container,Yang Ming,Singapore,2250.0,0.9,2.0,0,95.0,1,0,0,4,7,102.3,High
367724740,LA ESPADA ,Feeder Container,33.74459,-118.1816,17.1,False,False,2026-09-25 18:28:41.014181+00:00,2026-09-25,9,4,39,2026,Feeder Container,Everport,Taipei,2250.0,0.9,2.0,0,95.0,1,0,0,2,8,102.2,High
366562000,MANOA               ,Feeder Container,33.76903,-118.2191,0.0,False,False,2026-09-25 18:28:41.014181+00:00,2026-09-25,9,4,39,2026,Feeder Container,Yang Ming,Ningbo,2250.0,0.9,2.0,0,95.0,1,0,0,4,4,102.5,High
441058000,HMM MIR             ,Feeder Container,33.73357,-118.24343,0.0,False,False,2026-09-25 18:28:41.014181+00:00,2026-09-25,9,4,39,2026,Feeder Container,TraPac,Shanghai,2250.0,0.9,2.0,0,95.0,1,0,0,3,5,102.4,High
338926430,CGC ROBERT WARD,Feeder Container,33.72499,-118.26926,0.0,False,False,2026-09-25 18:28:41.014181+00:00,2026-09-25,9,4,39,2026,Feeder Container,TraPac,Manila,2250.0,0.9,2.0,0,95.0,1,0,0,3,3,102.3,High
477946000,OOCL ROTTERDAM      ,Feeder Container,33.76017,-118.21424,0.0,False,False,2026-09-25 18:28:41.014181+00:00,2026-09-25,9,4,39,2026,Feeder Container,Yang Ming,Manila,2250.0,0.9,2.0,0,95.0,1,0,0,4,3,102.3,High
369008000,ELIZABETH ANNE      ,Feeder Container,33.76526,-118.2212,6.8,False,False,2026-09-25 18:28:41.014181+00:00,2026-09-25,9,4,39,2026,Feeder Container,Yang Ming,Hong Kong,2250.0,0.9,2.0,0,95.0,1,0,0,4,1,102.3,High
368133450,DARRELL HIATT       ,Feeder Container,33.73314,-118.26777,0.0,False,False,2026-09-25 18:28:41.014181+00:00,2026-09-25,9,4,39,2026,Feeder Container,TraPac,Jakarta,2250.0,0.9,2.0,0,95.0,1,0,0,3,2,102.3,High
368024740,LB PILOT BOAT  ORION,Feeder Container,33.74759,-118.21575,0.0,False,False,2026-09-26 17:44:16.714184+00:00,2026-09-26,9,5,39,2026,Feeder Container,Yang Ming,Taipei,2250.0,0.9,2.0,0,95.0,1,1,0,4,8,102.3,High
368165820,V.A.POINT FERMIN,Feeder Container,33.72348,-118.28054,0.0,False,False,2026-09-26 17:44:16.714184+00:00,2026-09-26,9,5,39,2026,Feeder Container,APM Terminals,Hong Kong,2250.0,0.9,2.0,0,95.0,1,1,0,0,1,102.3,High
367672140,MAURETANIA          ,Feeder Container,33.72355,-118.28044,0.0,False,False,2026-09-26 17:44:16.714184+00:00,2026-09-26,9,5,39,2026,Feeder Container,APM Terminals,Shanghai,2250.0,0.9,2.0,0,95.0,1,1,0,0,5,102.4,High
367192970,CAT EXPRESS         ,Feeder Container,33.70879,-118.24761,23.4,True,False,2026-09-26 17:44:16.714184+00:00,2026-09-26,9,5,39,2026,Feeder Container,TraPac,Manila,2250.0,0.9,2.0,0,95.0,1,1,0,3,3,102.3,High
367017440,PIPER INNESS,Feeder Container,33.77085,-118.2117,0.0,False,False,2026-09-26 17:44:16.714184+00:00,2026-09-26,9,5,39,2026,Feeder Container,Yang Ming,Shanghai,2250.0,0.9,2.0,0,95.0,1,1,0,4,5,102.4,High
368164540,ANGELS NAVIGATOR    ,Feeder Container,33.72161,-118.27134,0.1,False,False,2026-09-26 17:44:16.714184+00:00,2026-09-26,9,5,39,2026,Feeder Container,TraPac,Busan,2250.0,0.9,2.0,0,95.0,1,1,0,3,0,101.9,High
367192940,AVALON EXPRESS,Feeder Container,33.74871,-118.27391,0.0,False,False,2026-09-26 17:44:16.714184+00:00,2026-09-26,9,5,39,2026,Feeder Container,TraPac,Ningbo,2250.0,0.9,2.0,0,95.0,1,1,0,3,4,102.5,High
368171260,MADELINE B HAMILTON ,Feeder Container,33.7361,-118.16794,7.2,False,False,2026-09-26 17:44:16.714184+00:00,2026-09-26,9,5,39,2026,Feeder Container,Everport,Jakarta,2250.0,0.9,2.0,0,95.0,1,1,0,2,2,102.3,High
367366670,VULCAN              ,Feeder Container,33.72451,-118.21991,0.2,False,False,2026-09-26 17:44:16.714184+00:00,2026-09-26,9,5,39,2026,Feeder Container,Yang Ming,Busan,2250.0,0.9,2.0,0,95.0,1,1,0,4,0,101.9,High
367569830,BARBARA J MULHOLLAND,Feeder Container,33.76358,-118.25691,0.0,False,False,2026-09-26 17:44:16.714184+00:00,2026-09-26,9,5,39,2026,Feeder Container,TraPac,Hong Kong,2250.0,0.9,2.0,0,95.0,1,1,0,3,1,102.3,High
368431790,OCEAN WARRIOR       ,Feeder Container,33.73513,-118.27109,0.0,False,False,2026-09-26 17:44:16.714184+00:00,2026-09-26,9,5,39,2026,Feeder Container,TraPac,Manila,2250.0,0.9,2.0,0,95.0,1,1,0,3,3,102.3,High
368136950,HERCULES            ,Feeder Container,33.77293,-118.21795,0.0,False,False,2026-09-26 17:44:16.714184+00:00,2026-09-26,9,5,39,2026,Feeder Container,Yang Ming,Tokyo,2250.0,0.9,2.0,0,95.0,1,1,0,4,9,102.3,High
367006790,VICKI ANN           ,Feeder Container,33.73275,-118.27285,0.0,False,False,2026-09-26 17:44:16.714184+00:00,2026-09-26,9,5,39,2026,Feeder Container,TraPac,Singapore,2250.0,0.9,2.0,0,95.0,1,1,0,3,7,102.3,High
368457180,EL ESCUDO           ,Feeder Container,33.73452,-118.27609,7.8,False,False,2026-09-26 17:44:16.714184+00:00,2026-09-26,9,5,39,2026,Feeder Container,TraPac,Jakarta,2250.0,0.9,2.0,0,95.0,1,1,0,3,2,102.3,High
366760650,LEADER              ,Feeder Container,33.74024,-118.2781,0.0,False,False,2026-09-26 17:44:16.714184+00:00,2026-09-26,9,5,39,2026,Feeder Container,TraPac,Ningbo,2250.0,0.9,2.0,0,95.0,1,1,0,3,4,102.5,High
431522000,ONE MAXIM           ,Feeder Container,33.7606,-118.27349,0.0,False,False,2026-09-26 17:44:16.714184+00:00,2026-09-26,9,5,39,2026,Feeder Container,TraPac,Tokyo,2250.0,0.9,2.0,0,95.0,1,1,0,3,9,102.3,High
367034960,PONO                ,Feeder Container,33.76744,-118.21697,0.0,False,False,2026-09-26 17:44:16.714184+00:00,2026-09-26,9,5,39,2026,Feeder Container,Yang Ming,Shanghai,2250.0,0.9,2.0,0,95.0,1,1,0,4,5,102.4,High
368133450,DARRELL HIATT       ,Feeder Container,33.73316,-118.26778,0.1,False,False,2026-09-26 17:44:16.714184+00:00,2026-09-26,9,5,39,2026,Feeder Container,TraPac,Ningbo,2250.0,0.9,2.0,0,95.0,1,1,0,3,4,102.5,High
368418560,WENDY JO            ,Feeder Container,33.77092,-118.21394,0.0,False,False,2026-09-26 17:44:16.714184+00:00,2026-09-26,9,5,39,2026,Feeder Container,Yang Ming,Hong Kong,2250.0,0.9,2.0,0,95.0,1,1,0,4,1,102.3,High
367754810,S BASS              ,Feeder Container,33.72473,-118.21991,0.0,False,False,2026-09-26 17:44:16.714184+00:00,2026-09-26,9,5,39,2026,Feeder Container,Yang Ming,Shenzhen,2250.0,0.9,2.0,0,95.0,1,1,0,4,6,102.4,High
477946000,OOCL ROTTERDAM      ,Feeder Container,33.76009,-118.21419,0.0,False,False,2026-09-26 17:44:16.714184+00:00,2026-09-26,9,5,39,2026,Feeder Container,Yang Ming,Shenzhen,2250.0,0.9,2.0,0,95.0,1,1,0,4,6,102.4,High
636015880,ALMI ODYSSEY        ,Feeder Container,33.73658,-118.16356,0.0,False,False,2026-09-26 17:44:16.714184+00:00,2026-09-26,9,5,39,2026,Feeder Container,Everport,Busan,2250.0,0.9,2.0,0,95.0,1,1,0,2,0,101.9,High
367104040,KNOX T              ,Feeder Container,33.73478,-118.27082,0.2,False,False,2026-09-26 17:44:16.714184+00:00,2026-09-26,9,5,39,2026,Feeder Container,TraPac,Hong Kong,2250.0,0.9,2.0,0,95.0,1,1,0,3,1,102.3,High
311001167,BRILLIANT LADY,Feeder Container,33.74755,-118.27581,0.0,False,False,2026-09-26 17:44:16.714184+00:00,2026-09-26,9,5,39,2026,Feeder Container,TraPac,Busan,2250.0,0.9,2.0,0,95.0,1,1,0,3,0,101.9,High
366926740,TIM QUIGG,Feeder Container,33.76373,-118.25673,0.0,False,False,2026-09-26 17:44:16.714184+00:00,2026-09-26,9,5,39,2026,Feeder Container,TraPac,Shanghai,2250.0,0.9,2.0,0,95.0,1,1,0,3,5,102.4,High
367724740,LA ESPADA ,Feeder Container,33.73946,-118.27868,0.0,False,False,2026-09-26 17:44:16.714184+00:00,2026-09-26,9,5,39,2026,Feeder Container,TraPac,Singapore,2250.0,0.9,2.0,0,95.0,1,1,0,3,7,102.3,High
258724000,CHAMPION PULA,Feeder Container,33.68263,-118.1958,10.1,True,False,2026-09-26 17:44:16.714184+00:00,2026-09-26,9,5,39,2026,Feeder Container,Everport,Ningbo,2250.0,0.9,2.0,0,95.0,1,1,0,2,4,102.5,High
368121190,ASSIST SEAL BEACH   ,Feeder Container,33.74208,-118.13472,5.5,False,False,2026-09-26 17:44:16.714184+00:00,2026-09-26,9,5,39,2026,Feeder Container,China Shipping,Busan,2250.0,0.9,2.0,0,95.0,1,1,0,1,0,101.9,High
367513170,LASSEN              ,Feeder Container,33.74348,-118.19984,0.0,False,False,2026-09-26 17:44:16.714184+00:00,2026-09-26,9,5,39,2026,Feeder Container,Everport,Shenzhen,2250.0,0.9,2.0,0,95.0,1,1,0,2,6,102.4,High
367044560,PILOT BOAT BANNING  ,Feeder Container,33.76277,-118.26564,0.0,False,False,2026-09-26 17:44:16.714184+00:00,2026-09-26,9,5,39,2026,Feeder Container,TraPac,Taipei,2250.0,0.9,2.0,0,95.0,1,1,0,3,8,102.3,High
367019310,QUIN DELTA          ,Feeder Container,33.73098,-118.2367,0.0,False,False,2026-09-26 17:44:16.714184+00:00,2026-09-26,9,5,39,2026,Feeder Container,Yang Ming,Shanghai,2250.0,0.9,2.0,0,95.0,1,1,0,4,5,102.4,High
636016318,VSC CASTOR          ,Feeder Container,33.72858,-118.23002,0.1,False,False,2026-09-26 17:44:16.714184+00:00,2026-09-26,9,5,39,2026,Feeder Container,Yang Ming,Shenzhen,2250.0,0.9,2.0,0,95.0,1,1,0,4,6,102.4,High
367748970,BECKY T             ,Feeder Container,33.75282,-118.22368,0.3,False,False,2026-09-26 17:44:16.714184+00:00,2026-09-26,9,5,39,2026,Feeder Container,Yang Ming,Shanghai,2250.0,0.9,2.0,0,95.0,1,1,0,4,5,102.4,High
368226970,LA FIREBOAT 2       ,Feeder Container,33.74056,-118.27841,0.0,False,False,2026-09-26 17:44:16.714184+00:00,2026-09-26,9,5,39,2026,Feeder Container,TraPac,Hong Kong,2250.0,0.9,2.0,0,95.0,1,1,0,3,1,102.3,High
367616090,SEA FORCE           ,Feeder Container,33.77,-118.21257,0.0,False,False,2026-09-26 17:44:16.714184+00:00,2026-09-26,9,5,39,2026,Feeder Container,Yang Ming,Taipei,2250.0,0.9,2.0,0,95.0,1,1,0,4,8,102.3,High
367175860,INDEPENDENCE,Feeder Container,33.72875,-118.27517,0.0,False,False,2026-09-26 17:44:16.714184+00:00,2026-09-26,9,5,39,2026,Feeder Container,TraPac,Singapore,2250.0,0.9,2.0,0,95.0,1,1,0,3,7,102.3,High
367133910,FIREBOAT 4          ,Feeder Container,33.76397,-118.25551,102.3,False,False,2026-09-26 17:44:16.714184+00:00,2026-09-26,9,5,39,2026,Feeder Container,TraPac,Busan,2250.0,0.9,2.0,0,95.0,1,1,0,3,0,101.9,High
